{"exact_10000": 52.63157894736842, "f1_10000": 66.11511490297697, "total_10000": 4028, "HasAns_exact_10000": 52.63157894736842, "HasAns_f1_10000": 66.11511490297697, "HasAns_total_10000": 4028, "exact_100000": 58.19265143992055, "f1_100000": 71.34570928822416, "total_100000": 4028, "HasAns_exact_100000": 58.19265143992055, "HasAns_f1_100000": 71.34570928822416, "HasAns_total_100000": 4028, "exact_102000": 58.76365441906653, "f1_102000": 71.6630656373622, "total_102000": 4028, "HasAns_exact_102000": 58.76365441906653, "HasAns_f1_102000": 71.6630656373622, "HasAns_total_102000": 4028, "exact_104000": 58.06852035749752, "f1_104000": 71.31805758960992, "total_104000": 4028, "HasAns_exact_104000": 58.06852035749752, "HasAns_f1_104000": 71.31805758960992, "HasAns_total_104000": 4028, "exact_106000": 58.29195630585899, "f1_106000": 71.6635641808343, "total_106000": 4028, "HasAns_exact_106000": 58.29195630585899, "HasAns_f1_106000": 71.6635641808343, "HasAns_total_106000": 4028, "exact_108000": 58.217477656405165, "f1_108000": 71.55729189481046, "total_108000": 4028, "HasAns_exact_108000": 58.217477656405165, "HasAns_f1_108000": 71.55729189481046, "HasAns_total_108000": 4028, "exact_110000": 58.06852035749752, "f1_110000": 71.40144228186664, "total_110000": 4028, "HasAns_exact_110000": 58.06852035749752, "HasAns_f1_110000": 71.40144228186664, "HasAns_total_110000": 4028, "exact_112000": 58.29195630585899, "f1_112000": 71.566716882573, "total_112000": 4028, "HasAns_exact_112000": 58.29195630585899, "HasAns_f1_112000": 71.566716882573, "HasAns_total_112000": 4028, "exact_114000": 58.29195630585899, "f1_114000": 71.67273771830654, "total_114000": 4028, "HasAns_exact_114000": 58.29195630585899, "HasAns_f1_114000": 71.67273771830654, "HasAns_total_114000": 4028, "exact_116000": 58.36643495531281, "f1_116000": 71.70067273084446, "total_116000": 4028, "HasAns_exact_116000": 58.36643495531281, "HasAns_f1_116000": 71.70067273084446, "HasAns_total_116000": 4028, "exact_12000": 52.53227408142999, "f1_12000": 65.3784105533125, "total_12000": 4028, "HasAns_exact_12000": 52.53227408142999, "HasAns_f1_12000": 65.3784105533125, "HasAns_total_12000": 4028, "exact_14000": 53.05362462760675, "f1_14000": 65.88970374296504, "total_14000": 4028, "HasAns_exact_14000": 53.05362462760675, "HasAns_f1_14000": 65.88970374296504, "HasAns_total_14000": 4028, "exact_16000": 52.85501489572989, "f1_16000": 66.27772607205245, "total_16000": 4028, "HasAns_exact_16000": 52.85501489572989, "HasAns_f1_16000": 66.27772607205245, "HasAns_total_16000": 4028, "exact_18000": 51.34061569016882, "f1_18000": 64.7503733300779, "total_18000": 4028, "HasAns_exact_18000": 51.34061569016882, "HasAns_f1_18000": 64.7503733300779, "HasAns_total_18000": 4028, "exact_2000": 47.91459781529295, "f1_2000": 61.57695222280147, "total_2000": 4028, "HasAns_exact_2000": 47.91459781529295, "HasAns_f1_2000": 61.57695222280147, "HasAns_total_2000": 4028, "exact_20000": 53.77358490566038, "f1_20000": 67.11322786640109, "total_20000": 4028, "HasAns_exact_20000": 53.77358490566038, "HasAns_f1_20000": 67.11322786640109, "HasAns_total_20000": 4028, "exact_22000": 54.1708043694141, "f1_22000": 67.42141211346959, "total_22000": 4028, "HasAns_exact_22000": 54.1708043694141, "HasAns_f1_22000": 67.42141211346959, "HasAns_total_22000": 4028, "exact_24000": 54.22045680238332, "f1_24000": 67.51862695336247, "total_24000": 4028, "HasAns_exact_24000": 54.22045680238332, "HasAns_f1_24000": 67.51862695336247, "HasAns_total_24000": 4028, "exact_26000": 55.26315789473684, "f1_26000": 68.0448282562641, "total_26000": 4028, "HasAns_exact_26000": 55.26315789473684, "HasAns_f1_26000": 68.0448282562641, "HasAns_total_26000": 4028, "exact_28000": 54.369414101290964, "f1_28000": 67.27981113219404, "total_28000": 4028, "HasAns_exact_28000": 54.369414101290964, "HasAns_f1_28000": 67.27981113219404, "HasAns_total_28000": 4028, "exact_30000": 55.36246276067527, "f1_30000": 67.67160318570289, "total_30000": 4028, "HasAns_exact_30000": 55.36246276067527, "HasAns_f1_30000": 67.67160318570289, "HasAns_total_30000": 4028, "exact_32000": 55.06454816285998, "f1_32000": 68.52740727382931, "total_32000": 4028, "HasAns_exact_32000": 55.06454816285998, "HasAns_f1_32000": 68.52740727382931, "HasAns_total_32000": 4028, "exact_34000": 54.84111221449851, "f1_34000": 68.09349035029365, "total_34000": 4028, "HasAns_exact_34000": 54.84111221449851, "HasAns_f1_34000": 68.09349035029365, "HasAns_total_34000": 4028, "exact_36000": 55.660377358490564, "f1_36000": 69.20526722371575, "total_36000": 4028, "HasAns_exact_36000": 55.660377358490564, "HasAns_f1_36000": 69.20526722371575, "HasAns_total_36000": 4028, "exact_38000": 54.51837140019861, "f1_38000": 67.9388578304441, "total_38000": 4028, "HasAns_exact_38000": 54.51837140019861, "HasAns_f1_38000": 67.9388578304441, "HasAns_total_38000": 4028, "exact_4000": 50.52135054617676, "f1_4000": 63.13764550125729, "total_4000": 4028, "HasAns_exact_4000": 50.52135054617676, "HasAns_f1_4000": 63.13764550125729, "HasAns_total_4000": 4028, "exact_40000": 54.890764647467726, "f1_40000": 67.93598842354658, "total_40000": 4028, "HasAns_exact_40000": 54.890764647467726, "HasAns_f1_40000": 67.93598842354658, "HasAns_total_40000": 4028, "exact_42000": 55.85898709036743, "f1_42000": 69.2123623331, "total_42000": 4028, "HasAns_exact_42000": 55.85898709036743, "HasAns_f1_42000": 69.2123623331, "HasAns_total_42000": 4028, "exact_44000": 56.75273088381331, "f1_44000": 69.44677273599449, "total_44000": 4028, "HasAns_exact_44000": 56.75273088381331, "HasAns_f1_44000": 69.44677273599449, "HasAns_total_44000": 4028, "exact_46000": 56.52929493545184, "f1_46000": 69.64582704769563, "total_46000": 4028, "HasAns_exact_46000": 56.52929493545184, "HasAns_f1_46000": 69.64582704769563, "HasAns_total_46000": 4028, "exact_48000": 56.802383316782525, "f1_48000": 69.7989324625337, "total_48000": 4028, "HasAns_exact_48000": 56.802383316782525, "HasAns_f1_48000": 69.7989324625337, "HasAns_total_48000": 4028, "exact_50000": 57.72095332671301, "f1_50000": 70.2725706315699, "total_50000": 4028, "HasAns_exact_50000": 57.72095332671301, "HasAns_f1_50000": 70.2725706315699, "HasAns_total_50000": 4028, "exact_52000": 56.976166832174776, "f1_52000": 70.34766758190688, "total_52000": 4028, "HasAns_exact_52000": 56.976166832174776, "HasAns_f1_52000": 70.34766758190688, "HasAns_total_52000": 4028, "exact_54000": 56.75273088381331, "f1_54000": 69.62184336120535, "total_54000": 4028, "HasAns_exact_54000": 56.75273088381331, "HasAns_f1_54000": 69.62184336120535, "HasAns_total_54000": 4028, "exact_56000": 56.47964250248262, "f1_56000": 70.22521216774872, "total_56000": 4028, "HasAns_exact_56000": 56.47964250248262, "HasAns_f1_56000": 70.22521216774872, "HasAns_total_56000": 4028, "exact_58000": 57.22442899702085, "f1_58000": 70.12965695789673, "total_58000": 4028, "HasAns_exact_58000": 57.22442899702085, "HasAns_f1_58000": 70.12965695789673, "HasAns_total_58000": 4028, "exact_6000": 51.01787487586892, "f1_6000": 63.31516628121925, "total_6000": 4028, "HasAns_exact_6000": 51.01787487586892, "HasAns_f1_6000": 63.31516628121925, "HasAns_total_6000": 4028, "exact_60000": 56.82720953326713, "f1_60000": 70.09715231538433, "total_60000": 4028, "HasAns_exact_60000": 56.82720953326713, "HasAns_f1_60000": 70.09715231538433, "HasAns_total_60000": 4028, "exact_62000": 57.91956305858987, "f1_62000": 70.12758579492886, "total_62000": 4028, "HasAns_exact_62000": 57.91956305858987, "HasAns_f1_62000": 70.12758579492886, "HasAns_total_62000": 4028, "exact_64000": 56.405163853028796, "f1_64000": 69.64018183545103, "total_64000": 4028, "HasAns_exact_64000": 56.405163853028796, "HasAns_f1_64000": 69.64018183545103, "HasAns_total_64000": 4028, "exact_66000": 57.12512413108242, "f1_66000": 70.45859191066982, "total_66000": 4028, "HasAns_exact_66000": 57.12512413108242, "HasAns_f1_66000": 70.45859191066982, "HasAns_total_66000": 4028, "exact_68000": 57.39821251241311, "f1_68000": 70.09156384839874,