{"exact": 61.66832174776564, "f1": 74.13877495401488, "total": 4028, "HasAns_exact": 61.66832174776564, "HasAns_f1": 74.13877495401488, "HasAns_total": 4028}