{"exact_10000": 55.08937437934459, "f1_10000": 66.35056807280931, "total_10000": 4028, "HasAns_exact_10000": 55.08937437934459, "HasAns_f1_10000": 66.35056807280931, "HasAns_total_10000": 4028, "exact_100000": 59.731876861966235, "f1_100000": 70.62866398375661, "total_100000": 4028, "HasAns_exact_100000": 59.731876861966235, "HasAns_f1_100000": 70.62866398375661, "HasAns_total_100000": 4028, "exact_102000": 58.29195630585899, "f1_102000": 69.51420783198542, "total_102000": 4028, "HasAns_exact_102000": 58.29195630585899, "HasAns_f1_102000": 69.51420783198542, "HasAns_total_102000": 4028, "exact_104000": 59.160873882820255, "f1_104000": 69.84819943670838, "total_104000": 4028, "HasAns_exact_104000": 59.160873882820255, "HasAns_f1_104000": 69.84819943670838, "HasAns_total_104000": 4028, "exact_106000": 58.81330685203575, "f1_106000": 69.91523573559382, "total_106000": 4028, "HasAns_exact_106000": 58.81330685203575, "HasAns_f1_106000": 69.91523573559382, "HasAns_total_106000": 4028, "exact_108000": 58.14299900695134, "f1_108000": 69.57637032615432, "total_108000": 4028, "HasAns_exact_108000": 58.14299900695134, "HasAns_f1_108000": 69.57637032615432, "HasAns_total_108000": 4028, "exact_110000": 58.36643495531281, "f1_110000": 69.92793786848482, "total_110000": 4028, "HasAns_exact_110000": 58.36643495531281, "HasAns_f1_110000": 69.92793786848482, "HasAns_total_110000": 4028, "exact_112000": 58.664349553128105, "f1_112000": 69.9585965542255, "total_112000": 4028, "HasAns_exact_112000": 58.664349553128105, "HasAns_f1_112000": 69.9585965542255, "HasAns_total_112000": 4028, "exact_114000": 58.316782522343594, "f1_114000": 69.78386273872562, "total_114000": 4028, "HasAns_exact_114000": 58.316782522343594, "HasAns_f1_114000": 69.78386273872562, "HasAns_total_114000": 4028, "exact_116000": 58.11817279046673, "f1_116000": 69.66184507427973, "total_116000": 4028, "HasAns_exact_116000": 58.11817279046673, "HasAns_f1_116000": 69.66184507427973, "HasAns_total_116000": 4028, "exact_118000": 58.36643495531281, "f1_118000": 69.52059787957901, "total_118000": 4028, "HasAns_exact_118000": 58.36643495531281, "HasAns_f1_118000": 69.52059787957901, "HasAns_total_118000": 4028, "exact_12000": 54.940417080436944, "f1_12000": 66.46881442722763, "total_12000": 4028, "HasAns_exact_12000": 54.940417080436944, "HasAns_f1_12000": 66.46881442722763, "HasAns_total_12000": 4028, "exact_120000": 58.56504468718967, "f1_120000": 69.97342222128964, "total_120000": 4028, "HasAns_exact_120000": 58.56504468718967, "HasAns_f1_120000": 69.97342222128964, "HasAns_total_120000": 4028, "exact_122000": 58.73882820258193, "f1_122000": 69.98247553888426, "total_122000": 4028, "HasAns_exact_122000": 58.73882820258193, "HasAns_f1_122000": 69.98247553888426, "HasAns_total_122000": 4028, "exact_124000": 58.0188679245283, "f1_124000": 69.33706344300953, "total_124000": 4028, "HasAns_exact_124000": 58.0188679245283, "HasAns_f1_124000": 69.33706344300953, "HasAns_total_124000": 4028, "exact_126000": 58.0188679245283, "f1_126000": 69.27319212267152, "total_126000": 4028, "HasAns_exact_126000": 58.0188679245283, "HasAns_f1_126000": 69.27319212267152, "HasAns_total_126000": 4028, "exact_128000": 58.86295928500496, "f1_128000": 70.09390593458008, "total_128000": 4028, "HasAns_exact_128000": 58.86295928500496, "HasAns_f1_128000": 70.09390593458008, "HasAns_total_128000": 4028, "exact_130000": 58.73882820258193, "f1_130000": 70.04492930467066, "total_130000": 4028, "HasAns_exact_130000": 58.73882820258193, "HasAns_f1_130000": 70.04492930467066, "HasAns_total_130000": 4028, "exact_132000": 58.46573982125124, "f1_132000": 69.83606290031558, "total_132000": 4028, "HasAns_exact_132000": 58.46573982125124, "HasAns_f1_132000": 69.83606290031558, "HasAns_total_132000": 4028, "exact_134000": 58.714001986097315, "f1_134000": 70.15075318533201, "total_134000": 4028, "HasAns_exact_134000": 58.714001986097315, "HasAns_f1_134000": 70.15075318533201, "HasAns_total_134000": 4028, "exact_136000": 58.83813306852036, "f1_136000": 70.21214211596227, "total_136000": 4028, "HasAns_exact_136000": 58.83813306852036, "HasAns_f1_136000": 70.21214211596227, "HasAns_total_136000": 4028, "exact_138000": 59.13604766633565, "f1_138000": 70.45141684622054, "total_138000": 4028, "HasAns_exact_138000": 59.13604766633565, "HasAns_f1_138000": 70.45141684622054, "HasAns_total_138000": 4028, "exact_14000": 55.48659384309831, "f1_14000": 66.12757819525196, "total_14000": 4028, "HasAns_exact_14000": 55.48659384309831, "HasAns_f1_14000": 66.12757819525196, "HasAns_total_14000": 4028, "exact_140000": 59.23535253227408, "f1_140000": 70.40812569564388, "total_140000": 4028, "HasAns_exact_140000": 59.23535253227408, "HasAns_f1_140000": 70.40812569564388, "HasAns_total_140000": 4028, "exact_142000": 58.9622641509434, "f1_142000": 70.27759199328796, "total_142000": 4028, "HasAns_exact_142000": 58.9622641509434, "HasAns_f1_142000": 70.27759199328796, "HasAns_total_142000": 4028, "exact_144000": 58.9622641509434, "f1_144000": 70.13799015127623, "total_144000": 4028, "HasAns_exact_144000": 58.9622641509434, "HasAns_f1_144000": 70.13799015127623, "HasAns_total_144000": 4028, "exact_146000": 59.061569016881826, "f1_146000": 70.19549354075393, "total_146000": 4028, "HasAns_exact_146000": 59.061569016881826, "HasAns_f1_146000": 70.19549354075393, "HasAns_total_146000": 4028, "exact_148000": 59.061569016881826, "f1_148000": 70.22616814569545, "total_148000": 4028, "HasAns_exact_148000": 59.061569016881826, "HasAns_f1_148000": 70.22616814569545, "HasAns_total_148000": 4028, "exact_150000": 58.9622641509434, "f1_150000": 70.15489672296896, "total_150000": 4028, "HasAns_exact_150000": 58.9622641509434, "HasAns_f1_150000": 70.15489672296896, "HasAns_total_150000": 4028, "exact_16000": 56.25620655412115, "f1_16000": 68.05666787653539, "total_16000": 4028, "HasAns_exact_16000": 56.25620655412115, "HasAns_f1_16000": 68.05666787653539, "HasAns_total_16000": 4028, "exact_18000": 56.25620655412115, "f1_18000": 67.5187176803547, "total_18000": 4028, "HasAns_exact_18000": 56.25620655412115, "HasAns_f1_18000": 67.5187176803547, "HasAns_total_18000": 4028, "exact_2000": 49.45382323733863, "f1_2000": 60.372778752898874, "total_2000": 4028, "HasAns_exact_2000": 49.45382323733863, "HasAns_f1_2000": 60.372778752898874, "HasAns_total_2000": 4028, "exact_20000": 55.98311817279047, "f1_20000": 66.99275992033384, "total_20000": 4028, "HasAns_exact_20000": 55.98311817279047, "HasAns_f1_20000": 66.99275992033384, "HasAns_total_20000": 4028, "exact_22000": 56.70307845084409, "f1_22000": 67.69129328026175, "total_22000": 4028, "HasAns_exact_22000": 56.70307845084409, "HasAns_f1_22000": 67.69129328026175, "HasAns_total_22000": 4028, "exact_24000": 57.994041708043696, "f1_24000": 68.48389708681812, "total_24000": 4028, "HasAns_exact_24000": 57.994041708043696, "HasAns_f1_24000": 68.48389708681812, "HasAns_total_24000": 4028, "exact_26000": 58.29195630585899, "f1_26000": 69.05897296202355, "total_26000": 4028, "HasAns_exact_26000": 58.29195630585899, "HasAns_f1_26000": 69.05897296202355, "HasAns_total_26000": 4028, "exact_28000": 57.59682224428997, "f1_28000": 68.55950204118501, "total_28000": 4028, "HasAns_exact_28000": 57.59682224428997, "HasAns_f1_28000": 68.55950204118501, "HasAns_total_28000": 4028, "exact_30000": 58.61469712015889, "f1_30000": 69.38252841235035, "total_30000": 4028, "HasAns_exact_30000": 58.61469712015889, "HasAns_f1_30000": 69.38252841235035, "HasAns_total_30000": 4028, "exact_32000": 58.51539225422046, "f1_32000": 69.08659597163805, "total_32000": 4028, "HasAns_exact_32000": 58.51539225422046, "HasAns_f1_32000": 69.08659597163805, "HasAns_total_32000": 4028, "exact_34000": 57.249255213505464, "f1_34000": 68.33908555315807, "total_34000": 4028, "HasAns_exact_34000": 57.249255213505464, "HasAns_f1_34000": 68.33908555315807, "HasAns_total_34000": 4028, "exact_36000": 56.92651439920556, "f1_36000": 68.0765842085762, "total_36000": 4028,