{"exact_10000": 55.06454816285998, "f1_10000": 67.06363492354706, "total_10000": 4028, "HasAns_exact_10000": 55.06454816285998, "HasAns_f1_10000": 67.06363492354706, "HasAns_total_10000": 4028, "exact_100000": 58.490566037735846, "f1_100000": 69.5773052716941, "total_100000": 4028, "HasAns_exact_100000": 58.490566037735846, "HasAns_f1_100000": 69.5773052716941, "HasAns_total_100000": 4028, "exact_102000": 58.664349553128105, "f1_102000": 69.87575911611208, "total_102000": 4028, "HasAns_exact_102000": 58.664349553128105, "HasAns_f1_102000": 69.87575911611208, "HasAns_total_102000": 4028, "exact_104000": 58.9622641509434, "f1_104000": 70.19842243458709, "total_104000": 4028, "HasAns_exact_104000": 58.9622641509434, "HasAns_f1_104000": 70.19842243458709, "HasAns_total_104000": 4028, "exact_106000": 58.83813306852036, "f1_106000": 70.31435044693055, "total_106000": 4028, "HasAns_exact_106000": 58.83813306852036, "HasAns_f1_106000": 70.31435044693055, "HasAns_total_106000": 4028, "exact_108000": 58.987090367428, "f1_108000": 70.04597535859612, "total_108000": 4028, "HasAns_exact_108000": 58.987090367428, "HasAns_f1_108000": 70.04597535859612, "HasAns_total_108000": 4028, "exact_110000": 58.714001986097315, "f1_110000": 70.34823783207278, "total_110000": 4028, "HasAns_exact_110000": 58.714001986097315, "HasAns_f1_110000": 70.34823783207278, "HasAns_total_110000": 4028, "exact_112000": 60.02979145978153, "f1_112000": 70.63105241033503, "total_112000": 4028, "HasAns_exact_112000": 60.02979145978153, "HasAns_f1_112000": 70.63105241033503, "HasAns_total_112000": 4028, "exact_114000": 59.40913604766634, "f1_114000": 70.24860284313704, "total_114000": 4028, "HasAns_exact_114000": 59.40913604766634, "HasAns_f1_114000": 70.24860284313704, "HasAns_total_114000": 4028, "exact_116000": 58.29195630585899, "f1_116000": 69.84078763673153, "total_116000": 4028, "HasAns_exact_116000": 58.29195630585899, "HasAns_f1_116000": 69.84078763673153, "HasAns_total_116000": 4028, "exact_118000": 58.86295928500496, "f1_118000": 70.23329493758537, "total_118000": 4028, "HasAns_exact_118000": 58.86295928500496, "HasAns_f1_118000": 70.23329493758537, "HasAns_total_118000": 4028, "exact_12000": 54.84111221449851, "f1_12000": 66.65982998268889, "total_12000": 4028, "HasAns_exact_12000": 54.84111221449851, "HasAns_f1_12000": 66.65982998268889, "HasAns_total_12000": 4028, "exact_120000": 58.987090367428, "f1_120000": 70.41985688100668, "total_120000": 4028, "HasAns_exact_120000": 58.987090367428, "HasAns_f1_120000": 70.41985688100668, "HasAns_total_120000": 4028, "exact_122000": 59.55809334657398, "f1_122000": 70.72162375889552, "total_122000": 4028, "HasAns_exact_122000": 59.55809334657398, "HasAns_f1_122000": 70.72162375889552, "HasAns_total_122000": 4028, "exact_124000": 58.58987090367428, "f1_124000": 70.0429871355584, "total_124000": 4028, "HasAns_exact_124000": 58.58987090367428, "HasAns_f1_124000": 70.0429871355584, "HasAns_total_124000": 4028, "exact_126000": 59.18570009930487, "f1_126000": 70.43055460315638, "total_126000": 4028, "HasAns_exact_126000": 59.18570009930487, "HasAns_f1_126000": 70.43055460315638, "HasAns_total_126000": 4028, "exact_128000": 59.26017874875869, "f1_128000": 70.77063639221022, "total_128000": 4028, "HasAns_exact_128000": 59.26017874875869, "HasAns_f1_128000": 70.77063639221022, "HasAns_total_128000": 4028, "exact_130000": 58.664349553128105, "f1_130000": 70.26666682646008, "total_130000": 4028, "HasAns_exact_130000": 58.664349553128105, "HasAns_f1_130000": 70.26666682646008, "HasAns_total_130000": 4028, "exact_132000": 58.63952333664349, "f1_132000": 70.2644234522894, "total_132000": 4028, "HasAns_exact_132000": 58.63952333664349, "HasAns_f1_132000": 70.2644234522894, "HasAns_total_132000": 4028, "exact_134000": 59.65739821251241, "f1_134000": 70.61974177379713, "total_134000": 4028, "HasAns_exact_134000": 59.65739821251241, "HasAns_f1_134000": 70.61974177379713, "HasAns_total_134000": 4028, "exact_136000": 59.13604766633565, "f1_136000": 70.85776575266264, "total_136000": 4028, "HasAns_exact_136000": 59.13604766633565, "HasAns_f1_136000": 70.85776575266264, "HasAns_total_136000": 4028, "exact_138000": 59.23535253227408, "f1_138000": 70.66225942632526, "total_138000": 4028, "HasAns_exact_138000": 59.23535253227408, "HasAns_f1_138000": 70.66225942632526, "HasAns_total_138000": 4028, "exact_14000": 56.25620655412115, "f1_14000": 67.27289779096525, "total_14000": 4028, "HasAns_exact_14000": 56.25620655412115, "HasAns_f1_14000": 67.27289779096525, "HasAns_total_14000": 4028, "exact_140000": 59.458788480635555, "f1_140000": 70.85073944368084, "total_140000": 4028, "HasAns_exact_140000": 59.458788480635555, "HasAns_f1_140000": 70.85073944368084, "HasAns_total_140000": 4028, "exact_142000": 58.36643495531281, "f1_142000": 70.32330812573296, "total_142000": 4028, "HasAns_exact_142000": 58.36643495531281, "HasAns_f1_142000": 70.32330812573296, "HasAns_total_142000": 4028, "exact_144000": 58.540218470705064, "f1_144000": 70.46137785217364, "total_144000": 4028, "HasAns_exact_144000": 58.540218470705064, "HasAns_f1_144000": 70.46137785217364, "HasAns_total_144000": 4028, "exact_146000": 58.56504468718967, "f1_146000": 70.47428300136593, "total_146000": 4028, "HasAns_exact_146000": 58.56504468718967, "HasAns_f1_146000": 70.47428300136593, "HasAns_total_146000": 4028, "exact_148000": 58.56504468718967, "f1_148000": 70.25550255944368, "total_148000": 4028, "HasAns_exact_148000": 58.56504468718967, "HasAns_f1_148000": 70.25550255944368, "HasAns_total_148000": 4028, "exact_150000": 59.160873882820255, "f1_150000": 70.53862890991692, "total_150000": 4028, "HasAns_exact_150000": 59.160873882820255, "HasAns_f1_150000": 70.53862890991692, "HasAns_total_150000": 4028, "exact_152000": 58.887785501489574, "f1_152000": 70.72568021820416, "total_152000": 4028, "HasAns_exact_152000": 58.887785501489574, "HasAns_f1_152000": 70.72568021820416, "HasAns_total_152000": 4028, "exact_154000": 59.38430983118173, "f1_154000": 71.11140741285895, "total_154000": 4028, "HasAns_exact_154000": 59.38430983118173, "HasAns_f1_154000": 71.11140741285895, "HasAns_total_154000": 4028, "exact_156000": 59.53326713008938, "f1_156000": 70.89427699929486, "total_156000": 4028, "HasAns_exact_156000": 59.53326713008938, "HasAns_f1_156000": 70.89427699929486, "HasAns_total_156000": 4028, "exact_158000": 59.63257199602781, "f1_158000": 71.06259546763435, "total_158000": 4028, "HasAns_exact_158000": 59.63257199602781, "HasAns_f1_158000": 71.06259546763435, "HasAns_total_158000": 4028, "exact_16000": 56.70307845084409, "f1_16000": 67.74034424007051, "total_16000": 4028, "HasAns_exact_16000": 56.70307845084409, "HasAns_f1_16000": 67.74034424007051, "HasAns_total_16000": 4028, "exact_160000": 59.58291956305859, "f1_160000": 71.04298717965848, "total_160000": 4028, "HasAns_exact_160000": 59.58291956305859, "HasAns_f1_160000": 71.04298717965848, "HasAns_total_160000": 4028, "exact_18000": 56.20655412115194, "f1_18000": 67.55408136518832, "total_18000": 4028, "HasAns_exact_18000": 56.20655412115194, "HasAns_f1_18000": 67.55408136518832, "HasAns_total_18000": 4028, "exact_2000": 50.86891757696127, "f1_2000": 62.48925148269518, "total_2000": 4028, "HasAns_exact_2000": 50.86891757696127, "HasAns_f1_2000": 62.48925148269518, "HasAns_total_2000": 4028, "exact_20000": 57.54716981132076, "f1_20000": 68.64129927914236, "total_20000": 4028, "HasAns_exact_20000": 57.54716981132076, "HasAns_f1_20000": 68.64129927914236, "HasAns_total_20000": 4028, "exact_22000": 56.42999006951341, "f1_22000": 67.6854590390793, "total_22000": 4028, "HasAns_exact_22000": 56.42999006951341, "HasAns_f1_22000": 67.6854590390793, "HasAns_total_22000": 4028, "exact_24000": 58.3416087388282, "f1_24000": 69.00182688491648, "total_24000": 4028, "HasAns_exact_24000": 58.3416087388282, "HasAns_f1_24000": 69.00182688491648, "HasAns_total_24000": 4028, "exact_26000": 57.94438927507448, "f1_26000": 68.78199604082484, "total_26000": 4028,