{"exact_10000": 52.35849056603774, "f1_10000": 65.5512080203615, "total_10000": 4028, "HasAns_exact_10000": 52.35849056603774, "HasAns_f1_10000": 65.5512080203615, "HasAns_total_10000": 4028, "exact_100000": 58.81330685203575, "f1_100000": 71.1853450212641, "total_100000": 4028, "HasAns_exact_100000": 58.81330685203575, "HasAns_f1_100000": 71.1853450212641, "HasAns_total_100000": 4028, "exact_102000": 58.63952333664349, "f1_102000": 71.7543427584667, "total_102000": 4028, "HasAns_exact_102000": 58.63952333664349, "HasAns_f1_102000": 71.7543427584667, "HasAns_total_102000": 4028, "exact_104000": 58.16782522343595, "f1_104000": 71.70340911619974, "total_104000": 4028, "HasAns_exact_104000": 58.16782522343595, "HasAns_f1_104000": 71.70340911619974, "HasAns_total_104000": 4028, "exact_106000": 59.01191658391261, "f1_106000": 71.889053381518, "total_106000": 4028, "HasAns_exact_106000": 59.01191658391261, "HasAns_f1_106000": 71.889053381518, "HasAns_total_106000": 4028, "exact_108000": 59.26017874875869, "f1_108000": 72.17949984123132, "total_108000": 4028, "HasAns_exact_108000": 59.26017874875869, "HasAns_f1_108000": 72.17949984123132, "HasAns_total_108000": 4028, "exact_110000": 59.88083416087388, "f1_110000": 72.19601904881826, "total_110000": 4028, "HasAns_exact_110000": 59.88083416087388, "HasAns_f1_110000": 72.19601904881826, "HasAns_total_110000": 4028, "exact_112000": 59.55809334657398, "f1_112000": 71.89895918432431, "total_112000": 4028, "HasAns_exact_112000": 59.55809334657398, "HasAns_f1_112000": 71.89895918432431, "HasAns_total_112000": 4028, "exact_114000": 59.43396226415094, "f1_114000": 71.73178794397624, "total_114000": 4028, "HasAns_exact_114000": 59.43396226415094, "HasAns_f1_114000": 71.73178794397624, "HasAns_total_114000": 4028, "exact_116000": 60.27805362462761, "f1_116000": 72.35403531142919, "total_116000": 4028, "HasAns_exact_116000": 60.27805362462761, "HasAns_f1_116000": 72.35403531142919, "HasAns_total_116000": 4028, "exact_118000": 60.05461767626614, "f1_118000": 71.84195180349403, "total_118000": 4028, "HasAns_exact_118000": 60.05461767626614, "HasAns_f1_118000": 71.84195180349403, "HasAns_total_118000": 4028, "exact_12000": 52.557100297914594, "f1_12000": 65.40262231164053, "total_12000": 4028, "HasAns_exact_12000": 52.557100297914594, "HasAns_f1_12000": 65.40262231164053, "HasAns_total_12000": 4028, "exact_120000": 59.83118172790467, "f1_120000": 72.05238393272533, "total_120000": 4028, "HasAns_exact_120000": 59.83118172790467, "HasAns_f1_120000": 72.05238393272533, "HasAns_total_120000": 4028, "exact_122000": 60.02979145978153, "f1_122000": 71.97090922133302, "total_122000": 4028, "HasAns_exact_122000": 60.02979145978153, "HasAns_f1_122000": 71.97090922133302, "HasAns_total_122000": 4028, "exact_124000": 58.63952333664349, "f1_124000": 71.29028441623693, "total_124000": 4028, "HasAns_exact_124000": 58.63952333664349, "HasAns_f1_124000": 71.29028441623693, "HasAns_total_124000": 4028, "exact_126000": 58.91261171797418, "f1_126000": 71.24017539482193, "total_126000": 4028, "HasAns_exact_126000": 58.91261171797418, "HasAns_f1_126000": 71.24017539482193, "HasAns_total_126000": 4028, "exact_128000": 58.86295928500496, "f1_128000": 71.49428857341911, "total_128000": 4028, "HasAns_exact_128000": 58.86295928500496, "HasAns_f1_128000": 71.49428857341911, "HasAns_total_128000": 4028, "exact_130000": 58.81330685203575, "f1_130000": 71.74380085166221, "total_130000": 4028, "HasAns_exact_130000": 58.81330685203575, "HasAns_f1_130000": 71.74380085166221, "HasAns_total_130000": 4028, "exact_132000": 58.9622641509434, "f1_132000": 71.80915282674658, "total_132000": 4028, "HasAns_exact_132000": 58.9622641509434, "HasAns_f1_132000": 71.80915282674658, "HasAns_total_132000": 4028, "exact_134000": 58.73882820258193, "f1_134000": 71.54700476958622, "total_134000": 4028, "HasAns_exact_134000": 58.73882820258193, "HasAns_f1_134000": 71.54700476958622, "HasAns_total_134000": 4028, "exact_136000": 58.86295928500496, "f1_136000": 71.63147133568215, "total_136000": 4028, "HasAns_exact_136000": 58.86295928500496, "HasAns_f1_136000": 71.63147133568215, "HasAns_total_136000": 4028, "exact_138000": 59.160873882820255, "f1_138000": 71.67107769063371, "total_138000": 4028, "HasAns_exact_138000": 59.160873882820255, "HasAns_f1_138000": 71.67107769063371, "HasAns_total_138000": 4028, "exact_14000": 53.64945382323734, "f1_14000": 66.35256276111649, "total_14000": 4028, "HasAns_exact_14000": 53.64945382323734, "HasAns_f1_14000": 66.35256276111649, "HasAns_total_14000": 4028, "exact_140000": 59.03674280039722, "f1_140000": 71.61710254900852, "total_140000": 4028, "HasAns_exact_140000": 59.03674280039722, "HasAns_f1_140000": 71.61710254900852, "HasAns_total_140000": 4028, "exact_142000": 59.13604766633565, "f1_142000": 71.74584636774215, "total_142000": 4028, "HasAns_exact_142000": 59.13604766633565, "HasAns_f1_142000": 71.74584636774215, "HasAns_total_142000": 4028, "exact_144000": 59.111221449851044, "f1_144000": 71.73635166302012, "total_144000": 4028, "HasAns_exact_144000": 59.111221449851044, "HasAns_f1_144000": 71.73635166302012, "HasAns_total_144000": 4028, "exact_146000": 59.26017874875869, "f1_146000": 71.96838105116858, "total_146000": 4028, "HasAns_exact_146000": 59.26017874875869, "HasAns_f1_146000": 71.96838105116858, "HasAns_total_146000": 4028, "exact_148000": 58.9622641509434, "f1_148000": 71.81255833191706, "total_148000": 4028, "HasAns_exact_148000": 58.9622641509434, "HasAns_f1_148000": 71.81255833191706, "HasAns_total_148000": 4028, "exact_150000": 59.01191658391261, "f1_150000": 71.87223350445085, "total_150000": 4028, "HasAns_exact_150000": 59.01191658391261, "HasAns_f1_150000": 71.87223350445085, "HasAns_total_150000": 4028, "exact_16000": 54.29493545183714, "f1_16000": 67.2359633097959, "total_16000": 4028, "HasAns_exact_16000": 54.29493545183714, "HasAns_f1_16000": 67.2359633097959, "HasAns_total_16000": 4028, "exact_18000": 54.592850049652434, "f1_18000": 67.73097659720646, "total_18000": 4028, "HasAns_exact_18000": 54.592850049652434, "HasAns_f1_18000": 67.73097659720646, "HasAns_total_18000": 4028, "exact_2000": 48.21251241310824, "f1_2000": 60.45738724819977, "total_2000": 4028, "HasAns_exact_2000": 48.21251241310824, "HasAns_f1_2000": 60.45738724819977, "HasAns_total_2000": 4028, "exact_20000": 55.23833167825224, "f1_20000": 67.71645839891772, "total_20000": 4028, "HasAns_exact_20000": 55.23833167825224, "HasAns_f1_20000": 67.71645839891772, "HasAns_total_20000": 4028, "exact_22000": 56.454816285998014, "f1_22000": 68.57217422816618, "total_22000": 4028, "HasAns_exact_22000": 56.454816285998014, "HasAns_f1_22000": 68.57217422816618, "HasAns_total_22000": 4028, "exact_24000": 56.181727904667326, "f1_24000": 68.12177456564802, "total_24000": 4028, "HasAns_exact_24000": 56.181727904667326, "HasAns_f1_24000": 68.12177456564802, "HasAns_total_24000": 4028, "exact_26000": 56.7279046673287, "f1_26000": 69.13328951567505, "total_26000": 4028, "HasAns_exact_26000": 56.7279046673287, "HasAns_f1_26000": 69.13328951567505, "HasAns_total_26000": 4028, "exact_28000": 55.61072492552135, "f1_28000": 68.41626097001979, "total_28000": 4028, "HasAns_exact_28000": 55.61072492552135, "HasAns_f1_28000": 68.41626097001979, "HasAns_total_28000": 4028, "exact_30000": 55.685203574975176, "f1_30000": 68.09218937537207, "total_30000": 4028, "HasAns_exact_30000": 55.685203574975176, "HasAns_f1_30000": 68.09218937537207, "HasAns_total_30000": 4028, "exact_32000": 55.98311817279047, "f1_32000": 68.68691359722365, "total_32000": 4028, "HasAns_exact_32000": 55.98311817279047, "HasAns_f1_32000": 68.68691359722365, "HasAns_total_32000": 4028, "exact_34000": 56.15690168818272, "f1_34000": 68.63685845210568, "total_34000": 4028, "HasAns_exact_34000": 56.15690168818272, "HasAns_f1_34000": 68.63685845210568, "HasAns_total_34000": 4028, "exact_36000": 56.33068520357497, "f1_36000": 68.94119758176383, "total_36000": 4028, "HasAns_exact_36000": 56.33068520357497,