{"exact_10000": 72.1286660359508, "f1_10000": 81.16026861552432, "total_10000": 10570, "HasAns_exact_10000": 72.1286660359508, "HasAns_f1_10000": 81.16026861552432, "HasAns_total_10000": 10570, "exact_100000": 80.66225165562913, "f1_100000": 87.85781734654813, "total_100000": 10570, "HasAns_exact_100000": 80.66225165562913, "HasAns_f1_100000": 87.85781734654813, "HasAns_total_100000": 10570, "exact_102000": 80.06622516556291, "f1_102000": 87.66255438285154, "total_102000": 10570, "HasAns_exact_102000": 80.06622516556291, "HasAns_f1_102000": 87.66255438285154, "HasAns_total_102000": 10570, "exact_104000": 80.06622516556291, "f1_104000": 87.83621057774786, "total_104000": 10570, "HasAns_exact_104000": 80.06622516556291, "HasAns_f1_104000": 87.83621057774786, "HasAns_total_104000": 10570, "exact_106000": 80.56764427625355, "f1_106000": 88.03119284022118, "total_106000": 10570, "HasAns_exact_106000": 80.56764427625355, "HasAns_f1_106000": 88.03119284022118, "HasAns_total_106000": 10570, "exact_108000": 80.18921475875118, "f1_108000": 87.76646038086061, "total_108000": 10570, "HasAns_exact_108000": 80.18921475875118, "HasAns_f1_108000": 87.76646038086061, "HasAns_total_108000": 10570, "exact_110000": 80.7663197729423, "f1_110000": 88.1830295462224, "total_110000": 10570, "HasAns_exact_110000": 80.7663197729423, "HasAns_f1_110000": 88.1830295462224, "HasAns_total_110000": 10570, "exact_112000": 80.60548722800378, "f1_112000": 88.04503461787728, "total_112000": 10570, "HasAns_exact_112000": 80.60548722800378, "HasAns_f1_112000": 88.04503461787728, "HasAns_total_112000": 10570, "exact_114000": 80.70955534531693, "f1_114000": 88.15621418568598, "total_114000": 10570, "HasAns_exact_114000": 80.70955534531693, "HasAns_f1_114000": 88.15621418568598, "HasAns_total_114000": 10570, "exact_116000": 80.84200567644277, "f1_116000": 88.21753796532026, "total_116000": 10570, "HasAns_exact_116000": 80.84200567644277, "HasAns_f1_116000": 88.21753796532026, "HasAns_total_116000": 10570, "exact_118000": 80.94607379375591, "f1_118000": 88.32773323646907, "total_118000": 10570, "HasAns_exact_118000": 80.94607379375591, "HasAns_f1_118000": 88.32773323646907, "HasAns_total_118000": 10570, "exact_12000": 71.76915799432356, "f1_12000": 81.31398648602989, "total_12000": 10570, "HasAns_exact_12000": 71.76915799432356, "HasAns_f1_12000": 81.31398648602989, "HasAns_total_12000": 10570, "exact_14000": 72.45979186376537, "f1_14000": 81.44240115206338, "total_14000": 10570, "HasAns_exact_14000": 72.45979186376537, "HasAns_f1_14000": 81.44240115206338, "HasAns_total_14000": 10570, "exact_16000": 72.7057710501419, "f1_16000": 81.49987600805933, "total_16000": 10570, "HasAns_exact_16000": 72.7057710501419, "HasAns_f1_16000": 81.49987600805933, "HasAns_total_16000": 10570, "exact_18000": 73.66130558183538, "f1_18000": 82.41514676732767, "total_18000": 10570, "HasAns_exact_18000": 73.66130558183538, "HasAns_f1_18000": 82.41514676732767, "HasAns_total_18000": 10570, "exact_2000": 65.92242194891202, "f1_2000": 76.77480612734055, "total_2000": 10570, "HasAns_exact_2000": 65.92242194891202, "HasAns_f1_2000": 76.77480612734055, "HasAns_total_2000": 10570, "exact_20000": 73.36802270577105, "f1_20000": 82.39663705037441, "total_20000": 10570, "HasAns_exact_20000": 73.36802270577105, "HasAns_f1_20000": 82.39663705037441, "HasAns_total_20000": 10570, "exact_22000": 74.46546830652791, "f1_22000": 82.9073770626812, "total_22000": 10570, "HasAns_exact_22000": 74.46546830652791, "HasAns_f1_22000": 82.9073770626812, "HasAns_total_22000": 10570, "exact_24000": 75.04257332071901, "f1_24000": 83.45934026154289, "total_24000": 10570, "HasAns_exact_24000": 75.04257332071901, "HasAns_f1_24000": 83.45934026154289, "HasAns_total_24000": 10570, "exact_26000": 75.600756859035, "f1_26000": 83.88688645834834, "total_26000": 10570, "HasAns_exact_26000": 75.600756859035, "HasAns_f1_26000": 83.88688645834834, "HasAns_total_26000": 10570, "exact_28000": 75.08987701040681, "f1_28000": 83.56612341778985, "total_28000": 10570, "HasAns_exact_28000": 75.08987701040681, "HasAns_f1_28000": 83.56612341778985, "HasAns_total_28000": 10570, "exact_30000": 76.26300851466415, "f1_30000": 84.25102628029465, "total_30000": 10570, "HasAns_exact_30000": 76.26300851466415, "HasAns_f1_30000": 84.25102628029465, "HasAns_total_30000": 10570, "exact_32000": 75.52507095553453, "f1_32000": 84.02497619567744, "total_32000": 10570, "HasAns_exact_32000": 75.52507095553453, "HasAns_f1_32000": 84.02497619567744, "HasAns_total_32000": 10570, "exact_34000": 75.69536423841059, "f1_34000": 84.28564652446514, "total_34000": 10570, "HasAns_exact_34000": 75.69536423841059, "HasAns_f1_34000": 84.28564652446514, "HasAns_total_34000": 10570, "exact_36000": 75.70482497634815, "f1_36000": 83.95881172390031, "total_36000": 10570, "HasAns_exact_36000": 75.70482497634815, "HasAns_f1_36000": 83.95881172390031, "HasAns_total_36000": 10570, "exact_38000": 76.32923368022706, "f1_38000": 84.50505224799957, "total_38000": 10570, "HasAns_exact_38000": 76.32923368022706, "HasAns_f1_38000": 84.50505224799957, "HasAns_total_38000": 10570, "exact_4000": 67.81456953642385, "f1_4000": 78.08531916099221, "total_4000": 10570, "HasAns_exact_4000": 67.81456953642385, "HasAns_f1_4000": 78.08531916099221, "HasAns_total_4000": 10570, "exact_40000": 76.18732261116367, "f1_40000": 84.577086142924, "total_40000": 10570, "HasAns_exact_40000": 76.18732261116367, "HasAns_f1_40000": 84.577086142924, "HasAns_total_40000": 10570, "exact_42000": 77.68211920529801, "f1_42000": 85.7292331291623, "total_42000": 10570, "HasAns_exact_42000": 77.68211920529801, "HasAns_f1_42000": 85.7292331291623, "HasAns_total_42000": 10570, "exact_44000": 77.02932828760643, "f1_44000": 84.77672833811478, "total_44000": 10570, "HasAns_exact_44000": 77.02932828760643, "HasAns_f1_44000": 84.77672833811478, "HasAns_total_44000": 10570, "exact_46000": 76.5279091769158, "f1_46000": 84.98432848697641, "total_46000": 10570, "HasAns_exact_46000": 76.5279091769158, "HasAns_f1_46000": 84.98432848697641, "HasAns_total_46000": 10570, "exact_48000": 78.240302743614, "f1_48000": 85.62215139916091, "total_48000": 10570, "HasAns_exact_48000": 78.240302743614, "HasAns_f1_48000": 85.62215139916091, "HasAns_total_48000": 10570, "exact_50000": 78.34437086092716, "f1_50000": 85.84457413476146, "total_50000": 10570, "HasAns_exact_50000": 78.34437086092716, "HasAns_f1_50000": 85.84457413476146, "HasAns_total_50000": 10570, "exact_52000": 77.64427625354777, "f1_52000": 85.41255670484182, "total_52000": 10570, "HasAns_exact_52000": 77.64427625354777, "HasAns_f1_52000": 85.41255670484182, "HasAns_total_52000": 10570, "exact_54000": 78.31598864711448, "f1_54000": 85.91481756714562, "total_54000": 10570, "HasAns_exact_54000": 78.31598864711448, "HasAns_f1_54000": 85.91481756714562, "HasAns_total_54000": 10570, "exact_56000": 78.77956480605488, "f1_56000": 86.13301277130739, "total_56000": 10570, "HasAns_exact_56000": 78.77956480605488, "HasAns_f1_56000": 86.13301277130739, "HasAns_total_56000": 10570, "exact_58000": 78.02270577105014, "f1_58000": 86.0197263449804, "total_58000": 10570, "HasAns_exact_58000": 78.02270577105014, "HasAns_f1_58000": 86.0197263449804, "HasAns_total_58000": 10570, "exact_6000": 69.06338694418164, "f1_6000": 78.30128549295065, "total_6000": 10570, "HasAns_exact_6000": 69.06338694418164, "HasAns_f1_6000": 78.30128549295065, "HasAns_total_6000": 10570, "exact_60000": 78.41059602649007, "f1_60000": 86.18364152989959, "total_60000": 10570, "HasAns_exact_60000": 78.41059602649007, "HasAns_f1_60000": 86.18364152989959, "HasAns_total_60000": 10570, "exact_62000": 77.66319772942289, "f1_62000": 85.92890198392816, "total_62000": 10570, "HasAns_exact_62000": 77.66319772942289, "HasAns_f1_62000": 85.92890198392816, "HasAns_total_62000": 10570, "exact_64000": 78.98770104068117, "f1_64000": 86.51203515059005, "total_64000": 10570, "HasAns_exact_64000": 78.98770104068117, "HasAns_f1_64000": 86.51203515059005,