{"exact_10000": 52.63157894736842, "f1_10000": 65.48722682656194, "total_10000": 4028, "HasAns_exact_10000": 52.63157894736842, "HasAns_f1_10000": 65.48722682656194, "HasAns_total_10000": 4028, "exact_100000": 62.06554121151937, "f1_100000": 74.31362566120289, "total_100000": 4028, "HasAns_exact_100000": 62.06554121151937, "HasAns_f1_100000": 74.31362566120289, "HasAns_total_100000": 4028, "exact_102000": 61.097318768619665, "f1_102000": 73.9666846245679, "total_102000": 4028, "HasAns_exact_102000": 61.097318768619665, "HasAns_f1_102000": 73.9666846245679, "HasAns_total_102000": 4028, "exact_104000": 60.650446871896726, "f1_104000": 73.7764787537216, "total_104000": 4028, "HasAns_exact_104000": 60.650446871896726, "HasAns_f1_104000": 73.7764787537216, "HasAns_total_104000": 4028, "exact_106000": 61.34558093346574, "f1_106000": 73.98975129729499, "total_106000": 4028, "HasAns_exact_106000": 61.34558093346574, "HasAns_f1_106000": 73.98975129729499, "HasAns_total_106000": 4028, "exact_108000": 61.12214498510427, "f1_108000": 73.71631975471648, "total_108000": 4028, "HasAns_exact_108000": 61.12214498510427, "HasAns_f1_108000": 73.71631975471648, "HasAns_total_108000": 4028, "exact_110000": 61.61866931479643, "f1_110000": 74.05906686634438, "total_110000": 4028, "HasAns_exact_110000": 61.61866931479643, "HasAns_f1_110000": 74.05906686634438, "HasAns_total_110000": 4028, "exact_112000": 61.27110228401192, "f1_112000": 74.03336412814576, "total_112000": 4028, "HasAns_exact_112000": 61.27110228401192, "HasAns_f1_112000": 74.03336412814576, "HasAns_total_112000": 4028, "exact_114000": 61.44488579940417, "f1_114000": 74.18195666801715, "total_114000": 4028, "HasAns_exact_114000": 61.44488579940417, "HasAns_f1_114000": 74.18195666801715, "HasAns_total_114000": 4028, "exact_116000": 61.39523336643496, "f1_116000": 73.97153973111783, "total_116000": 4028, "HasAns_exact_116000": 61.39523336643496, "HasAns_f1_116000": 73.97153973111783, "HasAns_total_116000": 4028, "exact_118000": 61.61866931479643, "f1_118000": 74.12508071489862, "total_118000": 4028, "HasAns_exact_118000": 61.61866931479643, "HasAns_f1_118000": 74.12508071489862, "HasAns_total_118000": 4028, "exact_12000": 53.40119165839126, "f1_12000": 66.3867002355207, "total_12000": 4028, "HasAns_exact_12000": 53.40119165839126, "HasAns_f1_12000": 66.3867002355207, "HasAns_total_12000": 4028, "exact_14000": 53.59980139026813, "f1_14000": 66.19866401850861, "total_14000": 4028, "HasAns_exact_14000": 53.59980139026813, "HasAns_f1_14000": 66.19866401850861, "HasAns_total_14000": 4028, "exact_16000": 53.574975173783514, "f1_16000": 66.65279784344882, "total_16000": 4028, "HasAns_exact_16000": 53.574975173783514, "HasAns_f1_16000": 66.65279784344882, "HasAns_total_16000": 4028, "exact_18000": 54.369414101290964, "f1_18000": 67.117252100842, "total_18000": 4028, "HasAns_exact_18000": 54.369414101290964, "HasAns_f1_18000": 67.117252100842, "HasAns_total_18000": 4028, "exact_2000": 47.56703078450844, "f1_2000": 61.10247431664928, "total_2000": 4028, "HasAns_exact_2000": 47.56703078450844, "HasAns_f1_2000": 61.10247431664928, "HasAns_total_2000": 4028, "exact_20000": 54.86593843098312, "f1_20000": 67.81170473972686, "total_20000": 4028, "HasAns_exact_20000": 54.86593843098312, "HasAns_f1_20000": 67.81170473972686, "HasAns_total_20000": 4028, "exact_22000": 55.48659384309831, "f1_22000": 67.39503758273177, "total_22000": 4028, "HasAns_exact_22000": 55.48659384309831, "HasAns_f1_22000": 67.39503758273177, "HasAns_total_22000": 4028, "exact_24000": 53.89771598808342, "f1_24000": 67.26603467401164, "total_24000": 4028, "HasAns_exact_24000": 53.89771598808342, "HasAns_f1_24000": 67.26603467401164, "HasAns_total_24000": 4028, "exact_26000": 56.628599801390266, "f1_26000": 69.5393450828356, "total_26000": 4028, "HasAns_exact_26000": 56.628599801390266, "HasAns_f1_26000": 69.5393450828356, "HasAns_total_26000": 4028, "exact_28000": 55.114200595829196, "f1_28000": 67.743295990159, "total_28000": 4028, "HasAns_exact_28000": 55.114200595829196, "HasAns_f1_28000": 67.743295990159, "HasAns_total_28000": 4028, "exact_30000": 56.67825223435948, "f1_30000": 68.65527349879599, "total_30000": 4028, "HasAns_exact_30000": 56.67825223435948, "HasAns_f1_30000": 68.65527349879599, "HasAns_total_30000": 4028, "exact_32000": 57.22442899702085, "f1_32000": 69.54152669612614, "total_32000": 4028, "HasAns_exact_32000": 57.22442899702085, "HasAns_f1_32000": 69.54152669612614, "HasAns_total_32000": 4028, "exact_34000": 56.82720953326713, "f1_34000": 69.59577752127285, "total_34000": 4028, "HasAns_exact_34000": 56.82720953326713, "HasAns_f1_34000": 69.59577752127285, "HasAns_total_34000": 4028, "exact_36000": 58.06852035749752, "f1_36000": 70.4839718593711, "total_36000": 4028, "HasAns_exact_36000": 58.06852035749752, "HasAns_f1_36000": 70.4839718593711, "HasAns_total_36000": 4028, "exact_38000": 56.405163853028796, "f1_38000": 69.81848668869645, "total_38000": 4028, "HasAns_exact_38000": 56.405163853028796, "HasAns_f1_38000": 69.81848668869645, "HasAns_total_38000": 4028, "exact_4000": 48.43594836146971, "f1_4000": 61.7877462454186, "total_4000": 4028, "HasAns_exact_4000": 48.43594836146971, "HasAns_f1_4000": 61.7877462454186, "HasAns_total_4000": 4028, "exact_40000": 55.88381330685203, "f1_40000": 69.36589568298723, "total_40000": 4028, "HasAns_exact_40000": 55.88381330685203, "HasAns_f1_40000": 69.36589568298723, "HasAns_total_40000": 4028, "exact_42000": 57.39821251241311, "f1_42000": 70.43249022843348, "total_42000": 4028, "HasAns_exact_42000": 57.39821251241311, "HasAns_f1_42000": 70.43249022843348, "HasAns_total_42000": 4028, "exact_44000": 56.976166832174776, "f1_44000": 70.02634302328467, "total_44000": 4028, "HasAns_exact_44000": 56.976166832174776, "HasAns_f1_44000": 70.02634302328467, "HasAns_total_44000": 4028, "exact_46000": 58.39126117179742, "f1_46000": 70.77132955693249, "total_46000": 4028, "HasAns_exact_46000": 58.39126117179742, "HasAns_f1_46000": 70.77132955693249, "HasAns_total_46000": 4028, "exact_48000": 58.39126117179742, "f1_48000": 71.09682154508299, "total_48000": 4028, "HasAns_exact_48000": 58.39126117179742, "HasAns_f1_48000": 71.09682154508299, "HasAns_total_48000": 4028, "exact_50000": 58.91261171797418, "f1_50000": 71.72488635235783, "total_50000": 4028, "HasAns_exact_50000": 58.91261171797418, "HasAns_f1_50000": 71.72488635235783, "HasAns_total_50000": 4028, "exact_52000": 58.490566037735846, "f1_52000": 70.83339739929578, "total_52000": 4028, "HasAns_exact_52000": 58.490566037735846, "HasAns_f1_52000": 70.83339739929578, "HasAns_total_52000": 4028, "exact_54000": 59.53326713008938, "f1_54000": 71.8351764614187, "total_54000": 4028, "HasAns_exact_54000": 59.53326713008938, "HasAns_f1_54000": 71.8351764614187, "HasAns_total_54000": 4028, "exact_56000": 58.440913604766635, "f1_56000": 71.38641485279918, "total_56000": 4028, "HasAns_exact_56000": 58.440913604766635, "HasAns_f1_56000": 71.38641485279918, "HasAns_total_56000": 4028, "exact_58000": 58.81330685203575, "f1_58000": 71.385637508423, "total_58000": 4028, "HasAns_exact_58000": 58.81330685203575, "HasAns_f1_58000": 71.385637508423, "HasAns_total_58000": 4028, "exact_6000": 50.17378351539225, "f1_6000": 62.58218471658444, "total_6000": 4028, "HasAns_exact_6000": 50.17378351539225, "HasAns_f1_6000": 62.58218471658444, "HasAns_total_6000": 4028, "exact_60000": 59.03674280039722, "f1_60000": 71.33383409759213, "total_60000": 4028, "HasAns_exact_60000": 59.03674280039722, "HasAns_f1_60000": 71.33383409759213, "HasAns_total_60000": 4028, "exact_62000": 58.58987090367428, "f1_62000": 71.33980626619211, "total_62000": 4028, "HasAns_exact_62000": 58.58987090367428, "HasAns_f1_62000": 71.33980626619211, "HasAns_total_62000": 4028, "exact_64000": 59.88083416087388, "f1_64000": 72.2332554721441, "total_64000": 4028, "HasAns_exact_64000": 59.88083416087388, "HasAns_f1_64000": 72.2332554721441, "HasAns_total_64000": 4028, "exact_66000": 59.75670307845085,