{"exact_10000": 56.007944389275075, "f1_10000": 67.40655020829887, "total_10000": 4028, "HasAns_exact_10000": 56.007944389275075, "HasAns_f1_10000": 67.40655020829887, "HasAns_total_10000": 4028, "exact_12000": 56.802383316782525, "f1_12000": 68.72555311847171, "total_12000": 4028, "HasAns_exact_12000": 56.802383316782525, "HasAns_f1_12000": 68.72555311847171, "HasAns_total_12000": 4028, "exact_14000": 58.41608738828202, "f1_14000": 68.92476852456048, "total_14000": 4028, "HasAns_exact_14000": 58.41608738828202, "HasAns_f1_14000": 68.92476852456048, "HasAns_total_14000": 4028, "exact_16000": 59.26017874875869, "f1_16000": 70.04533543378112, "total_16000": 4028, "HasAns_exact_16000": 59.26017874875869, "HasAns_f1_16000": 70.04533543378112, "HasAns_total_16000": 4028, "exact_18000": 59.43396226415094, "f1_18000": 70.5988239271313, "total_18000": 4028, "HasAns_exact_18000": 59.43396226415094, "HasAns_f1_18000": 70.5988239271313, "HasAns_total_18000": 4028, "exact_2000": 50.76961271102284, "f1_2000": 61.87493176517924, "total_2000": 4028, "HasAns_exact_2000": 50.76961271102284, "HasAns_f1_2000": 61.87493176517924, "HasAns_total_2000": 4028, "exact_20000": 58.887785501489574, "f1_20000": 69.80884056542375, "total_20000": 4028, "HasAns_exact_20000": 58.887785501489574, "HasAns_f1_20000": 69.80884056542375, "HasAns_total_20000": 4028, "exact_22000": 60.10427010923535, "f1_22000": 70.72720736934717, "total_22000": 4028, "HasAns_exact_22000": 60.10427010923535, "HasAns_f1_22000": 70.72720736934717, "HasAns_total_22000": 4028, "exact_24000": 61.64349553128103, "f1_24000": 71.90824446860209, "total_24000": 4028, "HasAns_exact_24000": 61.64349553128103, "HasAns_f1_24000": 71.90824446860209, "HasAns_total_24000": 4028, "exact_26000": 61.07249255213505, "f1_26000": 71.86910116593452, "total_26000": 4028, "HasAns_exact_26000": 61.07249255213505, "HasAns_f1_26000": 71.86910116593452, "HasAns_total_26000": 4028, "exact_28000": 61.56901688182721, "f1_28000": 72.18943858520132, "total_28000": 4028, "HasAns_exact_28000": 61.56901688182721, "HasAns_f1_28000": 72.18943858520132, "HasAns_total_28000": 4028, "exact_30000": 62.23932472691162, "f1_30000": 72.46841540368477, "total_30000": 4028, "HasAns_exact_30000": 62.23932472691162, "HasAns_f1_30000": 72.46841540368477, "HasAns_total_30000": 4028, "exact_32000": 61.96623634558093, "f1_32000": 72.360397785732, "total_32000": 4028, "HasAns_exact_32000": 61.96623634558093, "HasAns_f1_32000": 72.360397785732, "HasAns_total_32000": 4028, "exact_34000": 62.46276067527309, "f1_34000": 72.81985249933594, "total_34000": 4028, "HasAns_exact_34000": 62.46276067527309, "HasAns_f1_34000": 72.81985249933594, "HasAns_total_34000": 4028, "exact_4000": 54.07149950347567, "f1_4000": 65.16737471005767, "total_4000": 4028, "HasAns_exact_4000": 54.07149950347567, "HasAns_f1_4000": 65.16737471005767, "HasAns_total_4000": 4028, "exact_6000": 54.19563058589871, "f1_6000": 65.84239918067914, "total_6000": 4028, "HasAns_exact_6000": 54.19563058589871, "HasAns_f1_6000": 65.84239918067914, "HasAns_total_6000": 4028, "exact_8000": 55.71002979145978, "f1_8000": 67.2117788212453, "total_8000": 4028, "HasAns_exact_8000": 55.71002979145978, "HasAns_f1_8000": 67.2117788212453, "HasAns_total_8000": 4028, "exact_150k_ml_bert_only_sv3": 62.264150943396224, "f1_150k_ml_bert_only_sv3": 72.77527655234991, "total_150k_ml_bert_only_sv3": 4028, "HasAns_exact_150k_ml_bert_only_sv3": 62.264150943396224, "HasAns_f1_150k_ml_bert_only_sv3": 72.77527655234991, "HasAns_total_150k_ml_bert_only_sv3": 4028}