{"exact_10000": 68.7511825922422, "f1_10000": 78.39703475359076, "total_10000": 10570, "HasAns_exact_10000": 68.7511825922422, "HasAns_f1_10000": 78.39703475359076, "HasAns_total_10000": 10570, "exact_100000": 73.519394512772, "f1_100000": 83.31151085546001, "total_100000": 10570, "HasAns_exact_100000": 73.519394512772, "HasAns_f1_100000": 83.31151085546001, "HasAns_total_100000": 10570, "exact_102000": 74.03973509933775, "f1_102000": 83.65406755139749, "total_102000": 10570, "HasAns_exact_102000": 74.03973509933775, "HasAns_f1_102000": 83.65406755139749, "HasAns_total_102000": 10570, "exact_104000": 73.52885525070955, "f1_104000": 83.31038026256427, "total_104000": 10570, "HasAns_exact_104000": 73.52885525070955, "HasAns_f1_104000": 83.31038026256427, "HasAns_total_104000": 10570, "exact_106000": 72.98013245033113, "f1_106000": 83.04425395697709, "total_106000": 10570, "HasAns_exact_106000": 72.98013245033113, "HasAns_f1_106000": 83.04425395697709, "HasAns_total_106000": 10570, "exact_108000": 73.61400189214758, "f1_108000": 83.36514848553618, "total_108000": 10570, "HasAns_exact_108000": 73.61400189214758, "HasAns_f1_108000": 83.36514848553618, "HasAns_total_108000": 10570, "exact_110000": 74.53169347209082, "f1_110000": 83.66772940720243, "total_110000": 10570, "HasAns_exact_110000": 74.53169347209082, "HasAns_f1_110000": 83.66772940720243, "HasAns_total_110000": 10570, "exact_112000": 73.4720908230842, "f1_112000": 82.94872343271338, "total_112000": 10570, "HasAns_exact_112000": 73.4720908230842, "HasAns_f1_112000": 82.94872343271338, "HasAns_total_112000": 10570, "exact_114000": 74.03973509933775, "f1_114000": 83.47858389568106, "total_114000": 10570, "HasAns_exact_114000": 74.03973509933775, "HasAns_f1_114000": 83.47858389568106, "HasAns_total_114000": 10570, "exact_116000": 74.33301797540209, "f1_116000": 83.71764465998166, "total_116000": 10570, "HasAns_exact_116000": 74.33301797540209, "HasAns_f1_116000": 83.71764465998166, "HasAns_total_116000": 10570, "exact_118000": 74.2100283822138, "f1_118000": 83.33793065248122, "total_118000": 10570, "HasAns_exact_118000": 74.2100283822138, "HasAns_f1_118000": 83.33793065248122, "HasAns_total_118000": 10570, "exact_12000": 69.38505203405866, "f1_12000": 79.07864457619033, "total_12000": 10570, "HasAns_exact_12000": 69.38505203405866, "HasAns_f1_12000": 79.07864457619033, "HasAns_total_12000": 10570, "exact_120000": 74.82497634815516, "f1_120000": 83.84850302797695, "total_120000": 10570, "HasAns_exact_120000": 74.82497634815516, "HasAns_f1_120000": 83.84850302797695, "HasAns_total_120000": 10570, "exact_122000": 74.32355723746453, "f1_122000": 83.63895244301115, "total_122000": 10570, "HasAns_exact_122000": 74.32355723746453, "HasAns_f1_122000": 83.63895244301115, "HasAns_total_122000": 10570, "exact_124000": 73.84105960264901, "f1_124000": 83.43475042442934, "total_124000": 10570, "HasAns_exact_124000": 73.84105960264901, "HasAns_f1_124000": 83.43475042442934, "HasAns_total_124000": 10570, "exact_126000": 73.39640491958373, "f1_126000": 82.90932007256222, "total_126000": 10570, "HasAns_exact_126000": 73.39640491958373, "HasAns_f1_126000": 82.90932007256222, "HasAns_total_126000": 10570, "exact_128000": 73.89782403027436, "f1_128000": 83.22240841123771, "total_128000": 10570, "HasAns_exact_128000": 73.89782403027436, "HasAns_f1_128000": 83.22240841123771, "HasAns_total_128000": 10570, "exact_130000": 73.69914853358561, "f1_130000": 83.47767989151416, "total_130000": 10570, "HasAns_exact_130000": 73.69914853358561, "HasAns_f1_130000": 83.47767989151416, "HasAns_total_130000": 10570, "exact_132000": 72.88552507095554, "f1_132000": 83.03507002010865, "total_132000": 10570, "HasAns_exact_132000": 72.88552507095554, "HasAns_f1_132000": 83.03507002010865, "HasAns_total_132000": 10570, "exact_134000": 73.3112582781457, "f1_134000": 83.20545209572519, "total_134000": 10570, "HasAns_exact_134000": 73.3112582781457, "HasAns_f1_134000": 83.20545209572519, "HasAns_total_134000": 10570, "exact_136000": 72.91390728476821, "f1_136000": 83.06664459122187, "total_136000": 10570, "HasAns_exact_136000": 72.91390728476821, "HasAns_f1_136000": 83.06664459122187, "HasAns_total_136000": 10570, "exact_138000": 74.23841059602648, "f1_138000": 83.6103825391201, "total_138000": 10570, "HasAns_exact_138000": 74.23841059602648, "HasAns_f1_138000": 83.6103825391201, "HasAns_total_138000": 10570, "exact_14000": 68.52412488174078, "f1_14000": 78.90063254542088, "total_14000": 10570, "HasAns_exact_14000": 68.52412488174078, "HasAns_f1_14000": 78.90063254542088, "HasAns_total_14000": 10570, "exact_140000": 74.02081362346263, "f1_140000": 83.49484987605128, "total_140000": 10570, "HasAns_exact_140000": 74.02081362346263, "HasAns_f1_140000": 83.49484987605128, "HasAns_total_140000": 10570, "exact_142000": 74.01135288552507, "f1_142000": 83.51370011744032, "total_142000": 10570, "HasAns_exact_142000": 74.01135288552507, "HasAns_f1_142000": 83.51370011744032, "HasAns_total_142000": 10570, "exact_144000": 73.54777672658467, "f1_144000": 83.35610314579051, "total_144000": 10570, "HasAns_exact_144000": 73.54777672658467, "HasAns_f1_144000": 83.35610314579051, "HasAns_total_144000": 10570, "exact_146000": 73.8883632923368, "f1_146000": 83.38898506173581, "total_146000": 10570, "HasAns_exact_146000": 73.8883632923368, "HasAns_f1_146000": 83.38898506173581, "HasAns_total_146000": 10570, "exact_148000": 73.58561967833491, "f1_148000": 83.28264101452233, "total_148000": 10570, "HasAns_exact_148000": 73.58561967833491, "HasAns_f1_148000": 83.28264101452233, "HasAns_total_148000": 10570, "exact_150000": 73.75591296121098, "f1_150000": 83.3353138092694, "total_150000": 10570, "HasAns_exact_150000": 73.75591296121098, "HasAns_f1_150000": 83.3353138092694, "HasAns_total_150000": 10570, "exact_16000": 71.31504257332072, "f1_16000": 80.75581220743472, "total_16000": 10570, "HasAns_exact_16000": 71.31504257332072, "HasAns_f1_16000": 80.75581220743472, "HasAns_total_16000": 10570, "exact_18000": 69.50804162724693, "f1_18000": 79.7751581290087, "total_18000": 10570, "HasAns_exact_18000": 69.50804162724693, "HasAns_f1_18000": 79.7751581290087, "HasAns_total_18000": 10570, "exact_2000": 62.686849574266795, "f1_2000": 72.41135227648282, "total_2000": 10570, "HasAns_exact_2000": 62.686849574266795, "HasAns_f1_2000": 72.41135227648282, "HasAns_total_2000": 10570, "exact_20000": 70.96499526963103, "f1_20000": 80.44672295922338, "total_20000": 10570, "HasAns_exact_20000": 70.96499526963103, "HasAns_f1_20000": 80.44672295922338, "HasAns_total_20000": 10570, "exact_22000": 70.81362346263009, "f1_22000": 80.62483253807294, "total_22000": 10570, "HasAns_exact_22000": 70.81362346263009, "HasAns_f1_22000": 80.62483253807294, "HasAns_total_22000": 10570, "exact_24000": 71.91106906338695, "f1_24000": 81.04871848554731, "total_24000": 10570, "HasAns_exact_24000": 71.91106906338695, "HasAns_f1_24000": 81.04871848554731, "HasAns_total_24000": 10570, "exact_26000": 70.97445600756859, "f1_26000": 80.35760540382351, "total_26000": 10570, "HasAns_exact_26000": 70.97445600756859, "HasAns_f1_26000": 80.35760540382351, "HasAns_total_26000": 10570, "exact_28000": 70.70955534531693, "f1_28000": 80.69614414197255, "total_28000": 10570, "HasAns_exact_28000": 70.70955534531693, "HasAns_f1_28000": 80.69614414197255, "HasAns_total_28000": 10570, "exact_30000": 70.52034058656575, "f1_30000": 79.68206821382755, "total_30000": 10570, "HasAns_exact_30000": 70.52034058656575, "HasAns_f1_30000": 79.68206821382755, "HasAns_total_30000": 10570, "exact_32000": 71.76915799432356, "f1_32000": 81.27302215198361, "total_32000": 10570, "HasAns_exact_32000": 71.76915799432356, "HasAns_f1_32000": 81.27302215198361, "HasAns_total_32000": 10570, "exact_34000": 71.46641438032167, "f1_34000": 80.89655134066216, "total_34000": 10570, "HasAns_exact_34000": 71.46641438032167, "HasAns_f1_34000": 80.89655134066216, "HasAns_total_34000": 10570, "exact_36000": 73.15988647114474, "f1_36000": 82.11744558281569,