{"exact_10000": 51.166832174776566, "f1_10000": 64.27371582778414, "total_10000": 4028, "HasAns_exact_10000": 51.166832174776566, "HasAns_f1_10000": 64.27371582778414, "HasAns_total_10000": 4028, "exact_100000": 58.19265143992055, "f1_100000": 71.10550675406486, "total_100000": 4028, "HasAns_exact_100000": 58.19265143992055, "HasAns_f1_100000": 71.10550675406486, "HasAns_total_100000": 4028, "exact_102000": 58.04369414101291, "f1_102000": 71.2505237278544, "total_102000": 4028, "HasAns_exact_102000": 58.04369414101291, "HasAns_f1_102000": 71.2505237278544, "HasAns_total_102000": 4028, "exact_104000": 58.81330685203575, "f1_104000": 71.66102585512407, "total_104000": 4028, "HasAns_exact_104000": 58.81330685203575, "HasAns_f1_104000": 71.66102585512407, "HasAns_total_104000": 4028, "exact_106000": 58.664349553128105, "f1_106000": 71.4651611888344, "total_106000": 4028, "HasAns_exact_106000": 58.664349553128105, "HasAns_f1_106000": 71.4651611888344, "HasAns_total_106000": 4028, "exact_108000": 59.508440913604765, "f1_108000": 71.97521768550772, "total_108000": 4028, "HasAns_exact_108000": 59.508440913604765, "HasAns_f1_108000": 71.97521768550772, "HasAns_total_108000": 4028, "exact_110000": 59.26017874875869, "f1_110000": 71.5599283110862, "total_110000": 4028, "HasAns_exact_110000": 59.26017874875869, "HasAns_f1_110000": 71.5599283110862, "HasAns_total_110000": 4028, "exact_112000": 59.55809334657398, "f1_112000": 71.85179969220638, "total_112000": 4028, "HasAns_exact_112000": 59.55809334657398, "HasAns_f1_112000": 71.85179969220638, "HasAns_total_112000": 4028, "exact_114000": 60.178748758689174, "f1_114000": 72.36089418541042, "total_114000": 4028, "HasAns_exact_114000": 60.178748758689174, "HasAns_f1_114000": 72.36089418541042, "HasAns_total_114000": 4028, "exact_116000": 59.98013902681232, "f1_116000": 71.95811576740186, "total_116000": 4028, "HasAns_exact_116000": 59.98013902681232, "HasAns_f1_116000": 71.95811576740186, "HasAns_total_116000": 4028, "exact_118000": 59.334657398212514, "f1_118000": 71.67562338948335, "total_118000": 4028, "HasAns_exact_118000": 59.334657398212514, "HasAns_f1_118000": 71.67562338948335, "HasAns_total_118000": 4028, "exact_12000": 53.07845084409136, "f1_12000": 65.51606325474326, "total_12000": 4028, "HasAns_exact_12000": 53.07845084409136, "HasAns_f1_12000": 65.51606325474326, "HasAns_total_12000": 4028, "exact_120000": 59.03674280039722, "f1_120000": 71.41731148096119, "total_120000": 4028, "HasAns_exact_120000": 59.03674280039722, "HasAns_f1_120000": 71.41731148096119, "HasAns_total_120000": 4028, "exact_122000": 59.43396226415094, "f1_122000": 71.8378618277739, "total_122000": 4028, "HasAns_exact_122000": 59.43396226415094, "HasAns_f1_122000": 71.8378618277739, "HasAns_total_122000": 4028, "exact_124000": 58.51539225422046, "f1_124000": 71.30029522590077, "total_124000": 4028, "HasAns_exact_124000": 58.51539225422046, "HasAns_f1_124000": 71.30029522590077, "HasAns_total_124000": 4028, "exact_126000": 59.48361469712016, "f1_126000": 71.94114448715352, "total_126000": 4028, "HasAns_exact_126000": 59.48361469712016, "HasAns_f1_126000": 71.94114448715352, "HasAns_total_126000": 4028, "exact_128000": 58.39126117179742, "f1_128000": 71.88644263554282, "total_128000": 4028, "HasAns_exact_128000": 58.39126117179742, "HasAns_f1_128000": 71.88644263554282, "HasAns_total_128000": 4028, "exact_130000": 58.3416087388282, "f1_130000": 71.97279305266068, "total_130000": 4028, "HasAns_exact_130000": 58.3416087388282, "HasAns_f1_130000": 71.97279305266068, "HasAns_total_130000": 4028, "exact_132000": 58.86295928500496, "f1_132000": 72.1131925228115, "total_132000": 4028, "HasAns_exact_132000": 58.86295928500496, "HasAns_f1_132000": 72.1131925228115, "HasAns_total_132000": 4028, "exact_134000": 58.41608738828202, "f1_134000": 71.8920902622799, "total_134000": 4028, "HasAns_exact_134000": 58.41608738828202, "HasAns_f1_134000": 71.8920902622799, "HasAns_total_134000": 4028, "exact_136000": 58.39126117179742, "f1_136000": 71.81975242280357, "total_136000": 4028, "HasAns_exact_136000": 58.39126117179742, "HasAns_f1_136000": 71.81975242280357, "HasAns_total_136000": 4028, "exact_138000": 59.061569016881826, "f1_138000": 72.03789931889645, "total_138000": 4028, "HasAns_exact_138000": 59.061569016881826, "HasAns_f1_138000": 72.03789931889645, "HasAns_total_138000": 4028, "exact_14000": 54.39424031777557, "f1_14000": 67.00696943865827, "total_14000": 4028, "HasAns_exact_14000": 54.39424031777557, "HasAns_f1_14000": 67.00696943865827, "HasAns_total_14000": 4028, "exact_140000": 59.061569016881826, "f1_140000": 71.97873463732817, "total_140000": 4028, "HasAns_exact_140000": 59.061569016881826, "HasAns_f1_140000": 71.97873463732817, "HasAns_total_140000": 4028, "exact_142000": 58.714001986097315, "f1_142000": 71.90197689137729, "total_142000": 4028, "HasAns_exact_142000": 58.714001986097315, "HasAns_f1_142000": 71.90197689137729, "HasAns_total_142000": 4028, "exact_144000": 58.58987090367428, "f1_144000": 71.72797449666243, "total_144000": 4028, "HasAns_exact_144000": 58.58987090367428, "HasAns_f1_144000": 71.72797449666243, "HasAns_total_144000": 4028, "exact_146000": 58.887785501489574, "f1_146000": 71.74424498195499, "total_146000": 4028, "HasAns_exact_146000": 58.887785501489574, "HasAns_f1_146000": 71.74424498195499, "HasAns_total_146000": 4028, "exact_148000": 58.714001986097315, "f1_148000": 71.7565250032246, "total_148000": 4028, "HasAns_exact_148000": 58.714001986097315, "HasAns_f1_148000": 71.7565250032246, "HasAns_total_148000": 4028, "exact_150000": 58.540218470705064, "f1_150000": 71.8700683880067, "total_150000": 4028, "HasAns_exact_150000": 58.540218470705064, "HasAns_f1_150000": 71.8700683880067, "HasAns_total_150000": 4028, "exact_152000": 58.29195630585899, "f1_152000": 71.69167004090178, "total_152000": 4028, "HasAns_exact_152000": 58.29195630585899, "HasAns_f1_152000": 71.69167004090178, "HasAns_total_152000": 4028, "exact_154000": 58.29195630585899, "f1_154000": 71.53293075491263, "total_154000": 4028, "HasAns_exact_154000": 58.29195630585899, "HasAns_f1_154000": 71.53293075491263, "HasAns_total_154000": 4028, "exact_156000": 58.41608738828202, "f1_156000": 71.56309819366895, "total_156000": 4028, "HasAns_exact_156000": 58.41608738828202, "HasAns_f1_156000": 71.56309819366895, "HasAns_total_156000": 4028, "exact_158000": 58.217477656405165, "f1_158000": 71.57957072255827, "total_158000": 4028, "HasAns_exact_158000": 58.217477656405165, "HasAns_f1_158000": 71.57957072255827, "HasAns_total_158000": 4028, "exact_16000": 55.03972194637537, "f1_16000": 67.89101137047011, "total_16000": 4028, "HasAns_exact_16000": 55.03972194637537, "HasAns_f1_16000": 67.89101137047011, "HasAns_total_16000": 4028, "exact_160000": 58.29195630585899, "f1_160000": 71.58022434318458, "total_160000": 4028, "HasAns_exact_160000": 58.29195630585899, "HasAns_f1_160000": 71.58022434318458, "HasAns_total_160000": 4028, "exact_18000": 53.42601787487587, "f1_18000": 66.43694412581851, "total_18000": 4028, "HasAns_exact_18000": 53.42601787487587, "HasAns_f1_18000": 66.43694412581851, "HasAns_total_18000": 4028, "exact_2000": 47.19463753723932, "f1_2000": 60.1268566713128, "total_2000": 4028, "HasAns_exact_2000": 47.19463753723932, "HasAns_f1_2000": 60.1268566713128, "HasAns_total_2000": 4028, "exact_20000": 54.69215491559086, "f1_20000": 67.42473754211069, "total_20000": 4028, "HasAns_exact_20000": 54.69215491559086, "HasAns_f1_20000": 67.42473754211069, "HasAns_total_20000": 4028, "exact_22000": 55.36246276067527, "f1_22000": 67.27907344589285, "total_22000": 4028, "HasAns_exact_22000": 55.36246276067527, "HasAns_f1_22000": 67.27907344589285, "HasAns_total_22000": 4028, "exact_24000": 55.26315789473684, "f1_24000": 68.03478037024838, "total_24000": 4028, "HasAns_exact_24000": 55.26315789473684, "HasAns_f1_24000": 68.03478037024838, "HasAns_total_24000": 4028, "exact_26000": 56.20655412115194, "f1_26000": 69.14351441693113, "total_26000": 4028,