{"exact_10000": 69.96215704824976, "f1_10000": 79.40268380674864, "total_10000": 10570, "HasAns_exact_10000": 69.96215704824976, "HasAns_f1_10000": 79.40268380674864, "HasAns_total_10000": 10570, "exact_12000": 69.30936613055819, "f1_12000": 79.93912031576457, "total_12000": 10570, "HasAns_exact_12000": 69.30936613055819, "HasAns_f1_12000": 79.93912031576457, "HasAns_total_12000": 10570, "exact_14000": 71.67455061494796, "f1_14000": 80.76541731057479, "total_14000": 10570, "HasAns_exact_14000": 71.67455061494796, "HasAns_f1_14000": 80.76541731057479, "HasAns_total_14000": 10570, "exact_16000": 71.75023651844845, "f1_16000": 80.71607021160226, "total_16000": 10570, "HasAns_exact_16000": 71.75023651844845, "HasAns_f1_16000": 80.71607021160226, "HasAns_total_16000": 10570, "exact_18000": 70.97445600756859, "f1_18000": 80.90710406588964, "total_18000": 10570, "HasAns_exact_18000": 70.97445600756859, "HasAns_f1_18000": 80.90710406588964, "HasAns_total_18000": 10570, "exact_2000": 63.53831598864711, "f1_2000": 73.31872992949268, "total_2000": 10570, "HasAns_exact_2000": 63.53831598864711, "HasAns_f1_2000": 73.31872992949268, "HasAns_total_2000": 10570, "exact_20000": 71.99621570482498, "f1_20000": 80.70872327495337, "total_20000": 10570, "HasAns_exact_20000": 71.99621570482498, "HasAns_f1_20000": 80.70872327495337, "HasAns_total_20000": 10570, "exact_22000": 72.58278145695364, "f1_22000": 81.81796151888041, "total_22000": 10570, "HasAns_exact_22000": 72.58278145695364, "HasAns_f1_22000": 81.81796151888041, "HasAns_total_22000": 10570, "exact_24000": 73.20719016083254, "f1_24000": 82.14804313080607, "total_24000": 10570, "HasAns_exact_24000": 73.20719016083254, "HasAns_f1_24000": 82.14804313080607, "HasAns_total_24000": 10570, "exact_26000": 73.50993377483444, "f1_26000": 82.45161258334045, "total_26000": 10570, "HasAns_exact_26000": 73.50993377483444, "HasAns_f1_26000": 82.45161258334045, "HasAns_total_26000": 10570, "exact_28000": 73.39640491958373, "f1_28000": 82.57842631873436, "total_28000": 10570, "HasAns_exact_28000": 73.39640491958373, "HasAns_f1_28000": 82.57842631873436, "HasAns_total_28000": 10570, "exact_30000": 74.22894985808892, "f1_30000": 83.05175093385596, "total_30000": 10570, "HasAns_exact_30000": 74.22894985808892, "HasAns_f1_30000": 83.05175093385596, "HasAns_total_30000": 10570, "exact_32000": 73.74645222327341, "f1_32000": 82.63041095832683, "total_32000": 10570, "HasAns_exact_32000": 73.74645222327341, "HasAns_f1_32000": 82.63041095832683, "HasAns_total_32000": 10570, "exact_34000": 74.76821192052981, "f1_34000": 83.41981943108726, "total_34000": 10570, "HasAns_exact_34000": 74.76821192052981, "HasAns_f1_34000": 83.41981943108726, "HasAns_total_34000": 10570, "exact_4000": 65.9508041627247, "f1_4000": 75.97692532314338, "total_4000": 10570, "HasAns_exact_4000": 65.9508041627247, "HasAns_f1_4000": 75.97692532314338, "HasAns_total_4000": 10570, "exact_6000": 67.43614001892148, "f1_6000": 76.96965532205381, "total_6000": 10570, "HasAns_exact_6000": 67.43614001892148, "HasAns_f1_6000": 76.96965532205381, "HasAns_total_6000": 10570, "exact_8000": 68.89309366130558, "f1_8000": 78.60450506508097, "total_8000": 10570, "HasAns_exact_8000": 68.89309366130558, "HasAns_f1_8000": 78.60450506508097, "HasAns_total_8000": 10570, "exact_ml_bert_only_sv": 74.54115421002838, "f1_ml_bert_only_sv": 83.33211286463714, "total_ml_bert_only_sv": 10570, "HasAns_exact_ml_bert_only_sv": 74.54115421002838, "HasAns_f1_ml_bert_only_sv": 83.33211286463714, "HasAns_total_ml_bert_only_sv": 10570}