{"exact_10000": 69.29044465468307, "f1_10000": 78.48677930277165, "total_10000": 10570, "HasAns_exact_10000": 69.29044465468307, "HasAns_f1_10000": 78.48677930277165, "HasAns_total_10000": 10570, "exact_100000": 67.50236518448439, "f1_100000": 78.58973708897751, "total_100000": 10570, "HasAns_exact_100000": 67.50236518448439, "HasAns_f1_100000": 78.58973708897751, "HasAns_total_100000": 10570, "exact_102000": 69.0728476821192, "f1_102000": 79.63170739143995, "total_102000": 10570, "HasAns_exact_102000": 69.0728476821192, "HasAns_f1_102000": 79.63170739143995, "HasAns_total_102000": 10570, "exact_104000": 69.48912015137181, "f1_104000": 79.55059166243376, "total_104000": 10570, "HasAns_exact_104000": 69.48912015137181, "HasAns_f1_104000": 79.55059166243376, "HasAns_total_104000": 10570, "exact_106000": 68.42951750236519, "f1_106000": 79.08883359096878, "total_106000": 10570, "HasAns_exact_106000": 68.42951750236519, "HasAns_f1_106000": 79.08883359096878, "HasAns_total_106000": 10570, "exact_108000": 68.13623462630085, "f1_108000": 78.57963724237399, "total_108000": 10570, "HasAns_exact_108000": 68.13623462630085, "HasAns_f1_108000": 78.57963724237399, "HasAns_total_108000": 10570, "exact_110000": 67.66319772942289, "f1_110000": 78.56449319025492, "total_110000": 10570, "HasAns_exact_110000": 67.66319772942289, "HasAns_f1_110000": 78.56449319025492, "HasAns_total_110000": 10570, "exact_112000": 68.23084200567644, "f1_112000": 78.90849726276674, "total_112000": 10570, "HasAns_exact_112000": 68.23084200567644, "HasAns_f1_112000": 78.90849726276674, "HasAns_total_112000": 10570, "exact_114000": 68.16461684011352, "f1_114000": 79.14670912756148, "total_114000": 10570, "HasAns_exact_114000": 68.16461684011352, "HasAns_f1_114000": 79.14670912756148, "HasAns_total_114000": 10570, "exact_116000": 67.37937559129612, "f1_116000": 78.49442084293592, "total_116000": 10570, "HasAns_exact_116000": 67.37937559129612, "HasAns_f1_116000": 78.49442084293592, "HasAns_total_116000": 10570, "exact_118000": 68.61873226111636, "f1_118000": 79.11943623259937, "total_118000": 10570, "HasAns_exact_118000": 68.61873226111636, "HasAns_f1_118000": 79.11943623259937, "HasAns_total_118000": 10570, "exact_12000": 69.49858088930937, "f1_12000": 79.22645184704795, "total_12000": 10570, "HasAns_exact_12000": 69.49858088930937, "HasAns_f1_12000": 79.22645184704795, "HasAns_total_12000": 10570, "exact_120000": 68.0794701986755, "f1_120000": 78.96844024680257, "total_120000": 10570, "HasAns_exact_120000": 68.0794701986755, "HasAns_f1_120000": 78.96844024680257, "HasAns_total_120000": 10570, "exact_122000": 68.41059602649007, "f1_122000": 79.48656703295737, "total_122000": 10570, "HasAns_exact_122000": 68.41059602649007, "HasAns_f1_122000": 79.48656703295737, "HasAns_total_122000": 10570, "exact_124000": 67.95648060548723, "f1_124000": 79.51178931218782, "total_124000": 10570, "HasAns_exact_124000": 67.95648060548723, "HasAns_f1_124000": 79.51178931218782, "HasAns_total_124000": 10570, "exact_126000": 67.54020813623463, "f1_126000": 78.7300636157997, "total_126000": 10570, "HasAns_exact_126000": 67.54020813623463, "HasAns_f1_126000": 78.7300636157997, "HasAns_total_126000": 10570, "exact_128000": 68.47682119205298, "f1_128000": 79.44218185628004, "total_128000": 10570, "HasAns_exact_128000": 68.47682119205298, "HasAns_f1_128000": 79.44218185628004, "HasAns_total_128000": 10570, "exact_130000": 67.8240302743614, "f1_130000": 79.03286177888963, "total_130000": 10570, "HasAns_exact_130000": 67.8240302743614, "HasAns_f1_130000": 79.03286177888963, "HasAns_total_130000": 10570, "exact_132000": 67.70104068117313, "f1_132000": 79.17590705524727, "total_132000": 10570, "HasAns_exact_132000": 67.70104068117313, "HasAns_f1_132000": 79.17590705524727, "HasAns_total_132000": 10570, "exact_134000": 68.240302743614, "f1_134000": 79.45164512175647, "total_134000": 10570, "HasAns_exact_134000": 68.240302743614, "HasAns_f1_134000": 79.45164512175647, "HasAns_total_134000": 10570, "exact_136000": 68.48628192999054, "f1_136000": 79.56109594676317, "total_136000": 10570, "HasAns_exact_136000": 68.48628192999054, "HasAns_f1_136000": 79.56109594676317, "HasAns_total_136000": 10570, "exact_138000": 68.31598864711448, "f1_138000": 79.48404983548119, "total_138000": 10570, "HasAns_exact_138000": 68.31598864711448, "HasAns_f1_138000": 79.48404983548119, "HasAns_total_138000": 10570, "exact_14000": 68.83632923368023, "f1_14000": 77.75639366592071, "total_14000": 10570, "HasAns_exact_14000": 68.83632923368023, "HasAns_f1_14000": 77.75639366592071, "HasAns_total_14000": 10570, "exact_140000": 69.21475875118259, "f1_140000": 80.00839071457482, "total_140000": 10570, "HasAns_exact_140000": 69.21475875118259, "HasAns_f1_140000": 80.00839071457482, "HasAns_total_140000": 10570, "exact_142000": 68.89309366130558, "f1_142000": 79.79296606153308, "total_142000": 10570, "HasAns_exact_142000": 68.89309366130558, "HasAns_f1_142000": 79.79296606153308, "HasAns_total_142000": 10570, "exact_144000": 68.52412488174078, "f1_144000": 79.54152897896618, "total_144000": 10570, "HasAns_exact_144000": 68.52412488174078, "HasAns_f1_144000": 79.54152897896618, "HasAns_total_144000": 10570, "exact_146000": 68.30652790917692, "f1_146000": 79.49168334212527, "total_146000": 10570, "HasAns_exact_146000": 68.30652790917692, "HasAns_f1_146000": 79.49168334212527, "HasAns_total_146000": 10570, "exact_148000": 69.00662251655629, "f1_148000": 79.8096410175343, "total_148000": 10570, "HasAns_exact_148000": 69.00662251655629, "HasAns_f1_148000": 79.8096410175343, "HasAns_total_148000": 10570, "exact_150000": 68.97824030274361, "f1_150000": 79.8395807725841, "total_150000": 10570, "HasAns_exact_150000": 68.97824030274361, "HasAns_f1_150000": 79.8395807725841, "HasAns_total_150000": 10570, "exact_16000": 68.21192052980132, "f1_16000": 78.19503472615789, "total_16000": 10570, "HasAns_exact_16000": 68.21192052980132, "HasAns_f1_16000": 78.19503472615789, "HasAns_total_16000": 10570, "exact_18000": 67.37937559129612, "f1_18000": 78.37480917896966, "total_18000": 10570, "HasAns_exact_18000": 67.37937559129612, "HasAns_f1_18000": 78.37480917896966, "HasAns_total_18000": 10570, "exact_2000": 63.85052034058656, "f1_2000": 73.38081306952785, "total_2000": 10570, "HasAns_exact_2000": 63.85052034058656, "HasAns_f1_2000": 73.38081306952785, "HasAns_total_2000": 10570, "exact_20000": 68.21192052980132, "f1_20000": 78.33034942456162, "total_20000": 10570, "HasAns_exact_20000": 68.21192052980132, "HasAns_f1_20000": 78.33034942456162, "HasAns_total_20000": 10570, "exact_22000": 68.66603595080416, "f1_22000": 78.5330564580767, "total_22000": 10570, "HasAns_exact_22000": 68.66603595080416, "HasAns_f1_22000": 78.5330564580767, "HasAns_total_22000": 10570, "exact_24000": 70.32166508987702, "f1_24000": 79.72379048466573, "total_24000": 10570, "HasAns_exact_24000": 70.32166508987702, "HasAns_f1_24000": 79.72379048466573, "HasAns_total_24000": 10570, "exact_26000": 68.4484389782403, "f1_26000": 78.01410851664973, "total_26000": 10570, "HasAns_exact_26000": 68.4484389782403, "HasAns_f1_26000": 78.01410851664973, "HasAns_total_26000": 10570, "exact_28000": 69.6972563859981, "f1_28000": 79.15007472285546, "total_28000": 10570, "HasAns_exact_28000": 69.6972563859981, "HasAns_f1_28000": 79.15007472285546, "HasAns_total_28000": 10570, "exact_30000": 70.80416272469253, "f1_30000": 79.47307459224649, "total_30000": 10570, "HasAns_exact_30000": 70.80416272469253, "HasAns_f1_30000": 79.47307459224649, "HasAns_total_30000": 10570, "exact_32000": 68.61873226111636, "f1_32000": 78.98624948122762, "total_32000": 10570, "HasAns_exact_32000": 68.61873226111636, "HasAns_f1_32000": 78.98624948122762, "HasAns_total_32000": 10570, "exact_34000": 69.16745506149479, "f1_34000": 78.82180790695871, "total_34000": 10570, "HasAns_exact_34000": 69.16745506149479, "HasAns_f1_34000": 78.82180790695871, "HasAns_total_34000": 10570, "exact_36000": 69.39451277199622, "f1_36000": 78.90719538943857,