{"exact_2000": 46.89672293942403, "f1_2000": 58.92467599274233, "total_2000": 4028, "HasAns_exact_2000": 46.89672293942403, "HasAns_f1_2000": 58.92467599274233, "HasAns_total_2000": 4028, "exact_4000": 52.83018867924528, "f1_4000": 64.4304043800696, "total_4000": 4028, "HasAns_exact_4000": 52.83018867924528, "HasAns_f1_4000": 64.4304043800696, "HasAns_total_4000": 4028, "exact_6000": 54.74180734856008, "f1_6000": 66.40685715709196, "total_6000": 4028, "HasAns_exact_6000": 54.74180734856008, "HasAns_f1_6000": 66.40685715709196, "HasAns_total_6000": 4028, "exact_8000": 56.25620655412115, "f1_8000": 67.92898800990136, "total_8000": 4028, "HasAns_exact_8000": 56.25620655412115, "HasAns_f1_8000": 67.92898800990136, "HasAns_total_8000": 4028, "exact_10000": 57.62164846077458, "f1_10000": 69.24431100210435, "total_10000": 4028, "HasAns_exact_10000": 57.62164846077458, "HasAns_f1_10000": 69.24431100210435, "HasAns_total_10000": 4028, "exact_12000": 58.04369414101291, "f1_12000": 69.35511089645087, "total_12000": 4028, "HasAns_exact_12000": 58.04369414101291, "HasAns_f1_12000": 69.35511089645087, "HasAns_total_12000": 4028, "exact_14000": 58.217477656405165, "f1_14000": 69.95966315079056, "total_14000": 4028, "HasAns_exact_14000": 58.217477656405165, "HasAns_f1_14000": 69.95966315079056, "HasAns_total_14000": 4028, "exact_16000": 59.334657398212514, "f1_16000": 70.88986677461793, "total_16000": 4028, "HasAns_exact_16000": 59.334657398212514, "HasAns_f1_16000": 70.88986677461793, "HasAns_total_16000": 4028, "exact_18000": 58.83813306852036, "f1_18000": 70.8481120908499, "total_18000": 4028, "HasAns_exact_18000": 58.83813306852036, "HasAns_f1_18000": 70.8481120908499, "HasAns_total_18000": 4028, "exact_20000": 59.23535253227408, "f1_20000": 70.6555819631264, "total_20000": 4028, "HasAns_exact_20000": 59.23535253227408, "HasAns_f1_20000": 70.6555819631264, "HasAns_total_20000": 4028, "exact_22000": 59.458788480635555, "f1_22000": 70.84552742983489, "total_22000": 4028, "HasAns_exact_22000": 59.458788480635555, "HasAns_f1_22000": 70.84552742983489, "HasAns_total_22000": 4028, "exact_24000": 60.02979145978153, "f1_24000": 71.03532005687799, "total_24000": 4028, "HasAns_exact_24000": 60.02979145978153, "HasAns_f1_24000": 71.03532005687799, "HasAns_total_24000": 4028, "exact_26000": 60.47666335650447, "f1_26000": 71.72781520054825, "total_26000": 4028, "HasAns_exact_26000": 60.47666335650447, "HasAns_f1_26000": 71.72781520054825, "HasAns_total_26000": 4028, "exact_28000": 60.67527308838133, "f1_28000": 71.8300950472468, "total_28000": 4028, "HasAns_exact_28000": 60.67527308838133, "HasAns_f1_28000": 71.8300950472468, "HasAns_total_28000": 4028}