{"exact_2000": 46.89672293942403, "f1_2000": 58.92467599274233, "total_2000": 4028, "HasAns_exact_2000": 46.89672293942403, "HasAns_f1_2000": 58.92467599274233, "HasAns_total_2000": 4028, "exact_4000": 52.83018867924528, "f1_4000": 64.4304043800696, "total_4000": 4028, "HasAns_exact_4000": 52.83018867924528, "HasAns_f1_4000": 64.4304043800696, "HasAns_total_4000": 4028, "exact_6000": 54.74180734856008, "f1_6000": 66.40685715709196, "total_6000": 4028, "HasAns_exact_6000": 54.74180734856008, "HasAns_f1_6000": 66.40685715709196, "HasAns_total_6000": 4028, "exact_8000": 56.25620655412115, "f1_8000": 67.92898800990136, "total_8000": 4028, "HasAns_exact_8000": 56.25620655412115, "HasAns_f1_8000": 67.92898800990136, "HasAns_total_8000": 4028, "exact_10000": 57.62164846077458, "f1_10000": 69.24431100210435, "total_10000": 4028, "HasAns_exact_10000": 57.62164846077458, "HasAns_f1_10000": 69.24431100210435, "HasAns_total_10000": 4028, "exact_12000": 58.04369414101291, "f1_12000": 69.35511089645087, "total_12000": 4028, "HasAns_exact_12000": 58.04369414101291, "HasAns_f1_12000": 69.35511089645087, "HasAns_total_12000": 4028, "exact_14000": 58.217477656405165, "f1_14000": 69.95966315079056, "total_14000": 4028, "HasAns_exact_14000": 58.217477656405165, "HasAns_f1_14000": 69.95966315079056, "HasAns_total_14000": 4028, "exact_16000": 59.334657398212514, "f1_16000": 70.88986677461793, "total_16000": 4028, "HasAns_exact_16000": 59.334657398212514, "HasAns_f1_16000": 70.88986677461793, "HasAns_total_16000": 4028, "exact_18000": 58.83813306852036, "f1_18000": 70.8481120908499, "total_18000": 4028, "HasAns_exact_18000": 58.83813306852036, "HasAns_f1_18000": 70.8481120908499, "HasAns_total_18000": 4028, "exact_20000": 59.23535253227408, "f1_20000": 70.6555819631264, "total_20000": 4028, "HasAns_exact_20000": 59.23535253227408, "HasAns_f1_20000": 70.6555819631264, "HasAns_total_20000": 4028, "exact_22000": 59.458788480635555, "f1_22000": 70.84552742983489, "total_22000": 4028, "HasAns_exact_22000": 59.458788480635555, "HasAns_f1_22000": 70.84552742983489, "HasAns_total_22000": 4028, "exact_24000": 60.02979145978153, "f1_24000": 71.03532005687799, "total_24000": 4028, "HasAns_exact_24000": 60.02979145978153, "HasAns_f1_24000": 71.03532005687799, "HasAns_total_24000": 4028, "exact_26000": 60.47666335650447, "f1_26000": 71.72781520054825, "total_26000": 4028, "HasAns_exact_26000": 60.47666335650447, "HasAns_f1_26000": 71.72781520054825, "HasAns_total_26000": 4028, "exact_28000": 60.67527308838133, "f1_28000": 71.8300950472468, "total_28000": 4028, "HasAns_exact_28000": 60.67527308838133, "HasAns_f1_28000": 71.8300950472468, "HasAns_total_28000": 4028, "exact_30000": 61.04766633565045, "f1_30000": 72.21467884167704, "total_30000": 4028, "HasAns_exact_30000": 61.04766633565045, "HasAns_f1_30000": 72.21467884167704, "HasAns_total_30000": 4028, "exact_32000": 60.22840119165839, "f1_32000": 71.72861901926791, "total_32000": 4028, "HasAns_exact_32000": 60.22840119165839, "HasAns_f1_32000": 71.72861901926791, "HasAns_total_32000": 4028, "exact_34000": 61.196623634558094, "f1_34000": 72.37587238375944, "total_34000": 4028, "HasAns_exact_34000": 61.196623634558094, "HasAns_f1_34000": 72.37587238375944, "HasAns_total_34000": 4028, "exact_36000": 61.61866931479643, "f1_36000": 72.63963106888296, "total_36000": 4028, "HasAns_exact_36000": 61.61866931479643, "HasAns_f1_36000": 72.63963106888296, "HasAns_total_36000": 4028, "exact_38000": 61.89175769612711, "f1_38000": 72.77874121629578, "total_38000": 4028, "HasAns_exact_38000": 61.89175769612711, "HasAns_f1_38000": 72.77874121629578, "HasAns_total_38000": 4028, "exact_40000": 62.09036742800397, "f1_40000": 72.99490683031337, "total_40000": 4028, "HasAns_exact_40000": 62.09036742800397, "HasAns_f1_40000": 72.99490683031337, "HasAns_total_40000": 4028, "exact_42000": 62.28897715988084, "f1_42000": 72.84516023494668, "total_42000": 4028, "HasAns_exact_42000": 62.28897715988084, "HasAns_f1_42000": 72.84516023494668, "HasAns_total_42000": 4028, "exact_44000": 61.817279046673285, "f1_44000": 72.74907272155524, "total_44000": 4028, "HasAns_exact_44000": 61.817279046673285, "HasAns_f1_44000": 72.74907272155524, "HasAns_total_44000": 4028, "exact_46000": 61.817279046673285, "f1_46000": 73.01324548926848, "total_46000": 4028, "HasAns_exact_46000": 61.817279046673285, "HasAns_f1_46000": 73.01324548926848, "HasAns_total_46000": 4028, "exact_48000": 61.34558093346574, "f1_48000": 72.65077418410588, "total_48000": 4028, "HasAns_exact_48000": 61.34558093346574, "HasAns_f1_48000": 72.65077418410588, "HasAns_total_48000": 4028, "exact_50000": 61.991062562065544, "f1_50000": 72.79728836570884, "total_50000": 4028, "HasAns_exact_50000": 61.991062562065544, "HasAns_f1_50000": 72.79728836570884, "HasAns_total_50000": 4028, "exact_52000": 61.717974180734856, "f1_52000": 73.02737597665094, "total_52000": 4028, "HasAns_exact_52000": 61.717974180734856, "HasAns_f1_52000": 73.02737597665094, "HasAns_total_52000": 4028, "exact_54000": 62.14001986097319, "f1_54000": 73.15611181740098, "total_54000": 4028, "HasAns_exact_54000": 62.14001986097319, "HasAns_f1_54000": 73.15611181740098, "HasAns_total_54000": 4028, "exact_56000": 62.01588877855015, "f1_56000": 72.87905574964998, "total_56000": 4028, "HasAns_exact_56000": 62.01588877855015, "HasAns_f1_56000": 72.87905574964998, "HasAns_total_56000": 4028, "exact_58000": 62.28897715988084, "f1_58000": 73.0836505439785, "total_58000": 4028, "HasAns_exact_58000": 62.28897715988084, "HasAns_f1_58000": 73.0836505439785, "HasAns_total_58000": 4028, "exact_60000": 62.28897715988084, "f1_60000": 73.25784641021419, "total_60000": 4028, "HasAns_exact_60000": 62.28897715988084, "HasAns_f1_60000": 73.25784641021419, "HasAns_total_60000": 4028, "exact_62000": 62.01588877855015, "f1_62000": 72.72563504593494, "total_62000": 4028, "HasAns_exact_62000": 62.01588877855015, "HasAns_f1_62000": 72.72563504593494, "HasAns_total_62000": 4028, "exact_64000": 62.43793445878848, "f1_64000": 73.1144380089727, "total_64000": 4028, "HasAns_exact_64000": 62.43793445878848, "HasAns_f1_64000": 73.1144380089727, "HasAns_total_64000": 4028, "exact_66000": 62.33862959285005, "f1_66000": 73.13390257869065, "total_66000": 4028, "HasAns_exact_66000": 62.33862959285005, "HasAns_f1_66000": 73.13390257869065, "HasAns_total_66000": 4028, "exact_68000": 61.8421052631579, "f1_68000": 73.09282755214718, "total_68000": 4028, "HasAns_exact_68000": 61.8421052631579, "HasAns_f1_68000": 73.09282755214718, "HasAns_total_68000": 4028, "exact_70000": 62.611717974180735, "f1_70000": 73.67317283297568, "total_70000": 4028, "HasAns_exact_70000": 62.611717974180735, "HasAns_f1_70000": 73.67317283297568, "HasAns_total_70000": 4028, "exact_72000": 61.8669314796425, "f1_72000": 73.02228275416726, "total_72000": 4028, "HasAns_exact_72000": 61.8669314796425, "HasAns_f1_72000": 73.02228275416726, "HasAns_total_72000": 4028, "exact_74000": 62.41310824230387, "f1_74000": 73.20418829921675, "total_74000": 4028, "HasAns_exact_74000": 62.41310824230387, "HasAns_f1_74000": 73.20418829921675, "HasAns_total_74000": 4028, "exact_76000": 62.164846077457796, "f1_76000": 73.11398504376545, "total_76000": 4028, "HasAns_exact_76000": 62.164846077457796, "HasAns_f1_76000": 73.11398504376545, "HasAns_total_76000": 4028, "exact_78000": 62.388282025819265, "f1_78000": 73.21708059557693, "total_78000": 4028, "HasAns_exact_78000": 62.388282025819265, "HasAns_f1_78000": 73.21708059557693, "HasAns_total_78000": 4028, "exact_80000": 62.388282025819265, "f1_80000": 73.2441589854998, "total_80000": 4028, "HasAns_exact_80000": 62.388282025819265, "HasAns_f1_80000": 73.2441589854998, "HasAns_total_80000": 4028, "exact_82000": 62.11519364448858, "f1_82000": 72.99716347008174, "total_82000": 4028, "HasAns_exact_82000": 62.11519364448858, "HasAns_f1_82000": 72.99716347008174, "HasAns_total_82000": 4028, "exact_84000": 62.21449851042701, "f1_84000": 73.0735723172158, "total_84000": 4028,