{"exact_2000": 46.89672293942403, "f1_2000": 58.92467599274233, "total_2000": 4028, "HasAns_exact_2000": 46.89672293942403, "HasAns_f1_2000": 58.92467599274233, "HasAns_total_2000": 4028, "exact_4000": 52.83018867924528, "f1_4000": 64.4304043800696, "total_4000": 4028, "HasAns_exact_4000": 52.83018867924528, "HasAns_f1_4000": 64.4304043800696, "HasAns_total_4000": 4028, "exact_6000": 54.74180734856008, "f1_6000": 66.40685715709196, "total_6000": 4028, "HasAns_exact_6000": 54.74180734856008, "HasAns_f1_6000": 66.40685715709196, "HasAns_total_6000": 4028, "exact_8000": 56.25620655412115, "f1_8000": 67.92898800990136, "total_8000": 4028, "HasAns_exact_8000": 56.25620655412115, "HasAns_f1_8000": 67.92898800990136, "HasAns_total_8000": 4028}