{"exact_2000": 46.89672293942403, "f1_2000": 58.92467599274233, "total_2000": 4028, "HasAns_exact_2000": 46.89672293942403, "HasAns_f1_2000": 58.92467599274233, "HasAns_total_2000": 4028, "exact_4000": 52.83018867924528, "f1_4000": 64.4304043800696, "total_4000": 4028, "HasAns_exact_4000": 52.83018867924528, "HasAns_f1_4000": 64.4304043800696, "HasAns_total_4000": 4028}