{"exact_2000": 52.60675273088381, "f1_2000": 64.46282780030141, "total_2000": 4028, "HasAns_exact_2000": 52.60675273088381, "HasAns_f1_2000": 64.46282780030141, "HasAns_total_2000": 4028, "exact_4000": 55.73485600794439, "f1_4000": 67.40954320467534, "total_4000": 4028, "HasAns_exact_4000": 55.73485600794439, "HasAns_f1_4000": 67.40954320467534, "HasAns_total_4000": 4028, "exact_6000": 57.745779543197614, "f1_6000": 69.15311512141308, "total_6000": 4028, "HasAns_exact_6000": 57.745779543197614, "HasAns_f1_6000": 69.15311512141308, "HasAns_total_6000": 4028, "exact_8000": 58.41608738828202, "f1_8000": 70.09246559269678, "total_8000": 4028, "HasAns_exact_8000": 58.41608738828202, "HasAns_f1_8000": 70.09246559269678, "HasAns_total_8000": 4028, "exact_10000": 60.079443892750746, "f1_10000": 71.43814618027321, "total_10000": 4028, "HasAns_exact_10000": 60.079443892750746, "HasAns_f1_10000": 71.43814618027321, "HasAns_total_10000": 4028, "exact_12000": 59.160873882820255, "f1_12000": 70.01369763060771, "total_12000": 4028, "HasAns_exact_12000": 59.160873882820255, "HasAns_f1_12000": 70.01369763060771, "HasAns_total_12000": 4028, "exact_14000": 60.15392254220457, "f1_14000": 71.81871696762455, "total_14000": 4028, "HasAns_exact_14000": 60.15392254220457, "HasAns_f1_14000": 71.81871696762455, "HasAns_total_14000": 4028, "exact_16000": 60.79940417080437, "f1_16000": 71.79789096585475, "total_16000": 4028, "HasAns_exact_16000": 60.79940417080437, "HasAns_f1_16000": 71.79789096585475, "HasAns_total_16000": 4028, "exact_18000": 61.17179741807349, "f1_18000": 71.99383748405869, "total_18000": 4028, "HasAns_exact_18000": 61.17179741807349, "HasAns_f1_18000": 71.99383748405869, "HasAns_total_18000": 4028, "exact_20000": 60.873882820258196, "f1_20000": 72.19988029828684, "total_20000": 4028, "HasAns_exact_20000": 60.873882820258196, "HasAns_f1_20000": 72.19988029828684, "HasAns_total_20000": 4028, "exact_22000": 60.94836146971202, "f1_22000": 72.05270116895598, "total_22000": 4028, "HasAns_exact_22000": 60.94836146971202, "HasAns_f1_22000": 72.05270116895598, "HasAns_total_22000": 4028, "exact_24000": 61.17179741807349, "f1_24000": 72.38118759091137, "total_24000": 4028, "HasAns_exact_24000": 61.17179741807349, "HasAns_f1_24000": 72.38118759091137, "HasAns_total_24000": 4028, "exact_26000": 60.8987090367428, "f1_26000": 71.95944311002154, "total_26000": 4028, "HasAns_exact_26000": 60.8987090367428, "HasAns_f1_26000": 71.95944311002154, "HasAns_total_26000": 4028, "exact_28000": 61.544190665342605, "f1_28000": 72.42047096545595, "total_28000": 4028, "HasAns_exact_28000": 61.544190665342605, "HasAns_f1_28000": 72.42047096545595, "HasAns_total_28000": 4028, "exact_30000": 62.487586891757694, "f1_30000": 73.17262020115643, "total_30000": 4028, "HasAns_exact_30000": 62.487586891757694, "HasAns_f1_30000": 73.17262020115643, "HasAns_total_30000": 4028, "exact_32000": 60.84905660377358, "f1_32000": 72.30906050871631, "total_32000": 4028, "HasAns_exact_32000": 60.84905660377358, "HasAns_f1_32000": 72.30906050871631, "HasAns_total_32000": 4028, "exact_34000": 61.69314796425025, "f1_34000": 73.02390248203034, "total_34000": 4028, "HasAns_exact_34000": 61.69314796425025, "HasAns_f1_34000": 73.02390248203034, "HasAns_total_34000": 4028, "exact_36000": 62.28897715988084, "f1_36000": 73.08828173738404, "total_36000": 4028, "HasAns_exact_36000": 62.28897715988084, "HasAns_f1_36000": 73.08828173738404, "HasAns_total_36000": 4028, "exact_38000": 61.74280039721946, "f1_38000": 73.23735095276767, "total_38000": 4028, "HasAns_exact_38000": 61.74280039721946, "HasAns_f1_38000": 73.23735095276767, "HasAns_total_38000": 4028, "exact_40000": 61.96623634558093, "f1_40000": 72.83322150441394, "total_40000": 4028, "HasAns_exact_40000": 61.96623634558093, "HasAns_f1_40000": 72.83322150441394, "HasAns_total_40000": 4028, "exact_42000": 62.06554121151937, "f1_42000": 72.80019286580436, "total_42000": 4028, "HasAns_exact_42000": 62.06554121151937, "HasAns_f1_42000": 72.80019286580436, "HasAns_total_42000": 4028, "exact_44000": 61.320754716981135, "f1_44000": 72.18015331121886, "total_44000": 4028, "HasAns_exact_44000": 61.320754716981135, "HasAns_f1_44000": 72.18015331121886, "HasAns_total_44000": 4028}