{"exact_2000": 48.63455809334658, "f1_2000": 61.57775702322709, "total_2000": 4028, "HasAns_exact_2000": 48.63455809334658, "HasAns_f1_2000": 61.57775702322709, "HasAns_total_2000": 4028, "exact_4000": 52.234359483614696, "f1_4000": 65.21203637992286, "total_4000": 4028, "HasAns_exact_4000": 52.234359483614696, "HasAns_f1_4000": 65.21203637992286, "HasAns_total_4000": 4028, "exact_6000": 53.823237338629596, "f1_6000": 67.12782864817943, "total_6000": 4028, "HasAns_exact_6000": 53.823237338629596, "HasAns_f1_6000": 67.12782864817943, "HasAns_total_6000": 4028, "exact_8000": 55.908639523336646, "f1_8000": 68.12329282570727, "total_8000": 4028, "HasAns_exact_8000": 55.908639523336646, "HasAns_f1_8000": 68.12329282570727, "HasAns_total_8000": 4028, "exact_10000": 56.28103277060576, "f1_10000": 68.75752261987124, "total_10000": 4028, "HasAns_exact_10000": 56.28103277060576, "HasAns_f1_10000": 68.75752261987124, "HasAns_total_10000": 4028, "exact_12000": 57.00099304865938, "f1_12000": 68.99457150289021, "total_12000": 4028, "HasAns_exact_12000": 57.00099304865938, "HasAns_f1_12000": 68.99457150289021, "HasAns_total_12000": 4028, "exact_14000": 57.39821251241311, "f1_14000": 69.81186405272487, "total_14000": 4028, "HasAns_exact_14000": 57.39821251241311, "HasAns_f1_14000": 69.81186405272487, "HasAns_total_14000": 4028, "exact_16000": 57.89473684210526, "f1_16000": 69.98586669406416, "total_16000": 4028, "HasAns_exact_16000": 57.89473684210526, "HasAns_f1_16000": 69.98586669406416, "HasAns_total_16000": 4028, "exact_18000": 57.84508440913605, "f1_18000": 70.08655625576608, "total_18000": 4028, "HasAns_exact_18000": 57.84508440913605, "HasAns_f1_18000": 70.08655625576608, "HasAns_total_18000": 4028, "exact_20000": 58.81330685203575, "f1_20000": 71.00261073109012, "total_20000": 4028, "HasAns_exact_20000": 58.81330685203575, "HasAns_f1_20000": 71.00261073109012, "HasAns_total_20000": 4028, "exact_22000": 58.39126117179742, "f1_22000": 71.32638411218646, "total_22000": 4028, "HasAns_exact_22000": 58.39126117179742, "HasAns_f1_22000": 71.32638411218646, "HasAns_total_22000": 4028, "exact_24000": 59.458788480635555, "f1_24000": 71.63071051032553, "total_24000": 4028, "HasAns_exact_24000": 59.458788480635555, "HasAns_f1_24000": 71.63071051032553, "HasAns_total_24000": 4028, "exact_26000": 58.46573982125124, "f1_26000": 71.04928630073998, "total_26000": 4028, "HasAns_exact_26000": 58.46573982125124, "HasAns_f1_26000": 71.04928630073998, "HasAns_total_26000": 4028, "exact_28000": 60.27805362462761, "f1_28000": 72.17373589711204, "total_28000": 4028, "HasAns_exact_28000": 60.27805362462761, "HasAns_f1_28000": 72.17373589711204, "HasAns_total_28000": 4028, "exact_30000": 60.02979145978153, "f1_30000": 71.94628865463855, "total_30000": 4028, "HasAns_exact_30000": 60.02979145978153, "HasAns_f1_30000": 71.94628865463855, "HasAns_total_30000": 4028, "exact_32000": 59.88083416087388, "f1_32000": 72.13080327713192, "total_32000": 4028, "HasAns_exact_32000": 59.88083416087388, "HasAns_f1_32000": 72.13080327713192, "HasAns_total_32000": 4028, "exact_34000": 59.03674280039722, "f1_34000": 72.04711007335847, "total_34000": 4028, "HasAns_exact_34000": 59.03674280039722, "HasAns_f1_34000": 72.04711007335847, "HasAns_total_34000": 4028, "exact_36000": 60.302879841112215, "f1_36000": 72.55587293149168, "total_36000": 4028, "HasAns_exact_36000": 60.302879841112215, "HasAns_f1_36000": 72.55587293149168, "HasAns_total_36000": 4028, "exact_38000": 60.20357497517379, "f1_38000": 73.01391229150904, "total_38000": 4028, "HasAns_exact_38000": 60.20357497517379, "HasAns_f1_38000": 73.01391229150904, "HasAns_total_38000": 4028}