{"exact_2000": 23.36146971201589, "f1_2000": 34.080170156105574, "total_2000": 4028, "HasAns_exact_2000": 23.36146971201589, "HasAns_f1_2000": 34.080170156105574, "HasAns_total_2000": 4028, "exact_4000": 28.74875868917577, "f1_4000": 39.03835467563023, "total_4000": 4028, "HasAns_exact_4000": 28.74875868917577, "HasAns_f1_4000": 39.03835467563023, "HasAns_total_4000": 4028, "exact_6000": 34.38430983118173, "f1_6000": 45.49459202606768, "total_6000": 4028, "HasAns_exact_6000": 34.38430983118173, "HasAns_f1_6000": 45.49459202606768, "HasAns_total_6000": 4028, "exact_8000": 35.402184707050644, "f1_8000": 47.17688376235255, "total_8000": 4028, "HasAns_exact_8000": 35.402184707050644, "HasAns_f1_8000": 47.17688376235255, "HasAns_total_8000": 4028, "exact_10000": 36.941410129096326, "f1_10000": 48.40230605660598, "total_10000": 4028, "HasAns_exact_10000": 36.941410129096326, "HasAns_f1_10000": 48.40230605660598, "HasAns_total_10000": 4028, "exact_12000": 37.164846077457796, "f1_12000": 49.6474976556152, "total_12000": 4028, "HasAns_exact_12000": 37.164846077457796, "HasAns_f1_12000": 49.6474976556152, "HasAns_total_12000": 4028, "exact_14000": 38.1330685203575, "f1_14000": 50.437910413543925, "total_14000": 4028, "HasAns_exact_14000": 38.1330685203575, "HasAns_f1_14000": 50.437910413543925, "HasAns_total_14000": 4028, "exact_16000": 39.20059582919563, "f1_16000": 51.52755810677529, "total_16000": 4028, "HasAns_exact_16000": 39.20059582919563, "HasAns_f1_16000": 51.52755810677529, "HasAns_total_16000": 4028, "exact_18000": 40.44190665342602, "f1_18000": 52.83873531203816, "total_18000": 4028, "HasAns_exact_18000": 40.44190665342602, "HasAns_f1_18000": 52.83873531203816, "HasAns_total_18000": 4028, "exact_20000": 40.6901688182721, "f1_20000": 53.61487932931326, "total_20000": 4028, "HasAns_exact_20000": 40.6901688182721, "HasAns_f1_20000": 53.61487932931326, "HasAns_total_20000": 4028, "exact_22000": 41.38530287984111, "f1_22000": 53.7377087509366, "total_22000": 4028, "HasAns_exact_22000": 41.38530287984111, "HasAns_f1_22000": 53.7377087509366, "HasAns_total_22000": 4028, "exact_24000": 42.254220456802386, "f1_24000": 55.3324926239658, "total_24000": 4028, "HasAns_exact_24000": 42.254220456802386, "HasAns_f1_24000": 55.3324926239658, "HasAns_total_24000": 4028, "exact_26000": 42.08043694141013, "f1_26000": 54.715254216136934, "total_26000": 4028, "HasAns_exact_26000": 42.08043694141013, "HasAns_f1_26000": 54.715254216136934, "HasAns_total_26000": 4028, "exact_28000": 42.87487586891758, "f1_28000": 55.761534174371555, "total_28000": 4028, "HasAns_exact_28000": 42.87487586891758, "HasAns_f1_28000": 55.761534174371555, "HasAns_total_28000": 4028, "exact_30000": 44.51340615690169, "f1_30000": 56.63124309019198, "total_30000": 4028, "HasAns_exact_30000": 44.51340615690169, "HasAns_f1_30000": 56.63124309019198, "HasAns_total_30000": 4028, "exact_32000": 43.545183714001986, "f1_32000": 56.047754732544554, "total_32000": 4028, "HasAns_exact_32000": 43.545183714001986, "HasAns_f1_32000": 56.047754732544554, "HasAns_total_32000": 4028}