{"exact_2000": 49.70208540218471, "f1_2000": 61.92778173376949, "total_2000": 4028, "HasAns_exact_2000": 49.70208540218471, "HasAns_f1_2000": 61.92778173376949, "HasAns_total_2000": 4028, "exact_4000": 52.904667328699105, "f1_4000": 65.60549331337351, "total_4000": 4028, "HasAns_exact_4000": 52.904667328699105, "HasAns_f1_4000": 65.60549331337351, "HasAns_total_4000": 4028, "exact_6000": 55.163853028798414, "f1_6000": 68.03606420348308, "total_6000": 4028, "HasAns_exact_6000": 55.163853028798414, "HasAns_f1_6000": 68.03606420348308, "HasAns_total_6000": 4028, "exact_8000": 56.03277060575968, "f1_8000": 68.85051656050857, "total_8000": 4028, "HasAns_exact_8000": 56.03277060575968, "HasAns_f1_8000": 68.85051656050857, "HasAns_total_8000": 4028, "exact_10000": 55.53624627606753, "f1_10000": 68.90173921114932, "total_10000": 4028, "HasAns_exact_10000": 55.53624627606753, "HasAns_f1_10000": 68.90173921114932, "HasAns_total_10000": 4028, "exact_12000": 57.72095332671301, "f1_12000": 69.95516110310452, "total_12000": 4028, "HasAns_exact_12000": 57.72095332671301, "HasAns_f1_12000": 69.95516110310452, "HasAns_total_12000": 4028, "exact_14000": 57.72095332671301, "f1_14000": 70.34824439426976, "total_14000": 4028, "HasAns_exact_14000": 57.72095332671301, "HasAns_f1_14000": 70.34824439426976, "HasAns_total_14000": 4028, "exact_16000": 57.49751737835154, "f1_16000": 70.28207543225861, "total_16000": 4028, "HasAns_exact_16000": 57.49751737835154, "HasAns_f1_16000": 70.28207543225861, "HasAns_total_16000": 4028, "exact_18000": 58.04369414101291, "f1_18000": 70.77544380208911, "total_18000": 4028, "HasAns_exact_18000": 58.04369414101291, "HasAns_f1_18000": 70.77544380208911, "HasAns_total_18000": 4028, "exact_20000": 58.267130089374376, "f1_20000": 70.86127918749197, "total_20000": 4028, "HasAns_exact_20000": 58.267130089374376, "HasAns_f1_20000": 70.86127918749197, "HasAns_total_20000": 4028, "exact_22000": 59.08639523336643, "f1_22000": 71.60652818742453, "total_22000": 4028, "HasAns_exact_22000": 59.08639523336643, "HasAns_f1_22000": 71.60652818742453, "HasAns_total_22000": 4028, "exact_24000": 59.53326713008938, "f1_24000": 72.02532572291436, "total_24000": 4028, "HasAns_exact_24000": 59.53326713008938, "HasAns_f1_24000": 72.02532572291436, "HasAns_total_24000": 4028, "exact_26000": 59.40913604766634, "f1_26000": 71.53042815737713, "total_26000": 4028, "HasAns_exact_26000": 59.40913604766634, "HasAns_f1_26000": 71.53042815737713, "HasAns_total_26000": 4028, "exact_28000": 59.55809334657398, "f1_28000": 72.493771358494, "total_28000": 4028, "HasAns_exact_28000": 59.55809334657398, "HasAns_f1_28000": 72.493771358494, "HasAns_total_28000": 4028, "exact_30000": 60.00496524329692, "f1_30000": 72.7747731107088, "total_30000": 4028, "HasAns_exact_30000": 60.00496524329692, "HasAns_f1_30000": 72.7747731107088, "HasAns_total_30000": 4028, "exact_32000": 59.70705064548163, "f1_32000": 72.44069147121701, "total_32000": 4028, "HasAns_exact_32000": 59.70705064548163, "HasAns_f1_32000": 72.44069147121701, "HasAns_total_32000": 4028, "exact_34000": 60.178748758689174, "f1_34000": 72.60928574141555, "total_34000": 4028, "HasAns_exact_34000": 60.178748758689174, "HasAns_f1_34000": 72.60928574141555, "HasAns_total_34000": 4028, "exact_36000": 60.427010923535256, "f1_36000": 72.79148866718558, "total_36000": 4028, "HasAns_exact_36000": 60.427010923535256, "HasAns_f1_36000": 72.79148866718558, "HasAns_total_36000": 4028, "exact_38000": 59.955312810327705, "f1_38000": 72.6212733718422, "total_38000": 4028, "HasAns_exact_38000": 59.955312810327705, "HasAns_f1_38000": 72.6212733718422, "HasAns_total_38000": 4028, "exact_40000": 60.50148957298908, "f1_40000": 72.85881065121342, "total_40000": 4028, "HasAns_exact_40000": 60.50148957298908, "HasAns_f1_40000": 72.85881065121342, "HasAns_total_40000": 4028, "exact_42000": 61.370407149950346, "f1_42000": 73.47322753414647, "total_42000": 4028, "HasAns_exact_42000": 61.370407149950346, "HasAns_f1_42000": 73.47322753414647, "HasAns_total_42000": 4028, "exact_44000": 61.46971201588878, "f1_44000": 73.58884731807494, "total_44000": 4028, "HasAns_exact_44000": 61.46971201588878, "HasAns_f1_44000": 73.58884731807494, "HasAns_total_44000": 4028, "exact_46000": 60.77457795431976, "f1_46000": 73.09511168033256, "total_46000": 4028, "HasAns_exact_46000": 60.77457795431976, "HasAns_f1_46000": 73.09511168033256, "HasAns_total_46000": 4028, "exact_48000": 62.28897715988084, "f1_48000": 74.28902818791843, "total_48000": 4028, "HasAns_exact_48000": 62.28897715988084, "HasAns_f1_48000": 74.28902818791843, "HasAns_total_48000": 4028, "exact_50000": 61.42005958291956, "f1_50000": 73.87401909810845, "total_50000": 4028, "HasAns_exact_50000": 61.42005958291956, "HasAns_f1_50000": 73.87401909810845, "HasAns_total_50000": 4028, "exact_52000": 61.64349553128103, "f1_52000": 74.4004119785768, "total_52000": 4028, "HasAns_exact_52000": 61.64349553128103, "HasAns_f1_52000": 74.4004119785768, "HasAns_total_52000": 4028, "exact_54000": 62.21449851042701, "f1_54000": 74.35110004768524, "total_54000": 4028, "HasAns_exact_54000": 62.21449851042701, "HasAns_f1_54000": 74.35110004768524, "HasAns_total_54000": 4028, "exact_56000": 61.96623634558093, "f1_56000": 74.15092768704872, "total_56000": 4028, "HasAns_exact_56000": 61.96623634558093, "HasAns_f1_56000": 74.15092768704872, "HasAns_total_56000": 4028, "exact_58000": 61.991062562065544, "f1_58000": 74.1153476834781, "total_58000": 4028, "HasAns_exact_58000": 61.991062562065544, "HasAns_f1_58000": 74.1153476834781, "HasAns_total_58000": 4028, "exact_60000": 61.89175769612711, "f1_60000": 74.26877822094448, "total_60000": 4028, "HasAns_exact_60000": 61.89175769612711, "HasAns_f1_60000": 74.26877822094448, "HasAns_total_60000": 4028, "exact_62000": 61.64349553128103, "f1_62000": 74.20184523256387, "total_62000": 4028, "HasAns_exact_62000": 61.64349553128103, "HasAns_f1_62000": 74.20184523256387, "HasAns_total_62000": 4028, "exact_64000": 62.09036742800397, "f1_64000": 74.35420534308875, "total_64000": 4028, "HasAns_exact_64000": 62.09036742800397, "HasAns_f1_64000": 74.35420534308875, "HasAns_total_64000": 4028, "exact_66000": 61.767626613704074, "f1_66000": 73.963802413838, "total_66000": 4028, "HasAns_exact_66000": 61.767626613704074, "HasAns_f1_66000": 73.963802413838, "HasAns_total_66000": 4028, "exact_68000": 62.53723932472691, "f1_68000": 74.84486929106988, "total_68000": 4028, "HasAns_exact_68000": 62.53723932472691, "HasAns_f1_68000": 74.84486929106988, "HasAns_total_68000": 4028, "exact_70000": 62.53723932472691, "f1_70000": 74.52498865166136, "total_70000": 4028, "HasAns_exact_70000": 62.53723932472691, "HasAns_f1_70000": 74.52498865166136, "HasAns_total_70000": 4028, "exact_72000": 62.164846077457796, "f1_72000": 74.49192729876297, "total_72000": 4028, "HasAns_exact_72000": 62.164846077457796, "HasAns_f1_72000": 74.49192729876297, "HasAns_total_72000": 4028, "exact_74000": 61.991062562065544, "f1_74000": 74.32144660305286, "total_74000": 4028, "HasAns_exact_74000": 61.991062562065544, "HasAns_f1_74000": 74.32144660305286, "HasAns_total_74000": 4028, "exact_76000": 62.11519364448858, "f1_76000": 74.44415413971046, "total_76000": 4028, "HasAns_exact_76000": 62.11519364448858, "HasAns_f1_76000": 74.44415413971046, "HasAns_total_76000": 4028, "exact_78000": 62.735849056603776, "f1_78000": 74.76228163650524, "total_78000": 4028, "HasAns_exact_78000": 62.735849056603776, "HasAns_f1_78000": 74.76228163650524, "HasAns_total_78000": 4028, "exact_80000": 62.31380337636544, "f1_80000": 74.68766630545915, "total_80000": 4028, "HasAns_exact_80000": 62.31380337636544, "HasAns_f1_80000": 74.68766630545915, "HasAns_total_80000": 4028, "exact_82000": 61.79245283018868, "f1_82000": 74.57392074126446, "total_82000": 4028, "HasAns_exact_82000": 61.79245283018868, "HasAns_f1_82000": 74.57392074126446, "HasAns_total_82000": 4028, "exact_84000": 62.264150943396224, "f1_84000": 74.78316940249333, "total_84000": 4028,