{"exact_2000": 49.70208540218471, "f1_2000": 61.92778173376949, "total_2000": 4028, "HasAns_exact_2000": 49.70208540218471, "HasAns_f1_2000": 61.92778173376949, "HasAns_total_2000": 4028, "exact_4000": 52.904667328699105, "f1_4000": 65.60549331337351, "total_4000": 4028, "HasAns_exact_4000": 52.904667328699105, "HasAns_f1_4000": 65.60549331337351, "HasAns_total_4000": 4028, "exact_6000": 55.163853028798414, "f1_6000": 68.03606420348308, "total_6000": 4028, "HasAns_exact_6000": 55.163853028798414, "HasAns_f1_6000": 68.03606420348308, "HasAns_total_6000": 4028, "exact_8000": 56.03277060575968, "f1_8000": 68.85051656050857, "total_8000": 4028, "HasAns_exact_8000": 56.03277060575968, "HasAns_f1_8000": 68.85051656050857, "HasAns_total_8000": 4028, "exact_10000": 55.53624627606753, "f1_10000": 68.90173921114932, "total_10000": 4028, "HasAns_exact_10000": 55.53624627606753, "HasAns_f1_10000": 68.90173921114932, "HasAns_total_10000": 4028, "exact_12000": 57.72095332671301, "f1_12000": 69.95516110310452, "total_12000": 4028, "HasAns_exact_12000": 57.72095332671301, "HasAns_f1_12000": 69.95516110310452, "HasAns_total_12000": 4028, "exact_14000": 57.72095332671301, "f1_14000": 70.34824439426976, "total_14000": 4028, "HasAns_exact_14000": 57.72095332671301, "HasAns_f1_14000": 70.34824439426976, "HasAns_total_14000": 4028, "exact_16000": 57.49751737835154, "f1_16000": 70.28207543225861, "total_16000": 4028, "HasAns_exact_16000": 57.49751737835154, "HasAns_f1_16000": 70.28207543225861, "HasAns_total_16000": 4028, "exact_18000": 58.04369414101291, "f1_18000": 70.77544380208911, "total_18000": 4028, "HasAns_exact_18000": 58.04369414101291, "HasAns_f1_18000": 70.77544380208911, "HasAns_total_18000": 4028}