{"exact_2000": 49.6772591857001, "f1_2000": 61.96165554396875, "total_2000": 4028, "HasAns_exact_2000": 49.6772591857001, "HasAns_f1_2000": 61.96165554396875, "HasAns_total_2000": 4028, "exact_4000": 52.904667328699105, "f1_4000": 65.5733331515653, "total_4000": 4028, "HasAns_exact_4000": 52.904667328699105, "HasAns_f1_4000": 65.5733331515653, "HasAns_total_4000": 4028, "exact_6000": 54.592850049652434, "f1_6000": 67.90119901635168, "total_6000": 4028, "HasAns_exact_6000": 54.592850049652434, "HasAns_f1_6000": 67.90119901635168, "HasAns_total_6000": 4028, "exact_8000": 56.181727904667326, "f1_8000": 69.3658741944714, "total_8000": 4028, "HasAns_exact_8000": 56.181727904667326, "HasAns_f1_8000": 69.3658741944714, "HasAns_total_8000": 4028, "exact_10000": 57.249255213505464, "f1_10000": 69.70529368832217, "total_10000": 4028, "HasAns_exact_10000": 57.249255213505464, "HasAns_f1_10000": 69.70529368832217, "HasAns_total_10000": 4028, "exact_12000": 56.92651439920556, "f1_12000": 70.07366258824996, "total_12000": 4028, "HasAns_exact_12000": 56.92651439920556, "HasAns_f1_12000": 70.07366258824996, "HasAns_total_12000": 4028, "exact_14000": 58.440913604766635, "f1_14000": 71.05359407548683, "total_14000": 4028, "HasAns_exact_14000": 58.440913604766635, "HasAns_f1_14000": 71.05359407548683, "HasAns_total_14000": 4028, "exact_16000": 58.58987090367428, "f1_16000": 70.9222356892734, "total_16000": 4028, "HasAns_exact_16000": 58.58987090367428, "HasAns_f1_16000": 70.9222356892734, "HasAns_total_16000": 4028, "exact_18000": 59.6077457795432, "f1_18000": 72.07467327090802, "total_18000": 4028, "HasAns_exact_18000": 59.6077457795432, "HasAns_f1_18000": 72.07467327090802, "HasAns_total_18000": 4028, "exact_20000": 59.03674280039722, "f1_20000": 71.45549263185518, "total_20000": 4028, "HasAns_exact_20000": 59.03674280039722, "HasAns_f1_20000": 71.45549263185518, "HasAns_total_20000": 4028, "exact_22000": 59.905660377358494, "f1_22000": 72.17390398929149, "total_22000": 4028, "HasAns_exact_22000": 59.905660377358494, "HasAns_f1_22000": 72.17390398929149, "HasAns_total_22000": 4028, "exact_24000": 59.731876861966235, "f1_24000": 72.14369694522414, "total_24000": 4028, "HasAns_exact_24000": 59.731876861966235, "HasAns_f1_24000": 72.14369694522414, "HasAns_total_24000": 4028, "exact_26000": 60.00496524329692, "f1_26000": 72.47563018075681, "total_26000": 4028, "HasAns_exact_26000": 60.00496524329692, "HasAns_f1_26000": 72.47563018075681, "HasAns_total_26000": 4028, "exact_28000": 59.83118172790467, "f1_28000": 71.92193775515751, "total_28000": 4028, "HasAns_exact_28000": 59.83118172790467, "HasAns_f1_28000": 71.92193775515751, "HasAns_total_28000": 4028, "exact_30000": 59.65739821251241, "f1_30000": 72.37428272211513, "total_30000": 4028, "HasAns_exact_30000": 59.65739821251241, "HasAns_f1_30000": 72.37428272211513, "HasAns_total_30000": 4028, "exact_32000": 60.22840119165839, "f1_32000": 72.88014285454874, "total_32000": 4028, "HasAns_exact_32000": 60.22840119165839, "HasAns_f1_32000": 72.88014285454874, "HasAns_total_32000": 4028, "exact_34000": 60.70009930486594, "f1_34000": 73.46846478162975, "total_34000": 4028, "HasAns_exact_34000": 60.70009930486594, "HasAns_f1_34000": 73.46846478162975, "HasAns_total_34000": 4028, "exact_36000": 61.2214498510427, "f1_36000": 73.80910567843459, "total_36000": 4028, "HasAns_exact_36000": 61.2214498510427, "HasAns_f1_36000": 73.80910567843459, "HasAns_total_36000": 4028, "exact_38000": 60.55114200595829, "f1_38000": 73.17569251267213, "total_38000": 4028, "HasAns_exact_38000": 60.55114200595829, "HasAns_f1_38000": 73.17569251267213, "HasAns_total_38000": 4028, "exact_40000": 60.5759682224429, "f1_40000": 72.9520371293373, "total_40000": 4028, "HasAns_exact_40000": 60.5759682224429, "HasAns_f1_40000": 72.9520371293373, "HasAns_total_40000": 4028, "exact_42000": 60.67527308838133, "f1_42000": 73.52027701788484, "total_42000": 4028, "HasAns_exact_42000": 60.67527308838133, "HasAns_f1_42000": 73.52027701788484, "HasAns_total_42000": 4028, "exact_44000": 61.097318768619665, "f1_44000": 73.74007615359051, "total_44000": 4028, "HasAns_exact_44000": 61.097318768619665, "HasAns_f1_44000": 73.74007615359051, "HasAns_total_44000": 4028, "exact_46000": 61.320754716981135, "f1_46000": 73.60508718828073, "total_46000": 4028, "HasAns_exact_46000": 61.320754716981135, "HasAns_f1_46000": 73.60508718828073, "HasAns_total_46000": 4028, "exact_48000": 60.70009930486594, "f1_48000": 73.61068944344508, "total_48000": 4028, "HasAns_exact_48000": 60.70009930486594, "HasAns_f1_48000": 73.61068944344508, "HasAns_total_48000": 4028, "exact_50000": 61.370407149950346, "f1_50000": 73.55373623311118, "total_50000": 4028, "HasAns_exact_50000": 61.370407149950346, "HasAns_f1_50000": 73.55373623311118, "HasAns_total_50000": 4028}