{"exact_2000": 48.68421052631579, "f1_2000": 61.50324783277733, "total_2000": 4028, "HasAns_exact_2000": 48.68421052631579, "HasAns_f1_2000": 61.50324783277733, "HasAns_total_2000": 4028, "exact_4000": 52.43296921549156, "f1_4000": 65.10022313105237, "total_4000": 4028, "HasAns_exact_4000": 52.43296921549156, "HasAns_f1_4000": 65.10022313105237, "HasAns_total_4000": 4028, "exact_6000": 54.69215491559086, "f1_6000": 67.33804433871705, "total_6000": 4028, "HasAns_exact_6000": 54.69215491559086, "HasAns_f1_6000": 67.33804433871705, "HasAns_total_6000": 4028, "exact_8000": 54.990069513406155, "f1_8000": 68.11781034698275, "total_8000": 4028, "HasAns_exact_8000": 54.990069513406155, "HasAns_f1_8000": 68.11781034698275, "HasAns_total_8000": 4028, "exact_10000": 56.454816285998014, "f1_10000": 69.17518225380381, "total_10000": 4028, "HasAns_exact_10000": 56.454816285998014, "HasAns_f1_10000": 69.17518225380381, "HasAns_total_10000": 4028, "exact_12000": 56.20655412115194, "f1_12000": 69.56033249411364, "total_12000": 4028, "HasAns_exact_12000": 56.20655412115194, "HasAns_f1_12000": 69.56033249411364, "HasAns_total_12000": 4028, "exact_14000": 56.52929493545184, "f1_14000": 69.70583168666758, "total_14000": 4028, "HasAns_exact_14000": 56.52929493545184, "HasAns_f1_14000": 69.70583168666758, "HasAns_total_14000": 4028, "exact_16000": 57.10029791459782, "f1_16000": 70.34801027974257, "total_16000": 4028, "HasAns_exact_16000": 57.10029791459782, "HasAns_f1_16000": 70.34801027974257, "HasAns_total_16000": 4028, "exact_18000": 57.522343594836144, "f1_18000": 70.16922820470013, "total_18000": 4028, "HasAns_exact_18000": 57.522343594836144, "HasAns_f1_18000": 70.16922820470013, "HasAns_total_18000": 4028, "exact_20000": 58.36643495531281, "f1_20000": 71.1618773157064, "total_20000": 4028, "HasAns_exact_20000": 58.36643495531281, "HasAns_f1_20000": 71.1618773157064, "HasAns_total_20000": 4028, "exact_22000": 58.61469712015889, "f1_22000": 71.77975936360227, "total_22000": 4028, "HasAns_exact_22000": 58.61469712015889, "HasAns_f1_22000": 71.77975936360227, "HasAns_total_22000": 4028, "exact_24000": 58.36643495531281, "f1_24000": 71.64760922694539, "total_24000": 4028, "HasAns_exact_24000": 58.36643495531281, "HasAns_f1_24000": 71.64760922694539, "HasAns_total_24000": 4028, "exact_26000": 59.061569016881826, "f1_26000": 72.24222261534631, "total_26000": 4028, "HasAns_exact_26000": 59.061569016881826, "HasAns_f1_26000": 72.24222261534631, "HasAns_total_26000": 4028, "exact_28000": 59.905660377358494, "f1_28000": 72.48054561441481, "total_28000": 4028, "HasAns_exact_28000": 59.905660377358494, "HasAns_f1_28000": 72.48054561441481, "HasAns_total_28000": 4028, "exact_30000": 59.6077457795432, "f1_30000": 72.06072394942954, "total_30000": 4028, "HasAns_exact_30000": 59.6077457795432, "HasAns_f1_30000": 72.06072394942954, "HasAns_total_30000": 4028, "exact_32000": 59.58291956305859, "f1_32000": 72.4824339866952, "total_32000": 4028, "HasAns_exact_32000": 59.58291956305859, "HasAns_f1_32000": 72.4824339866952, "HasAns_total_32000": 4028, "exact_34000": 59.58291956305859, "f1_34000": 72.5646104355346, "total_34000": 4028, "HasAns_exact_34000": 59.58291956305859, "HasAns_f1_34000": 72.5646104355346, "HasAns_total_34000": 4028, "exact_36000": 59.98013902681232, "f1_36000": 72.64614880320158, "total_36000": 4028, "HasAns_exact_36000": 59.98013902681232, "HasAns_f1_36000": 72.64614880320158, "HasAns_total_36000": 4028, "exact_38000": 59.43396226415094, "f1_38000": 72.51477711023045, "total_38000": 4028, "HasAns_exact_38000": 59.43396226415094, "HasAns_f1_38000": 72.51477711023045, "HasAns_total_38000": 4028, "exact_40000": 59.83118172790467, "f1_40000": 72.9185658351906, "total_40000": 4028, "HasAns_exact_40000": 59.83118172790467, "HasAns_f1_40000": 72.9185658351906, "HasAns_total_40000": 4028, "exact_42000": 60.32770605759682, "f1_42000": 73.13217549671883, "total_42000": 4028, "HasAns_exact_42000": 60.32770605759682, "HasAns_f1_42000": 73.13217549671883, "HasAns_total_42000": 4028, "exact_44000": 60.253227408143, "f1_44000": 73.37109120277728, "total_44000": 4028, "HasAns_exact_44000": 60.253227408143, "HasAns_f1_44000": 73.37109120277728, "HasAns_total_44000": 4028, "exact_46000": 61.02284011916584, "f1_46000": 73.35622810807455, "total_46000": 4028, "HasAns_exact_46000": 61.02284011916584, "HasAns_f1_46000": 73.35622810807455, "HasAns_total_46000": 4028, "exact_48000": 60.10427010923535, "f1_48000": 73.0534251235854, "total_48000": 4028, "HasAns_exact_48000": 60.10427010923535, "HasAns_f1_48000": 73.0534251235854, "HasAns_total_48000": 4028, "exact_50000": 60.62562065541211, "f1_50000": 73.28343914871587, "total_50000": 4028, "HasAns_exact_50000": 60.62562065541211, "HasAns_f1_50000": 73.28343914871587, "HasAns_total_50000": 4028, "exact_52000": 60.00496524329692, "f1_52000": 73.02793721275268, "total_52000": 4028, "HasAns_exact_52000": 60.00496524329692, "HasAns_f1_52000": 73.02793721275268, "HasAns_total_52000": 4028, "exact_54000": 60.70009930486594, "f1_54000": 73.90236912058516, "total_54000": 4028, "HasAns_exact_54000": 60.70009930486594, "HasAns_f1_54000": 73.90236912058516, "HasAns_total_54000": 4028, "exact_56000": 60.37735849056604, "f1_56000": 73.37376662812797, "total_56000": 4028, "HasAns_exact_56000": 60.37735849056604, "HasAns_f1_56000": 73.37376662812797, "HasAns_total_56000": 4028, "exact_58000": 61.767626613704074, "f1_58000": 73.59054403458721, "total_58000": 4028, "HasAns_exact_58000": 61.767626613704074, "HasAns_f1_58000": 73.59054403458721, "HasAns_total_58000": 4028, "exact_60000": 61.717974180734856, "f1_60000": 74.18588866937186, "total_60000": 4028, "HasAns_exact_60000": 61.717974180734856, "HasAns_f1_60000": 74.18588866937186, "HasAns_total_60000": 4028, "exact_62000": 61.34558093346574, "f1_62000": 74.02254172175418, "total_62000": 4028, "HasAns_exact_62000": 61.34558093346574, "HasAns_f1_62000": 74.02254172175418, "HasAns_total_62000": 4028, "exact_64000": 61.46971201588878, "f1_64000": 73.97912513769631, "total_64000": 4028, "HasAns_exact_64000": 61.46971201588878, "HasAns_f1_64000": 73.97912513769631, "HasAns_total_64000": 4028, "exact_66000": 61.8669314796425, "f1_66000": 74.0644778167216, "total_66000": 4028, "HasAns_exact_66000": 61.8669314796425, "HasAns_f1_66000": 74.0644778167216, "HasAns_total_66000": 4028, "exact_68000": 62.512413108242306, "f1_68000": 74.36267951964207, "total_68000": 4028, "HasAns_exact_68000": 62.512413108242306, "HasAns_f1_68000": 74.36267951964207, "HasAns_total_68000": 4028, "exact_70000": 62.31380337636544, "f1_70000": 74.2181860767327, "total_70000": 4028, "HasAns_exact_70000": 62.31380337636544, "HasAns_f1_70000": 74.2181860767327, "HasAns_total_70000": 4028, "exact_72000": 61.49453823237339, "f1_72000": 73.95563194949273, "total_72000": 4028, "HasAns_exact_72000": 61.49453823237339, "HasAns_f1_72000": 73.95563194949273, "HasAns_total_72000": 4028, "exact_74000": 61.69314796425025, "f1_74000": 74.07416926706456, "total_74000": 4028, "HasAns_exact_74000": 61.69314796425025, "HasAns_f1_74000": 74.07416926706456, "HasAns_total_74000": 4028, "exact_76000": 61.49453823237339, "f1_76000": 74.17044618517103, "total_76000": 4028, "HasAns_exact_76000": 61.49453823237339, "HasAns_f1_76000": 74.17044618517103, "HasAns_total_76000": 4028, "exact_78000": 60.99801390268123, "f1_78000": 73.84813856872397, "total_78000": 4028, "HasAns_exact_78000": 60.99801390268123, "HasAns_f1_78000": 73.84813856872397, "HasAns_total_78000": 4028, "exact_80000": 61.097318768619665, "f1_80000": 73.91147490670879, "total_80000": 4028, "HasAns_exact_80000": 61.097318768619665, "HasAns_f1_80000": 73.91147490670879, "HasAns_total_80000": 4028, "exact_82000": 61.29592850049652, "f1_82000": 74.31554460698395, "total_82000": 4028, "HasAns_exact_82000": 61.29592850049652, "HasAns_f1_82000": 74.31554460698395, "HasAns_total_82000": 4028, "exact_84000": 61.61866931479643, "f1_84000": 74.32359476830315, "total_84000": 4028,