{"exact_10000": 39.17576961271102, "f1_10000": 49.41101479467336, "total_10000": 4028, "HasAns_exact_10000": 39.17576961271102, "HasAns_f1_10000": 49.41101479467336, "HasAns_total_10000": 4028, "exact_100000": 43.09831181727905, "f1_100000": 55.748848955319964, "total_100000": 4028, "HasAns_exact_100000": 43.09831181727905, "HasAns_f1_100000": 55.748848955319964, "HasAns_total_100000": 4028, "exact_102000": 43.371400198609734, "f1_102000": 55.38780565174379, "total_102000": 4028, "HasAns_exact_102000": 43.371400198609734, "HasAns_f1_102000": 55.38780565174379, "HasAns_total_102000": 4028, "exact_104000": 43.66931479642503, "f1_104000": 55.9076084455383, "total_104000": 4028, "HasAns_exact_104000": 43.66931479642503, "HasAns_f1_104000": 55.9076084455383, "HasAns_total_104000": 4028, "exact_106000": 43.371400198609734, "f1_106000": 55.55207705900242, "total_106000": 4028, "HasAns_exact_106000": 43.371400198609734, "HasAns_f1_106000": 55.55207705900242, "HasAns_total_106000": 4028, "exact_108000": 43.197616683217475, "f1_108000": 55.293713879944434, "total_108000": 4028, "HasAns_exact_108000": 43.197616683217475, "HasAns_f1_108000": 55.293713879944434, "HasAns_total_108000": 4028, "exact_110000": 43.57000993048659, "f1_110000": 55.69902477687805, "total_110000": 4028, "HasAns_exact_110000": 43.57000993048659, "HasAns_f1_110000": 55.69902477687805, "HasAns_total_110000": 4028, "exact_112000": 43.61966236345581, "f1_112000": 55.67679843669683, "total_112000": 4028, "HasAns_exact_112000": 43.61966236345581, "HasAns_f1_112000": 55.67679843669683, "HasAns_total_112000": 4028, "exact_114000": 43.61966236345581, "f1_114000": 55.93513991100593, "total_114000": 4028, "HasAns_exact_114000": 43.61966236345581, "HasAns_f1_114000": 55.93513991100593, "HasAns_total_114000": 4028, "exact_116000": 43.545183714001986, "f1_116000": 55.80375310365849, "total_116000": 4028, "HasAns_exact_116000": 43.545183714001986, "HasAns_f1_116000": 55.80375310365849, "HasAns_total_116000": 4028, "exact_118000": 43.32174776564052, "f1_118000": 55.58585472854644, "total_118000": 4028, "HasAns_exact_118000": 43.32174776564052, "HasAns_f1_118000": 55.58585472854644, "HasAns_total_118000": 4028, "exact_12000": 39.4240317775571, "f1_12000": 49.55788627811243, "total_12000": 4028, "HasAns_exact_12000": 39.4240317775571, "HasAns_f1_12000": 49.55788627811243, "HasAns_total_12000": 4028, "exact_120000": 43.39622641509434, "f1_120000": 55.42049431859883, "total_120000": 4028, "HasAns_exact_120000": 43.39622641509434, "HasAns_f1_120000": 55.42049431859883, "HasAns_total_120000": 4028, "exact_122000": 43.79344587884806, "f1_122000": 56.089875651336584, "total_122000": 4028, "HasAns_exact_122000": 43.79344587884806, "HasAns_f1_122000": 56.089875651336584, "HasAns_total_122000": 4028, "exact_124000": 43.57000993048659, "f1_124000": 55.66879834510536, "total_124000": 4028, "HasAns_exact_124000": 43.57000993048659, "HasAns_f1_124000": 55.66879834510536, "HasAns_total_124000": 4028, "exact_126000": 43.17279046673287, "f1_126000": 55.63968472934691, "total_126000": 4028, "HasAns_exact_126000": 43.17279046673287, "HasAns_f1_126000": 55.63968472934691, "HasAns_total_126000": 4028, "exact_128000": 43.9175769612711, "f1_128000": 56.3442654496855, "total_128000": 4028, "HasAns_exact_128000": 43.9175769612711, "HasAns_f1_128000": 56.3442654496855, "HasAns_total_128000": 4028, "exact_130000": 43.39622641509434, "f1_130000": 55.83055500960487, "total_130000": 4028, "HasAns_exact_130000": 43.39622641509434, "HasAns_f1_130000": 55.83055500960487, "HasAns_total_130000": 4028, "exact_132000": 43.49553128103277, "f1_132000": 55.74594361652016, "total_132000": 4028, "HasAns_exact_132000": 43.49553128103277, "HasAns_f1_132000": 55.74594361652016, "HasAns_total_132000": 4028, "exact_134000": 43.768619662363456, "f1_134000": 55.987621958158336, "total_134000": 4028, "HasAns_exact_134000": 43.768619662363456, "HasAns_f1_134000": 55.987621958158336, "HasAns_total_134000": 4028, "exact_136000": 43.9175769612711, "f1_136000": 56.31555706899519, "total_136000": 4028, "HasAns_exact_136000": 43.9175769612711, "HasAns_f1_136000": 56.31555706899519, "HasAns_total_136000": 4028, "exact_138000": 43.371400198609734, "f1_138000": 55.80306057990336, "total_138000": 4028, "HasAns_exact_138000": 43.371400198609734, "HasAns_f1_138000": 55.80306057990336, "HasAns_total_138000": 4028, "exact_14000": 41.53426017874876, "f1_14000": 52.17929063032358, "total_14000": 4028, "HasAns_exact_14000": 41.53426017874876, "HasAns_f1_14000": 52.17929063032358, "HasAns_total_14000": 4028, "exact_140000": 44.19066534260179, "f1_140000": 56.21355675120815, "total_140000": 4028, "HasAns_exact_140000": 44.19066534260179, "HasAns_f1_140000": 56.21355675120815, "HasAns_total_140000": 4028, "exact_142000": 43.71896722939424, "f1_142000": 55.80880991409251, "total_142000": 4028, "HasAns_exact_142000": 43.71896722939424, "HasAns_f1_142000": 55.80880991409251, "HasAns_total_142000": 4028, "exact_144000": 43.867924528301884, "f1_144000": 55.92021199346542, "total_144000": 4028, "HasAns_exact_144000": 43.867924528301884, "HasAns_f1_144000": 55.92021199346542, "HasAns_total_144000": 4028, "exact_146000": 43.594836146971204, "f1_146000": 56.00871663414512, "total_146000": 4028, "HasAns_exact_146000": 43.594836146971204, "HasAns_f1_146000": 56.00871663414512, "HasAns_total_146000": 4028, "exact_148000": 43.818272095332674, "f1_148000": 56.10298543255228, "total_148000": 4028, "HasAns_exact_148000": 43.818272095332674, "HasAns_f1_148000": 56.10298543255228, "HasAns_total_148000": 4028, "exact_150000": 43.644488579940415, "f1_150000": 55.94558967196945, "total_150000": 4028, "HasAns_exact_150000": 43.644488579940415, "HasAns_f1_150000": 55.94558967196945, "HasAns_total_150000": 4028, "exact_152000": 43.9175769612711, "f1_152000": 56.331015414643154, "total_152000": 4028, "HasAns_exact_152000": 43.9175769612711, "HasAns_f1_152000": 56.331015414643154, "HasAns_total_152000": 4028, "exact_154000": 43.79344587884806, "f1_154000": 56.138120864437695, "total_154000": 4028, "HasAns_exact_154000": 43.79344587884806, "HasAns_f1_154000": 56.138120864437695, "HasAns_total_154000": 4028, "exact_156000": 43.32174776564052, "f1_156000": 55.73452023087565, "total_156000": 4028, "HasAns_exact_156000": 43.32174776564052, "HasAns_f1_156000": 55.73452023087565, "HasAns_total_156000": 4028, "exact_158000": 43.44587884806356, "f1_158000": 55.774436863741634, "total_158000": 4028, "HasAns_exact_158000": 43.44587884806356, "HasAns_f1_158000": 55.774436863741634, "HasAns_total_158000": 4028, "exact_16000": 41.18669314796425, "f1_16000": 52.299168072087525, "total_16000": 4028, "HasAns_exact_16000": 41.18669314796425, "HasAns_f1_16000": 52.299168072087525, "HasAns_total_16000": 4028, "exact_160000": 43.421052631578945, "f1_160000": 55.84727431022963, "total_160000": 4028, "HasAns_exact_160000": 43.421052631578945, "HasAns_f1_160000": 55.84727431022963, "HasAns_total_160000": 4028, "exact_18000": 41.93147964250248, "f1_18000": 52.569879245264005, "total_18000": 4028, "HasAns_exact_18000": 41.93147964250248, "HasAns_f1_18000": 52.569879245264005, "HasAns_total_18000": 4028, "exact_2000": 25.297914597815293, "f1_2000": 34.3519882748158, "total_2000": 4028, "HasAns_exact_2000": 25.297914597815293, "HasAns_f1_2000": 34.3519882748158, "HasAns_total_2000": 4028, "exact_20000": 42.254220456802386, "f1_20000": 53.51818660885233, "total_20000": 4028, "HasAns_exact_20000": 42.254220456802386, "HasAns_f1_20000": 53.51818660885233, "HasAns_total_20000": 4028, "exact_22000": 42.3038728897716, "f1_22000": 53.22303830420509, "total_22000": 4028, "HasAns_exact_22000": 42.3038728897716, "HasAns_f1_22000": 53.22303830420509, "HasAns_total_22000": 4028, "exact_24000": 42.924528301886795, "f1_24000": 53.82561606447149, "total_24000": 4028, "HasAns_exact_24000": 42.924528301886795, "HasAns_f1_24000": 53.82561606447149, "HasAns_total_24000": 4028, "exact_26000": 42.576961271102284, "f1_26000": 53.85259704992364,