{"exact_2000": 51.266137040714995, "f1_2000": 63.16952337470851, "total_2000": 4028, "HasAns_exact_2000": 51.266137040714995, "HasAns_f1_2000": 63.16952337470851, "HasAns_total_2000": 4028, "exact_4000": 54.716981132075475, "f1_4000": 66.68943887537496, "total_4000": 4028, "HasAns_exact_4000": 54.716981132075475, "HasAns_f1_4000": 66.68943887537496, "HasAns_total_4000": 4028, "exact_6000": 56.405163853028796, "f1_6000": 67.81364189585646, "total_6000": 4028, "HasAns_exact_6000": 56.405163853028796, "HasAns_f1_6000": 67.81364189585646, "HasAns_total_6000": 4028, "exact_8000": 58.440913604766635, "f1_8000": 70.15808698387427, "total_8000": 4028, "HasAns_exact_8000": 58.440913604766635, "HasAns_f1_8000": 70.15808698387427, "HasAns_total_8000": 4028, "exact_10000": 59.21052631578947, "f1_10000": 70.83740995676604, "total_10000": 4028, "HasAns_exact_10000": 59.21052631578947, "HasAns_f1_10000": 70.83740995676604, "HasAns_total_10000": 4028, "exact_12000": 59.58291956305859, "f1_12000": 70.63865055729639, "total_12000": 4028, "HasAns_exact_12000": 59.58291956305859, "HasAns_f1_12000": 70.63865055729639, "HasAns_total_12000": 4028, "exact_14000": 60.27805362462761, "f1_14000": 71.7305657692949, "total_14000": 4028, "HasAns_exact_14000": 60.27805362462761, "HasAns_f1_14000": 71.7305657692949, "HasAns_total_14000": 4028, "exact_16000": 60.5759682224429, "f1_16000": 72.00635743922606, "total_16000": 4028, "HasAns_exact_16000": 60.5759682224429, "HasAns_f1_16000": 72.00635743922606, "HasAns_total_16000": 4028, "exact_18000": 59.83118172790467, "f1_18000": 71.58141933601371, "total_18000": 4028, "HasAns_exact_18000": 59.83118172790467, "HasAns_f1_18000": 71.58141933601371, "HasAns_total_18000": 4028, "exact_20000": 60.60079443892751, "f1_20000": 72.03684708254481, "total_20000": 4028, "HasAns_exact_20000": 60.60079443892751, "HasAns_f1_20000": 72.03684708254481, "HasAns_total_20000": 4028, "exact_22000": 60.973187686196624, "f1_22000": 72.12104840672849, "total_22000": 4028, "HasAns_exact_22000": 60.973187686196624, "HasAns_f1_22000": 72.12104840672849, "HasAns_total_22000": 4028, "exact_24000": 60.94836146971202, "f1_24000": 72.19892188213038, "total_24000": 4028, "HasAns_exact_24000": 60.94836146971202, "HasAns_f1_24000": 72.19892188213038, "HasAns_total_24000": 4028, "exact_26000": 61.767626613704074, "f1_26000": 72.93514303084275, "total_26000": 4028, "HasAns_exact_26000": 61.767626613704074, "HasAns_f1_26000": 72.93514303084275, "HasAns_total_26000": 4028, "exact_28000": 61.717974180734856, "f1_28000": 72.89763185897262, "total_28000": 4028, "HasAns_exact_28000": 61.717974180734856, "HasAns_f1_28000": 72.89763185897262, "HasAns_total_28000": 4028, "exact_30000": 62.164846077457796, "f1_30000": 73.2446649481477, "total_30000": 4028, "HasAns_exact_30000": 62.164846077457796, "HasAns_f1_30000": 73.2446649481477, "HasAns_total_30000": 4028, "exact_32000": 61.544190665342605, "f1_32000": 72.6462060748671, "total_32000": 4028, "HasAns_exact_32000": 61.544190665342605, "HasAns_f1_32000": 72.6462060748671, "HasAns_total_32000": 4028, "exact_34000": 62.040714995034755, "f1_34000": 73.43352001216157, "total_34000": 4028, "HasAns_exact_34000": 62.040714995034755, "HasAns_f1_34000": 73.43352001216157, "HasAns_total_34000": 4028, "exact_36000": 62.264150943396224, "f1_36000": 73.14685041580962, "total_36000": 4028, "HasAns_exact_36000": 62.264150943396224, "HasAns_f1_36000": 73.14685041580962, "HasAns_total_36000": 4028, "exact_38000": 61.8421052631579, "f1_38000": 73.11010462339914, "total_38000": 4028, "HasAns_exact_38000": 61.8421052631579, "HasAns_f1_38000": 73.11010462339914, "HasAns_total_38000": 4028, "exact_40000": 62.31380337636544, "f1_40000": 72.97081085866385, "total_40000": 4028, "HasAns_exact_40000": 62.31380337636544, "HasAns_f1_40000": 72.97081085866385, "HasAns_total_40000": 4028, "exact_42000": 62.33862959285005, "f1_42000": 72.94228746510811, "total_42000": 4028, "HasAns_exact_42000": 62.33862959285005, "HasAns_f1_42000": 72.94228746510811, "HasAns_total_42000": 4028, "exact_44000": 62.09036742800397, "f1_44000": 72.95352146269997, "total_44000": 4028, "HasAns_exact_44000": 62.09036742800397, "HasAns_f1_44000": 72.95352146269997, "HasAns_total_44000": 4028, "exact_46000": 62.31380337636544, "f1_46000": 73.2506777687855, "total_46000": 4028, "HasAns_exact_46000": 62.31380337636544, "HasAns_f1_46000": 73.2506777687855, "HasAns_total_46000": 4028, "exact_48000": 61.42005958291956, "f1_48000": 73.03383387742682, "total_48000": 4028, "HasAns_exact_48000": 61.42005958291956, "HasAns_f1_48000": 73.03383387742682, "HasAns_total_48000": 4028, "exact_50000": 62.58689175769613, "f1_50000": 73.26639569955714, "total_50000": 4028, "HasAns_exact_50000": 62.58689175769613, "HasAns_f1_50000": 73.26639569955714, "HasAns_total_50000": 4028, "exact_52000": 62.28897715988084, "f1_52000": 73.40364462665904, "total_52000": 4028, "HasAns_exact_52000": 62.28897715988084, "HasAns_f1_52000": 73.40364462665904, "HasAns_total_52000": 4028, "exact_54000": 62.01588877855015, "f1_54000": 73.13556628276262, "total_54000": 4028, "HasAns_exact_54000": 62.01588877855015, "HasAns_f1_54000": 73.13556628276262, "HasAns_total_54000": 4028, "exact_56000": 62.66137040714995, "f1_56000": 73.5732793656026, "total_56000": 4028, "HasAns_exact_56000": 62.66137040714995, "HasAns_f1_56000": 73.5732793656026, "HasAns_total_56000": 4028, "exact_58000": 62.78550148957299, "f1_58000": 73.60386345734737, "total_58000": 4028, "HasAns_exact_58000": 62.78550148957299, "HasAns_f1_58000": 73.60386345734737, "HasAns_total_58000": 4028, "exact_60000": 62.264150943396224, "f1_60000": 73.43210709860189, "total_60000": 4028, "HasAns_exact_60000": 62.264150943396224, "HasAns_f1_60000": 73.43210709860189, "HasAns_total_60000": 4028, "exact_62000": 63.08341608738828, "f1_62000": 73.44778230271261, "total_62000": 4028, "HasAns_exact_62000": 63.08341608738828, "HasAns_f1_62000": 73.44778230271261, "HasAns_total_62000": 4028, "exact_64000": 62.46276067527309, "f1_64000": 73.05608908197232, "total_64000": 4028, "HasAns_exact_64000": 62.46276067527309, "HasAns_f1_64000": 73.05608908197232, "HasAns_total_64000": 4028, "exact_66000": 62.31380337636544, "f1_66000": 73.14682771698725, "total_66000": 4028, "HasAns_exact_66000": 62.31380337636544, "HasAns_f1_66000": 73.14682771698725, "HasAns_total_66000": 4028, "exact_68000": 62.14001986097319, "f1_68000": 73.17527488542197, "total_68000": 4028, "HasAns_exact_68000": 62.14001986097319, "HasAns_f1_68000": 73.17527488542197, "HasAns_total_68000": 4028, "exact_70000": 62.23932472691162, "f1_70000": 73.18041507826965, "total_70000": 4028, "HasAns_exact_70000": 62.23932472691162, "HasAns_f1_70000": 73.18041507826965, "HasAns_total_70000": 4028, "exact_72000": 62.31380337636544, "f1_72000": 73.28205358883761, "total_72000": 4028, "HasAns_exact_72000": 62.31380337636544, "HasAns_f1_72000": 73.28205358883761, "HasAns_total_72000": 4028, "exact_74000": 62.14001986097319, "f1_74000": 73.00107649229065, "total_74000": 4028, "HasAns_exact_74000": 62.14001986097319, "HasAns_f1_74000": 73.00107649229065, "HasAns_total_74000": 4028, "exact_76000": 62.264150943396224, "f1_76000": 73.20548549492348, "total_76000": 4028, "HasAns_exact_76000": 62.264150943396224, "HasAns_f1_76000": 73.20548549492348, "HasAns_total_76000": 4028, "exact_78000": 61.96623634558093, "f1_78000": 72.82493602491364, "total_78000": 4028, "HasAns_exact_78000": 61.96623634558093, "HasAns_f1_78000": 72.82493602491364, "HasAns_total_78000": 4028}