{"exact_2000": 49.70208540218471, "f1_2000": 61.92778173376949, "total_2000": 4028, "HasAns_exact_2000": 49.70208540218471, "HasAns_f1_2000": 61.92778173376949, "HasAns_total_2000": 4028, "exact_4000": 52.904667328699105, "f1_4000": 65.60549331337351, "total_4000": 4028, "HasAns_exact_4000": 52.904667328699105, "HasAns_f1_4000": 65.60549331337351, "HasAns_total_4000": 4028, "exact_6000": 55.163853028798414, "f1_6000": 68.03606420348308, "total_6000": 4028, "HasAns_exact_6000": 55.163853028798414, "HasAns_f1_6000": 68.03606420348308, "HasAns_total_6000": 4028, "exact_8000": 56.03277060575968, "f1_8000": 68.85051656050857, "total_8000": 4028, "HasAns_exact_8000": 56.03277060575968, "HasAns_f1_8000": 68.85051656050857, "HasAns_total_8000": 4028, "exact_10000": 55.53624627606753, "f1_10000": 68.90173921114932, "total_10000": 4028, "HasAns_exact_10000": 55.53624627606753, "HasAns_f1_10000": 68.90173921114932, "HasAns_total_10000": 4028, "exact_12000": 57.72095332671301, "f1_12000": 69.95516110310452, "total_12000": 4028, "HasAns_exact_12000": 57.72095332671301, "HasAns_f1_12000": 69.95516110310452, "HasAns_total_12000": 4028, "exact_14000": 57.72095332671301, "f1_14000": 70.34824439426976, "total_14000": 4028, "HasAns_exact_14000": 57.72095332671301, "HasAns_f1_14000": 70.34824439426976, "HasAns_total_14000": 4028, "exact_16000": 57.49751737835154, "f1_16000": 70.28207543225861, "total_16000": 4028, "HasAns_exact_16000": 57.49751737835154, "HasAns_f1_16000": 70.28207543225861, "HasAns_total_16000": 4028, "exact_18000": 58.04369414101291, "f1_18000": 70.77544380208911, "total_18000": 4028, "HasAns_exact_18000": 58.04369414101291, "HasAns_f1_18000": 70.77544380208911, "HasAns_total_18000": 4028, "exact_20000": 58.267130089374376, "f1_20000": 70.86127918749197, "total_20000": 4028, "HasAns_exact_20000": 58.267130089374376, "HasAns_f1_20000": 70.86127918749197, "HasAns_total_20000": 4028, "exact_22000": 59.08639523336643, "f1_22000": 71.60652818742453, "total_22000": 4028, "HasAns_exact_22000": 59.08639523336643, "HasAns_f1_22000": 71.60652818742453, "HasAns_total_22000": 4028, "exact_24000": 59.53326713008938, "f1_24000": 72.02532572291436, "total_24000": 4028, "HasAns_exact_24000": 59.53326713008938, "HasAns_f1_24000": 72.02532572291436, "HasAns_total_24000": 4028, "exact_26000": 59.40913604766634, "f1_26000": 71.53042815737713, "total_26000": 4028, "HasAns_exact_26000": 59.40913604766634, "HasAns_f1_26000": 71.53042815737713, "HasAns_total_26000": 4028}