{"exact_2000": 18.19761668321748, "f1_2000": 27.397648214842878, "total_2000": 4028, "HasAns_exact_2000": 18.19761668321748, "HasAns_f1_2000": 27.397648214842878, "HasAns_total_2000": 4028, "exact_4000": 25.372393247269116, "f1_4000": 36.175523349496245, "total_4000": 4028, "HasAns_exact_4000": 25.372393247269116, "HasAns_f1_4000": 36.175523349496245, "HasAns_total_4000": 4028, "exact_6000": 29.39424031777557, "f1_6000": 39.7868619400583, "total_6000": 4028, "HasAns_exact_6000": 29.39424031777557, "HasAns_f1_6000": 39.7868619400583, "HasAns_total_6000": 4028, "exact_8000": 31.85203574975174, "f1_8000": 42.79944540056277, "total_8000": 4028, "HasAns_exact_8000": 31.85203574975174, "HasAns_f1_8000": 42.79944540056277, "HasAns_total_8000": 4028, "exact_10000": 32.84508440913605, "f1_10000": 44.13192363101558, "total_10000": 4028, "HasAns_exact_10000": 32.84508440913605, "HasAns_f1_10000": 44.13192363101558, "HasAns_total_10000": 4028, "exact_12000": 34.508440913604765, "f1_12000": 45.96610794674761, "total_12000": 4028, "HasAns_exact_12000": 34.508440913604765, "HasAns_f1_12000": 45.96610794674761, "HasAns_total_12000": 4028, "exact_14000": 36.07249255213505, "f1_14000": 47.23525606613681, "total_14000": 4028, "HasAns_exact_14000": 36.07249255213505, "HasAns_f1_14000": 47.23525606613681, "HasAns_total_14000": 4028, "exact_16000": 36.8421052631579, "f1_16000": 47.97242252046171, "total_16000": 4028, "HasAns_exact_16000": 36.8421052631579, "HasAns_f1_16000": 47.97242252046171, "HasAns_total_16000": 4028, "exact_18000": 36.79245283018868, "f1_18000": 48.612101567461124, "total_18000": 4028, "HasAns_exact_18000": 36.79245283018868, "HasAns_f1_18000": 48.612101567461124, "HasAns_total_18000": 4028, "exact_20000": 37.14001986097319, "f1_20000": 49.19638877010694, "total_20000": 4028, "HasAns_exact_20000": 37.14001986097319, "HasAns_f1_20000": 49.19638877010694, "HasAns_total_20000": 4028, "exact_22000": 37.56206554121152, "f1_22000": 49.17541010693513, "total_22000": 4028, "HasAns_exact_22000": 37.56206554121152, "HasAns_f1_22000": 49.17541010693513, "HasAns_total_22000": 4028, "exact_24000": 38.679245283018865, "f1_24000": 50.99935299278954, "total_24000": 4028, "HasAns_exact_24000": 38.679245283018865, "HasAns_f1_24000": 50.99935299278954, "HasAns_total_24000": 4028, "exact_26000": 38.82820258192651, "f1_26000": 50.73969420375286, "total_26000": 4028, "HasAns_exact_26000": 38.82820258192651, "HasAns_f1_26000": 50.73969420375286, "HasAns_total_26000": 4028, "exact_28000": 39.821251241310826, "f1_28000": 52.0412534728659, "total_28000": 4028, "HasAns_exact_28000": 39.821251241310826, "HasAns_f1_28000": 52.0412534728659, "HasAns_total_28000": 4028, "exact_30000": 39.77159880834161, "f1_30000": 52.57442498877717, "total_30000": 4028, "HasAns_exact_30000": 39.77159880834161, "HasAns_f1_30000": 52.57442498877717, "HasAns_total_30000": 4028, "exact_32000": 39.79642502482621, "f1_32000": 52.03385984345785, "total_32000": 4028, "HasAns_exact_32000": 39.79642502482621, "HasAns_f1_32000": 52.03385984345785, "HasAns_total_32000": 4028, "exact_34000": 40.44190665342602, "f1_34000": 53.374121613510354, "total_34000": 4028, "HasAns_exact_34000": 40.44190665342602, "HasAns_f1_34000": 53.374121613510354, "HasAns_total_34000": 4028, "exact_36000": 40.59086395233366, "f1_36000": 53.31509843059831, "total_36000": 4028, "HasAns_exact_36000": 40.59086395233366, "HasAns_f1_36000": 53.31509843059831, "HasAns_total_36000": 4028, "exact_38000": 40.86395233366435, "f1_38000": 53.4209866534089, "total_38000": 4028, "HasAns_exact_38000": 40.86395233366435, "HasAns_f1_38000": 53.4209866534089, "HasAns_total_38000": 4028, "exact_40000": 41.08738828202582, "f1_40000": 53.54507800767421, "total_40000": 4028, "HasAns_exact_40000": 41.08738828202582, "HasAns_f1_40000": 53.54507800767421, "HasAns_total_40000": 4028, "exact_42000": 41.0377358490566, "f1_42000": 53.89573056739145, "total_42000": 4028, "HasAns_exact_42000": 41.0377358490566, "HasAns_f1_42000": 53.89573056739145, "HasAns_total_42000": 4028, "exact_44000": 41.335650446871895, "f1_44000": 54.17037457258868, "total_44000": 4028, "HasAns_exact_44000": 41.335650446871895, "HasAns_f1_44000": 54.17037457258868, "HasAns_total_44000": 4028, "exact_46000": 41.63356504468719, "f1_46000": 54.92366690581245, "total_46000": 4028, "HasAns_exact_46000": 41.63356504468719, "HasAns_f1_46000": 54.92366690581245, "HasAns_total_46000": 4028, "exact_48000": 41.6583912611718, "f1_48000": 54.30225860048201, "total_48000": 4028, "HasAns_exact_48000": 41.6583912611718, "HasAns_f1_48000": 54.30225860048201, "HasAns_total_48000": 4028, "exact_50000": 41.9811320754717, "f1_50000": 54.82728313044966, "total_50000": 4028, "HasAns_exact_50000": 41.9811320754717, "HasAns_f1_50000": 54.82728313044966, "HasAns_total_50000": 4028, "exact_52000": 42.005958291956304, "f1_52000": 54.93486748496713, "total_52000": 4028, "HasAns_exact_52000": 42.005958291956304, "HasAns_f1_52000": 54.93486748496713, "HasAns_total_52000": 4028, "exact_54000": 42.85004965243297, "f1_54000": 55.85129704123757, "total_54000": 4028, "HasAns_exact_54000": 42.85004965243297, "HasAns_f1_54000": 55.85129704123757, "HasAns_total_54000": 4028, "exact_56000": 43.07348560079444, "f1_56000": 55.928412911266705, "total_56000": 4028, "HasAns_exact_56000": 43.07348560079444, "HasAns_f1_56000": 55.928412911266705, "HasAns_total_56000": 4028, "exact_58000": 43.421052631578945, "f1_58000": 56.809448536867606, "total_58000": 4028, "HasAns_exact_58000": 43.421052631578945, "HasAns_f1_58000": 56.809448536867606, "HasAns_total_58000": 4028, "exact_60000": 42.99900695134062, "f1_60000": 56.44327166117602, "total_60000": 4028, "HasAns_exact_60000": 42.99900695134062, "HasAns_f1_60000": 56.44327166117602, "HasAns_total_60000": 4028, "exact_62000": 42.87487586891758, "f1_62000": 56.25420781648283, "total_62000": 4028, "HasAns_exact_62000": 42.87487586891758, "HasAns_f1_62000": 56.25420781648283, "HasAns_total_62000": 4028, "exact_64000": 43.644488579940415, "f1_64000": 56.62261643079045, "total_64000": 4028, "HasAns_exact_64000": 43.644488579940415, "HasAns_f1_64000": 56.62261643079045, "HasAns_total_64000": 4028, "exact_66000": 43.44587884806356, "f1_66000": 57.067933658917035, "total_66000": 4028, "HasAns_exact_66000": 43.44587884806356, "HasAns_f1_66000": 57.067933658917035, "HasAns_total_66000": 4028, "exact_68000": 43.66931479642503, "f1_68000": 57.00652709591069, "total_68000": 4028, "HasAns_exact_68000": 43.66931479642503, "HasAns_f1_68000": 57.00652709591069, "HasAns_total_68000": 4028, "exact_70000": 43.8927507447865, "f1_70000": 57.26913094277008, "total_70000": 4028, "HasAns_exact_70000": 43.8927507447865, "HasAns_f1_70000": 57.26913094277008, "HasAns_total_70000": 4028, "exact_72000": 43.34657398212512, "f1_72000": 57.33697333528948, "total_72000": 4028, "HasAns_exact_72000": 43.34657398212512, "HasAns_f1_72000": 57.33697333528948, "HasAns_total_72000": 4028, "exact_74000": 43.71896722939424, "f1_74000": 57.31466611075333, "total_74000": 4028, "HasAns_exact_74000": 43.71896722939424, "HasAns_f1_74000": 57.31466611075333, "HasAns_total_74000": 4028, "exact_76000": 43.867924528301884, "f1_76000": 57.42031385188819, "total_76000": 4028, "HasAns_exact_76000": 43.867924528301884, "HasAns_f1_76000": 57.42031385188819, "HasAns_total_76000": 4028, "exact_78000": 44.61271102284012, "f1_78000": 57.89139493436833, "total_78000": 4028, "HasAns_exact_78000": 44.61271102284012, "HasAns_f1_78000": 57.89139493436833, "HasAns_total_78000": 4028, "exact_80000": 44.48857994041708, "f1_80000": 58.479145600253396, "total_80000": 4028, "HasAns_exact_80000": 44.48857994041708, "HasAns_f1_80000": 58.479145600253396, "HasAns_total_80000": 4028, "exact_82000": 44.51340615690169, "f1_82000": 58.363102634198135, "total_82000": 4028, "HasAns_exact_82000": 44.51340615690169, "HasAns_f1_82000": 58.363102634198135, "HasAns_total_82000": 4028, "exact_84000": 44.16583912611718, "f1_84000": 58.07913400833629, "total_84000": 4028,