{"exact_2000": 49.60278053624628, "f1_2000": 62.22287561764015, "total_2000": 4028, "HasAns_exact_2000": 49.60278053624628, "HasAns_f1_2000": 62.22287561764015, "HasAns_total_2000": 4028, "exact_4000": 52.95431976166832, "f1_4000": 65.57870060720228, "total_4000": 4028, "HasAns_exact_4000": 52.95431976166832, "HasAns_f1_4000": 65.57870060720228, "HasAns_total_4000": 4028, "exact_6000": 53.823237338629596, "f1_6000": 66.67151304756091, "total_6000": 4028, "HasAns_exact_6000": 53.823237338629596, "HasAns_f1_6000": 66.67151304756091, "HasAns_total_6000": 4028, "exact_8000": 55.85898709036743, "f1_8000": 68.67248572679419, "total_8000": 4028, "HasAns_exact_8000": 55.85898709036743, "HasAns_f1_8000": 68.67248572679419, "HasAns_total_8000": 4028, "exact_10000": 55.436941410129094, "f1_10000": 68.40164884266136, "total_10000": 4028, "HasAns_exact_10000": 55.436941410129094, "HasAns_f1_10000": 68.40164884266136, "HasAns_total_10000": 4028, "exact_12000": 56.95134061569017, "f1_12000": 69.43390554031191, "total_12000": 4028, "HasAns_exact_12000": 56.95134061569017, "HasAns_f1_12000": 69.43390554031191, "HasAns_total_12000": 4028, "exact_14000": 58.316782522343594, "f1_14000": 71.01929582767652, "total_14000": 4028, "HasAns_exact_14000": 58.316782522343594, "HasAns_f1_14000": 71.01929582767652, "HasAns_total_14000": 4028, "exact_16000": 57.6961271102284, "f1_16000": 70.32907130145549, "total_16000": 4028, "HasAns_exact_16000": 57.6961271102284, "HasAns_f1_16000": 70.32907130145549, "HasAns_total_16000": 4028, "exact_18000": 58.11817279046673, "f1_18000": 70.73918685415278, "total_18000": 4028, "HasAns_exact_18000": 58.11817279046673, "HasAns_f1_18000": 70.73918685415278, "HasAns_total_18000": 4028, "exact_20000": 58.61469712015889, "f1_20000": 71.5063417979731, "total_20000": 4028, "HasAns_exact_20000": 58.61469712015889, "HasAns_f1_20000": 71.5063417979731, "HasAns_total_20000": 4028, "exact_22000": 58.9622641509434, "f1_22000": 71.64928557806734, "total_22000": 4028, "HasAns_exact_22000": 58.9622641509434, "HasAns_f1_22000": 71.64928557806734, "HasAns_total_22000": 4028, "exact_24000": 59.08639523336643, "f1_24000": 71.42787711137571, "total_24000": 4028, "HasAns_exact_24000": 59.08639523336643, "HasAns_f1_24000": 71.42787711137571, "HasAns_total_24000": 4028, "exact_26000": 59.55809334657398, "f1_26000": 72.07600806684206, "total_26000": 4028, "HasAns_exact_26000": 59.55809334657398, "HasAns_f1_26000": 72.07600806684206, "HasAns_total_26000": 4028, "exact_28000": 59.905660377358494, "f1_28000": 72.29857397635355, "total_28000": 4028, "HasAns_exact_28000": 59.905660377358494, "HasAns_f1_28000": 72.29857397635355, "HasAns_total_28000": 4028, "exact_30000": 60.37735849056604, "f1_30000": 72.5160307460686, "total_30000": 4028, "HasAns_exact_30000": 60.37735849056604, "HasAns_f1_30000": 72.5160307460686, "HasAns_total_30000": 4028, "exact_32000": 60.37735849056604, "f1_32000": 72.84300639690973, "total_32000": 4028, "HasAns_exact_32000": 60.37735849056604, "HasAns_f1_32000": 72.84300639690973, "HasAns_total_32000": 4028, "exact_34000": 60.60079443892751, "f1_34000": 72.9091771285948, "total_34000": 4028, "HasAns_exact_34000": 60.60079443892751, "HasAns_f1_34000": 72.9091771285948, "HasAns_total_34000": 4028, "exact_36000": 60.5759682224429, "f1_36000": 72.9555130376917, "total_36000": 4028, "HasAns_exact_36000": 60.5759682224429, "HasAns_f1_36000": 72.9555130376917, "HasAns_total_36000": 4028, "exact_38000": 59.98013902681232, "f1_38000": 72.6187680402531, "total_38000": 4028, "HasAns_exact_38000": 59.98013902681232, "HasAns_f1_38000": 72.6187680402531, "HasAns_total_38000": 4028, "exact_40000": 60.079443892750746, "f1_40000": 72.43877046802105, "total_40000": 4028, "HasAns_exact_40000": 60.079443892750746, "HasAns_f1_40000": 72.43877046802105, "HasAns_total_40000": 4028, "exact_42000": 61.69314796425025, "f1_42000": 73.5411421904251, "total_42000": 4028, "HasAns_exact_42000": 61.69314796425025, "HasAns_f1_42000": 73.5411421904251, "HasAns_total_42000": 4028, "exact_44000": 61.64349553128103, "f1_44000": 73.52113718569953, "total_44000": 4028, "HasAns_exact_44000": 61.64349553128103, "HasAns_f1_44000": 73.52113718569953, "HasAns_total_44000": 4028, "exact_46000": 60.923535253227406, "f1_46000": 72.9766759713037, "total_46000": 4028, "HasAns_exact_46000": 60.923535253227406, "HasAns_f1_46000": 72.9766759713037, "HasAns_total_46000": 4028, "exact_48000": 61.24627606752731, "f1_48000": 72.83493475341135, "total_48000": 4028, "HasAns_exact_48000": 61.24627606752731, "HasAns_f1_48000": 72.83493475341135, "HasAns_total_48000": 4028, "exact_50000": 61.8421052631579, "f1_50000": 73.72017511551995, "total_50000": 4028, "HasAns_exact_50000": 61.8421052631579, "HasAns_f1_50000": 73.72017511551995, "HasAns_total_50000": 4028, "exact_52000": 60.749751737835155, "f1_52000": 73.28982917792642, "total_52000": 4028, "HasAns_exact_52000": 60.749751737835155, "HasAns_f1_52000": 73.28982917792642, "HasAns_total_52000": 4028, "exact_54000": 60.84905660377358, "f1_54000": 73.0660112925673, "total_54000": 4028, "HasAns_exact_54000": 60.84905660377358, "HasAns_f1_54000": 73.0660112925673, "HasAns_total_54000": 4028, "exact_56000": 61.49453823237339, "f1_56000": 73.65390381138032, "total_56000": 4028, "HasAns_exact_56000": 61.49453823237339, "HasAns_f1_56000": 73.65390381138032, "HasAns_total_56000": 4028, "exact_58000": 61.146971201588876, "f1_58000": 73.20118375886219, "total_58000": 4028, "HasAns_exact_58000": 61.146971201588876, "HasAns_f1_58000": 73.20118375886219, "HasAns_total_58000": 4028, "exact_60000": 61.24627606752731, "f1_60000": 73.71104359924782, "total_60000": 4028, "HasAns_exact_60000": 61.24627606752731, "HasAns_f1_60000": 73.71104359924782, "HasAns_total_60000": 4028, "exact_62000": 61.29592850049652, "f1_62000": 73.71839143444727, "total_62000": 4028, "HasAns_exact_62000": 61.29592850049652, "HasAns_f1_62000": 73.71839143444727, "HasAns_total_62000": 4028, "exact_64000": 60.923535253227406, "f1_64000": 73.23058585635172, "total_64000": 4028, "HasAns_exact_64000": 60.923535253227406, "HasAns_f1_64000": 73.23058585635172, "HasAns_total_64000": 4028, "exact_66000": 61.24627606752731, "f1_66000": 73.69144397948455, "total_66000": 4028, "HasAns_exact_66000": 61.24627606752731, "HasAns_f1_66000": 73.69144397948455, "HasAns_total_66000": 4028, "exact_68000": 61.91658391261172, "f1_68000": 73.84211370852843, "total_68000": 4028, "HasAns_exact_68000": 61.91658391261172, "HasAns_f1_68000": 73.84211370852843, "HasAns_total_68000": 4028, "exact_70000": 60.8987090367428, "f1_70000": 73.01148242703995, "total_70000": 4028, "HasAns_exact_70000": 60.8987090367428, "HasAns_f1_70000": 73.01148242703995, "HasAns_total_70000": 4028, "exact_72000": 62.14001986097319, "f1_72000": 74.05923299529512, "total_72000": 4028, "HasAns_exact_72000": 62.14001986097319, "HasAns_f1_72000": 74.05923299529512, "HasAns_total_72000": 4028, "exact_74000": 61.8669314796425, "f1_74000": 73.8575959525426, "total_74000": 4028, "HasAns_exact_74000": 61.8669314796425, "HasAns_f1_74000": 73.8575959525426, "HasAns_total_74000": 4028, "exact_76000": 61.49453823237339, "f1_76000": 73.74002517741243, "total_76000": 4028, "HasAns_exact_76000": 61.49453823237339, "HasAns_f1_76000": 73.74002517741243, "HasAns_total_76000": 4028, "exact_78000": 61.593843098311815, "f1_78000": 73.72111071073132, "total_78000": 4028, "HasAns_exact_78000": 61.593843098311815, "HasAns_f1_78000": 73.72111071073132, "HasAns_total_78000": 4028, "exact_80000": 61.817279046673285, "f1_80000": 73.88799140882305, "total_80000": 4028, "HasAns_exact_80000": 61.817279046673285, "HasAns_f1_80000": 73.88799140882305, "HasAns_total_80000": 4028, "exact_82000": 61.34558093346574, "f1_82000": 73.6080781110486, "total_82000": 4028, "HasAns_exact_82000": 61.34558093346574, "HasAns_f1_82000": 73.6080781110486, "HasAns_total_82000": 4028, "exact_84000": 61.146971201588876, "f1_84000": 73.50962148387758, "total_84000": 4028,