{"exact_2000": 49.404170804369414, "f1_2000": 62.20855204610451, "total_2000": 4028, "HasAns_exact_2000": 49.404170804369414, "HasAns_f1_2000": 62.20855204610451, "HasAns_total_2000": 4028, "exact_4000": 53.22740814299901, "f1_4000": 65.84354728249686, "total_4000": 4028, "HasAns_exact_4000": 53.22740814299901, "HasAns_f1_4000": 65.84354728249686, "HasAns_total_4000": 4028, "exact_6000": 55.31281032770606, "f1_6000": 67.95192894833724, "total_6000": 4028, "HasAns_exact_6000": 55.31281032770606, "HasAns_f1_6000": 67.95192894833724, "HasAns_total_6000": 4028, "exact_8000": 55.48659384309831, "f1_8000": 68.6542707640568, "total_8000": 4028, "HasAns_exact_8000": 55.48659384309831, "HasAns_f1_8000": 68.6542707640568, "HasAns_total_8000": 4028, "exact_10000": 56.30585898709037, "f1_10000": 69.41348241331626, "total_10000": 4028, "HasAns_exact_10000": 56.30585898709037, "HasAns_f1_10000": 69.41348241331626, "HasAns_total_10000": 4028, "exact_12000": 56.33068520357497, "f1_12000": 69.23914458913664, "total_12000": 4028, "HasAns_exact_12000": 56.33068520357497, "HasAns_f1_12000": 69.23914458913664, "HasAns_total_12000": 4028, "exact_14000": 57.34856007944389, "f1_14000": 70.24550134257223, "total_14000": 4028, "HasAns_exact_14000": 57.34856007944389, "HasAns_f1_14000": 70.24550134257223, "HasAns_total_14000": 4028, "exact_16000": 57.646474677259185, "f1_16000": 70.59437824975875, "total_16000": 4028, "HasAns_exact_16000": 57.646474677259185, "HasAns_f1_16000": 70.59437824975875, "HasAns_total_16000": 4028, "exact_18000": 57.770605759682226, "f1_18000": 70.42355599525102, "total_18000": 4028, "HasAns_exact_18000": 57.770605759682226, "HasAns_f1_18000": 70.42355599525102, "HasAns_total_18000": 4028, "exact_20000": 58.3416087388282, "f1_20000": 71.04996408749643, "total_20000": 4028, "HasAns_exact_20000": 58.3416087388282, "HasAns_f1_20000": 71.04996408749643, "HasAns_total_20000": 4028, "exact_22000": 58.63952333664349, "f1_22000": 71.82463271951066, "total_22000": 4028, "HasAns_exact_22000": 58.63952333664349, "HasAns_f1_22000": 71.82463271951066, "HasAns_total_22000": 4028, "exact_24000": 59.061569016881826, "f1_24000": 71.77731535193381, "total_24000": 4028, "HasAns_exact_24000": 59.061569016881826, "HasAns_f1_24000": 71.77731535193381, "HasAns_total_24000": 4028, "exact_26000": 59.334657398212514, "f1_26000": 71.93460954124151, "total_26000": 4028, "HasAns_exact_26000": 59.334657398212514, "HasAns_f1_26000": 71.93460954124151, "HasAns_total_26000": 4028, "exact_28000": 59.80635551142006, "f1_28000": 72.20933162005096, "total_28000": 4028, "HasAns_exact_28000": 59.80635551142006, "HasAns_f1_28000": 72.20933162005096, "HasAns_total_28000": 4028, "exact_30000": 59.88083416087388, "f1_30000": 72.09329976946971, "total_30000": 4028, "HasAns_exact_30000": 59.88083416087388, "HasAns_f1_30000": 72.09329976946971, "HasAns_total_30000": 4028, "exact_32000": 60.12909632571996, "f1_32000": 72.62336519137493, "total_32000": 4028, "HasAns_exact_32000": 60.12909632571996, "HasAns_f1_32000": 72.62336519137493, "HasAns_total_32000": 4028, "exact_34000": 60.253227408143, "f1_34000": 72.71375223555758, "total_34000": 4028, "HasAns_exact_34000": 60.253227408143, "HasAns_f1_34000": 72.71375223555758, "HasAns_total_34000": 4028, "exact_36000": 60.749751737835155, "f1_36000": 72.97935200022268, "total_36000": 4028, "HasAns_exact_36000": 60.749751737835155, "HasAns_f1_36000": 72.97935200022268, "HasAns_total_36000": 4028, "exact_38000": 60.8987090367428, "f1_38000": 73.29262555661572, "total_38000": 4028, "HasAns_exact_38000": 60.8987090367428, "HasAns_f1_38000": 73.29262555661572, "HasAns_total_38000": 4028, "exact_40000": 60.8987090367428, "f1_40000": 73.553396653506, "total_40000": 4028, "HasAns_exact_40000": 60.8987090367428, "HasAns_f1_40000": 73.553396653506, "HasAns_total_40000": 4028, "exact_42000": 61.02284011916584, "f1_42000": 73.49886417670521, "total_42000": 4028, "HasAns_exact_42000": 61.02284011916584, "HasAns_f1_42000": 73.49886417670521, "HasAns_total_42000": 4028, "exact_44000": 60.8987090367428, "f1_44000": 73.65357970882759, "total_44000": 4028, "HasAns_exact_44000": 60.8987090367428, "HasAns_f1_44000": 73.65357970882759, "HasAns_total_44000": 4028, "exact_46000": 61.29592850049652, "f1_46000": 73.35549103859522, "total_46000": 4028, "HasAns_exact_46000": 61.29592850049652, "HasAns_f1_46000": 73.35549103859522, "HasAns_total_46000": 4028, "exact_48000": 61.02284011916584, "f1_48000": 73.56409789348922, "total_48000": 4028, "HasAns_exact_48000": 61.02284011916584, "HasAns_f1_48000": 73.56409789348922, "HasAns_total_48000": 4028, "exact_50000": 61.2214498510427, "f1_50000": 73.60312702630725, "total_50000": 4028, "HasAns_exact_50000": 61.2214498510427, "HasAns_f1_50000": 73.60312702630725, "HasAns_total_50000": 4028, "exact_52000": 60.84905660377358, "f1_52000": 73.63687152052857, "total_52000": 4028, "HasAns_exact_52000": 60.84905660377358, "HasAns_f1_52000": 73.63687152052857, "HasAns_total_52000": 4028, "exact_54000": 61.097318768619665, "f1_54000": 73.62337366722274, "total_54000": 4028, "HasAns_exact_54000": 61.097318768619665, "HasAns_f1_54000": 73.62337366722274, "HasAns_total_54000": 4028, "exact_56000": 61.02284011916584, "f1_56000": 73.95402065746933, "total_56000": 4028, "HasAns_exact_56000": 61.02284011916584, "HasAns_f1_56000": 73.95402065746933, "HasAns_total_56000": 4028, "exact_58000": 62.21449851042701, "f1_58000": 74.09088308076261, "total_58000": 4028, "HasAns_exact_58000": 62.21449851042701, "HasAns_f1_58000": 74.09088308076261, "HasAns_total_58000": 4028, "exact_60000": 61.74280039721946, "f1_60000": 74.50275700825802, "total_60000": 4028, "HasAns_exact_60000": 61.74280039721946, "HasAns_f1_60000": 74.50275700825802, "HasAns_total_60000": 4028, "exact_62000": 61.89175769612711, "f1_62000": 74.58303380044032, "total_62000": 4028, "HasAns_exact_62000": 61.89175769612711, "HasAns_f1_62000": 74.58303380044032, "HasAns_total_62000": 4028, "exact_64000": 62.1896722939424, "f1_64000": 74.42589381233702, "total_64000": 4028, "HasAns_exact_64000": 62.1896722939424, "HasAns_f1_64000": 74.42589381233702, "HasAns_total_64000": 4028, "exact_66000": 62.36345580933466, "f1_66000": 74.51831145015862, "total_66000": 4028, "HasAns_exact_66000": 62.36345580933466, "HasAns_f1_66000": 74.51831145015862, "HasAns_total_66000": 4028, "exact_68000": 63.08341608738828, "f1_68000": 74.8057208864656, "total_68000": 4028, "HasAns_exact_68000": 63.08341608738828, "HasAns_f1_68000": 74.8057208864656, "HasAns_total_68000": 4028, "exact_70000": 62.33862959285005, "f1_70000": 74.15340447652208, "total_70000": 4028, "HasAns_exact_70000": 62.33862959285005, "HasAns_f1_70000": 74.15340447652208, "HasAns_total_70000": 4028, "exact_72000": 62.31380337636544, "f1_72000": 74.55835238066089, "total_72000": 4028, "HasAns_exact_72000": 62.31380337636544, "HasAns_f1_72000": 74.55835238066089, "HasAns_total_72000": 4028, "exact_74000": 62.31380337636544, "f1_74000": 74.42323708890703, "total_74000": 4028, "HasAns_exact_74000": 62.31380337636544, "HasAns_f1_74000": 74.42323708890703, "HasAns_total_74000": 4028, "exact_76000": 61.8669314796425, "f1_76000": 74.24428222810224, "total_76000": 4028, "HasAns_exact_76000": 61.8669314796425, "HasAns_f1_76000": 74.24428222810224, "HasAns_total_76000": 4028, "exact_78000": 62.14001986097319, "f1_78000": 74.61284958829519, "total_78000": 4028, "HasAns_exact_78000": 62.14001986097319, "HasAns_f1_78000": 74.61284958829519, "HasAns_total_78000": 4028, "exact_80000": 61.991062562065544, "f1_80000": 74.54568558833898, "total_80000": 4028, "HasAns_exact_80000": 61.991062562065544, "HasAns_f1_80000": 74.54568558833898, "HasAns_total_80000": 4028, "exact_82000": 62.53723932472691, "f1_82000": 74.833241096768, "total_82000": 4028, "HasAns_exact_82000": 62.53723932472691, "HasAns_f1_82000": 74.833241096768, "HasAns_total_82000": 4028, "exact_84000": 62.11519364448858, "f1_84000": 74.734888674077, "total_84000": 4028, "HasAns_exact_84000": 62.11519364448858,