{"exact_2000": 49.70208540218471, "f1_2000": 61.92778173376949, "total_2000": 4028, "HasAns_exact_2000": 49.70208540218471, "HasAns_f1_2000": 61.92778173376949, "HasAns_total_2000": 4028, "exact_4000": 52.904667328699105, "f1_4000": 65.60549331337351, "total_4000": 4028, "HasAns_exact_4000": 52.904667328699105, "HasAns_f1_4000": 65.60549331337351, "HasAns_total_4000": 4028, "exact_6000": 55.163853028798414, "f1_6000": 68.03606420348308, "total_6000": 4028, "HasAns_exact_6000": 55.163853028798414, "HasAns_f1_6000": 68.03606420348308, "HasAns_total_6000": 4028, "exact_8000": 56.03277060575968, "f1_8000": 68.85051656050857, "total_8000": 4028, "HasAns_exact_8000": 56.03277060575968, "HasAns_f1_8000": 68.85051656050857, "HasAns_total_8000": 4028}