{"exact_2000": 45.48162859980139, "f1_2000": 58.0701860763362, "total_2000": 4028, "HasAns_exact_2000": 45.48162859980139, "HasAns_f1_2000": 58.0701860763362, "HasAns_total_2000": 4028, "exact_4000": 49.801390268123136, "f1_4000": 62.47641641011204, "total_4000": 4028, "HasAns_exact_4000": 49.801390268123136, "HasAns_f1_4000": 62.47641641011204, "HasAns_total_4000": 4028, "exact_6000": 51.63853028798411, "f1_6000": 63.779363603623715, "total_6000": 4028, "HasAns_exact_6000": 51.63853028798411, "HasAns_f1_6000": 63.779363603623715, "HasAns_total_6000": 4028, "exact_8000": 51.96127110228401, "f1_8000": 64.07536222974389, "total_8000": 4028, "HasAns_exact_8000": 51.96127110228401, "HasAns_f1_8000": 64.07536222974389, "HasAns_total_8000": 4028, "exact_10000": 52.13505461767627, "f1_10000": 65.01660363623529, "total_10000": 4028, "HasAns_exact_10000": 52.13505461767627, "HasAns_f1_10000": 65.01660363623529, "HasAns_total_10000": 4028, "exact_12000": 51.96127110228401, "f1_12000": 65.09225260042217, "total_12000": 4028, "HasAns_exact_12000": 51.96127110228401, "HasAns_f1_12000": 65.09225260042217, "HasAns_total_12000": 4028, "exact_14000": 51.886792452830186, "f1_14000": 65.32476173680328, "total_14000": 4028, "HasAns_exact_14000": 51.886792452830186, "HasAns_f1_14000": 65.32476173680328, "HasAns_total_14000": 4028, "exact_16000": 53.64945382323734, "f1_16000": 66.68100478948091, "total_16000": 4028, "HasAns_exact_16000": 53.64945382323734, "HasAns_f1_16000": 66.68100478948091, "HasAns_total_16000": 4028, "exact_18000": 54.29493545183714, "f1_18000": 67.02089138520869, "total_18000": 4028, "HasAns_exact_18000": 54.29493545183714, "HasAns_f1_18000": 67.02089138520869, "HasAns_total_18000": 4028, "exact_20000": 53.07845084409136, "f1_20000": 65.93433572645604, "total_20000": 4028, "HasAns_exact_20000": 53.07845084409136, "HasAns_f1_20000": 65.93433572645604, "HasAns_total_20000": 4028, "exact_22000": 53.5253227408143, "f1_22000": 66.33100998016032, "total_22000": 4028, "HasAns_exact_22000": 53.5253227408143, "HasAns_f1_22000": 66.33100998016032, "HasAns_total_22000": 4028, "exact_24000": 53.40119165839126, "f1_24000": 66.69384322485647, "total_24000": 4028, "HasAns_exact_24000": 53.40119165839126, "HasAns_f1_24000": 66.69384322485647, "HasAns_total_24000": 4028, "exact_26000": 54.319761668321746, "f1_26000": 67.08892043102864, "total_26000": 4028, "HasAns_exact_26000": 54.319761668321746, "HasAns_f1_26000": 67.08892043102864, "HasAns_total_26000": 4028, "exact_28000": 54.766633565044685, "f1_28000": 67.48710492767647, "total_28000": 4028, "HasAns_exact_28000": 54.766633565044685, "HasAns_f1_28000": 67.48710492767647, "HasAns_total_28000": 4028, "exact_30000": 54.51837140019861, "f1_30000": 67.53451077229172, "total_30000": 4028, "HasAns_exact_30000": 54.51837140019861, "HasAns_f1_30000": 67.53451077229172, "HasAns_total_30000": 4028, "exact_32000": 54.91559086395233, "f1_32000": 67.52859491525986, "total_32000": 4028, "HasAns_exact_32000": 54.91559086395233, "HasAns_f1_32000": 67.52859491525986, "HasAns_total_32000": 4028, "exact_34000": 56.05759682224429, "f1_34000": 68.61278436155906, "total_34000": 4028, "HasAns_exact_34000": 56.05759682224429, "HasAns_f1_34000": 68.61278436155906, "HasAns_total_34000": 4028, "exact_36000": 55.213505461767625, "f1_36000": 67.52599090622232, "total_36000": 4028, "HasAns_exact_36000": 55.213505461767625, "HasAns_f1_36000": 67.52599090622232, "HasAns_total_36000": 4028, "exact_38000": 55.41211519364449, "f1_38000": 67.94783459084822, "total_38000": 4028, "HasAns_exact_38000": 55.41211519364449, "HasAns_f1_38000": 67.94783459084822, "HasAns_total_38000": 4028, "exact_40000": 55.18867924528302, "f1_40000": 67.51278372166779, "total_40000": 4028, "HasAns_exact_40000": 55.18867924528302, "HasAns_f1_40000": 67.51278372166779, "HasAns_total_40000": 4028, "exact_42000": 55.784508440913605, "f1_42000": 68.04369455231007, "total_42000": 4028, "HasAns_exact_42000": 55.784508440913605, "HasAns_f1_42000": 68.04369455231007, "HasAns_total_42000": 4028, "exact_44000": 55.58589870903674, "f1_44000": 68.25043035844202, "total_44000": 4028, "HasAns_exact_44000": 55.58589870903674, "HasAns_f1_44000": 68.25043035844202, "HasAns_total_44000": 4028, "exact_46000": 55.53624627606753, "f1_46000": 68.02319197134537, "total_46000": 4028, "HasAns_exact_46000": 55.53624627606753, "HasAns_f1_46000": 68.02319197134537, "HasAns_total_46000": 4028, "exact_48000": 55.58589870903674, "f1_48000": 68.23473590977552, "total_48000": 4028, "HasAns_exact_48000": 55.58589870903674, "HasAns_f1_48000": 68.23473590977552, "HasAns_total_48000": 4028, "exact_50000": 56.82720953326713, "f1_50000": 69.0155636008157, "total_50000": 4028, "HasAns_exact_50000": 56.82720953326713, "HasAns_f1_50000": 69.0155636008157, "HasAns_total_50000": 4028, "exact_52000": 55.46176762661371, "f1_52000": 68.324779908768, "total_52000": 4028, "HasAns_exact_52000": 55.46176762661371, "HasAns_f1_52000": 68.324779908768, "HasAns_total_52000": 4028, "exact_54000": 56.30585898709037, "f1_54000": 68.50242179264204, "total_54000": 4028, "HasAns_exact_54000": 56.30585898709037, "HasAns_f1_54000": 68.50242179264204, "HasAns_total_54000": 4028, "exact_56000": 56.0824230387289, "f1_56000": 68.5180034014885, "total_56000": 4028, "HasAns_exact_56000": 56.0824230387289, "HasAns_f1_56000": 68.5180034014885, "HasAns_total_56000": 4028, "exact_58000": 56.65342601787488, "f1_58000": 68.75575030315716, "total_58000": 4028, "HasAns_exact_58000": 56.65342601787488, "HasAns_f1_58000": 68.75575030315716, "HasAns_total_58000": 4028, "exact_60000": 55.61072492552135, "f1_60000": 67.87193397740158, "total_60000": 4028, "HasAns_exact_60000": 55.61072492552135, "HasAns_f1_60000": 67.87193397740158, "HasAns_total_60000": 4028, "exact_62000": 56.007944389275075, "f1_62000": 68.49913618646818, "total_62000": 4028, "HasAns_exact_62000": 56.007944389275075, "HasAns_f1_62000": 68.49913618646818, "HasAns_total_62000": 4028, "exact_64000": 56.405163853028796, "f1_64000": 68.59916474931582, "total_64000": 4028, "HasAns_exact_64000": 56.405163853028796, "HasAns_f1_64000": 68.59916474931582, "HasAns_total_64000": 4028, "exact_66000": 55.61072492552135, "f1_66000": 68.10250765141751, "total_66000": 4028, "HasAns_exact_66000": 55.61072492552135, "HasAns_f1_66000": 68.10250765141751, "HasAns_total_66000": 4028, "exact_68000": 56.95134061569017, "f1_68000": 68.65725933214044, "total_68000": 4028, "HasAns_exact_68000": 56.95134061569017, "HasAns_f1_68000": 68.65725933214044, "HasAns_total_68000": 4028, "exact_70000": 56.47964250248262, "f1_70000": 68.87978751366158, "total_70000": 4028, "HasAns_exact_70000": 56.47964250248262, "HasAns_f1_70000": 68.87978751366158, "HasAns_total_70000": 4028, "exact_72000": 56.852035749751735, "f1_72000": 68.93988107503544, "total_72000": 4028, "HasAns_exact_72000": 56.852035749751735, "HasAns_f1_72000": 68.93988107503544, "HasAns_total_72000": 4028, "exact_74000": 56.50446871896723, "f1_74000": 69.01681016924539, "total_74000": 4028, "HasAns_exact_74000": 56.50446871896723, "HasAns_f1_74000": 69.01681016924539, "HasAns_total_74000": 4028, "exact_76000": 56.30585898709037, "f1_76000": 68.55797665680326, "total_76000": 4028, "HasAns_exact_76000": 56.30585898709037, "HasAns_f1_76000": 68.55797665680326, "HasAns_total_76000": 4028, "exact_78000": 56.578947368421055, "f1_78000": 68.79238460989302, "total_78000": 4028, "HasAns_exact_78000": 56.578947368421055, "HasAns_f1_78000": 68.79238460989302, "HasAns_total_78000": 4028, "exact_80000": 56.70307845084409, "f1_80000": 69.03323640612474, "total_80000": 4028, "HasAns_exact_80000": 56.70307845084409, "HasAns_f1_80000": 69.03323640612474, "HasAns_total_80000": 4028, "exact_82000": 56.60377358490566, "f1_82000": 68.56203512019604, "total_82000": 4028, "HasAns_exact_82000": 56.60377358490566, "HasAns_f1_82000": 68.56203512019604, "HasAns_total_82000": 4028, "exact_84000": 57.14995034756703, "f1_84000": 69.1579563962352, "total_84000": 4028,