{"exact_2000": 48.63455809334658, "f1_2000": 61.57775702322709, "total_2000": 4028, "HasAns_exact_2000": 48.63455809334658, "HasAns_f1_2000": 61.57775702322709, "HasAns_total_2000": 4028, "exact_4000": 52.234359483614696, "f1_4000": 65.21203637992286, "total_4000": 4028, "HasAns_exact_4000": 52.234359483614696, "HasAns_f1_4000": 65.21203637992286, "HasAns_total_4000": 4028, "exact_6000": 53.823237338629596, "f1_6000": 67.12782864817943, "total_6000": 4028, "HasAns_exact_6000": 53.823237338629596, "HasAns_f1_6000": 67.12782864817943, "HasAns_total_6000": 4028, "exact_8000": 55.908639523336646, "f1_8000": 68.12329282570727, "total_8000": 4028, "HasAns_exact_8000": 55.908639523336646, "HasAns_f1_8000": 68.12329282570727, "HasAns_total_8000": 4028, "exact_10000": 56.28103277060576, "f1_10000": 68.75752261987124, "total_10000": 4028, "HasAns_exact_10000": 56.28103277060576, "HasAns_f1_10000": 68.75752261987124, "HasAns_total_10000": 4028, "exact_12000": 57.00099304865938, "f1_12000": 68.99457150289021, "total_12000": 4028, "HasAns_exact_12000": 57.00099304865938, "HasAns_f1_12000": 68.99457150289021, "HasAns_total_12000": 4028, "exact_14000": 57.39821251241311, "f1_14000": 69.81186405272487, "total_14000": 4028, "HasAns_exact_14000": 57.39821251241311, "HasAns_f1_14000": 69.81186405272487, "HasAns_total_14000": 4028, "exact_16000": 57.89473684210526, "f1_16000": 69.98586669406416, "total_16000": 4028, "HasAns_exact_16000": 57.89473684210526, "HasAns_f1_16000": 69.98586669406416, "HasAns_total_16000": 4028, "exact_18000": 57.84508440913605, "f1_18000": 70.08655625576608, "total_18000": 4028, "HasAns_exact_18000": 57.84508440913605, "HasAns_f1_18000": 70.08655625576608, "HasAns_total_18000": 4028, "exact_20000": 58.81330685203575, "f1_20000": 71.00261073109012, "total_20000": 4028, "HasAns_exact_20000": 58.81330685203575, "HasAns_f1_20000": 71.00261073109012, "HasAns_total_20000": 4028, "exact_22000": 58.39126117179742, "f1_22000": 71.32638411218646, "total_22000": 4028, "HasAns_exact_22000": 58.39126117179742, "HasAns_f1_22000": 71.32638411218646, "HasAns_total_22000": 4028, "exact_24000": 59.458788480635555, "f1_24000": 71.63071051032553, "total_24000": 4028, "HasAns_exact_24000": 59.458788480635555, "HasAns_f1_24000": 71.63071051032553, "HasAns_total_24000": 4028, "exact_26000": 58.46573982125124, "f1_26000": 71.04928630073998, "total_26000": 4028, "HasAns_exact_26000": 58.46573982125124, "HasAns_f1_26000": 71.04928630073998, "HasAns_total_26000": 4028, "exact_28000": 60.27805362462761, "f1_28000": 72.17373589711204, "total_28000": 4028, "HasAns_exact_28000": 60.27805362462761, "HasAns_f1_28000": 72.17373589711204, "HasAns_total_28000": 4028, "exact_30000": 60.02979145978153, "f1_30000": 71.94628865463855, "total_30000": 4028, "HasAns_exact_30000": 60.02979145978153, "HasAns_f1_30000": 71.94628865463855, "HasAns_total_30000": 4028, "exact_32000": 59.88083416087388, "f1_32000": 72.13080327713192, "total_32000": 4028, "HasAns_exact_32000": 59.88083416087388, "HasAns_f1_32000": 72.13080327713192, "HasAns_total_32000": 4028, "exact_34000": 59.03674280039722, "f1_34000": 72.04711007335847, "total_34000": 4028, "HasAns_exact_34000": 59.03674280039722, "HasAns_f1_34000": 72.04711007335847, "HasAns_total_34000": 4028, "exact_36000": 60.302879841112215, "f1_36000": 72.55587293149168, "total_36000": 4028, "HasAns_exact_36000": 60.302879841112215, "HasAns_f1_36000": 72.55587293149168, "HasAns_total_36000": 4028, "exact_38000": 60.20357497517379, "f1_38000": 73.01391229150904, "total_38000": 4028, "HasAns_exact_38000": 60.20357497517379, "HasAns_f1_38000": 73.01391229150904, "HasAns_total_38000": 4028, "exact_40000": 60.22840119165839, "f1_40000": 72.41730282470097, "total_40000": 4028, "HasAns_exact_40000": 60.22840119165839, "HasAns_f1_40000": 72.41730282470097, "HasAns_total_40000": 4028, "exact_42000": 60.873882820258196, "f1_42000": 73.42900154787175, "total_42000": 4028, "HasAns_exact_42000": 60.873882820258196, "HasAns_f1_42000": 73.42900154787175, "HasAns_total_42000": 4028, "exact_44000": 60.82423038728898, "f1_44000": 73.0195566082421, "total_44000": 4028, "HasAns_exact_44000": 60.82423038728898, "HasAns_f1_44000": 73.0195566082421, "HasAns_total_44000": 4028, "exact_46000": 60.402184707050644, "f1_46000": 72.92742106178375, "total_46000": 4028, "HasAns_exact_46000": 60.402184707050644, "HasAns_f1_46000": 72.92742106178375, "HasAns_total_46000": 4028, "exact_48000": 60.650446871896726, "f1_48000": 72.9621174678152, "total_48000": 4028, "HasAns_exact_48000": 60.650446871896726, "HasAns_f1_48000": 72.9621174678152, "HasAns_total_48000": 4028, "exact_50000": 60.79940417080437, "f1_50000": 73.19361702289707, "total_50000": 4028, "HasAns_exact_50000": 60.79940417080437, "HasAns_f1_50000": 73.19361702289707, "HasAns_total_50000": 4028, "exact_52000": 61.097318768619665, "f1_52000": 73.37103539813508, "total_52000": 4028, "HasAns_exact_52000": 61.097318768619665, "HasAns_f1_52000": 73.37103539813508, "HasAns_total_52000": 4028, "exact_54000": 61.320754716981135, "f1_54000": 73.87135017354946, "total_54000": 4028, "HasAns_exact_54000": 61.320754716981135, "HasAns_f1_54000": 73.87135017354946, "HasAns_total_54000": 4028, "exact_56000": 61.51936444885799, "f1_56000": 73.87502867472084, "total_56000": 4028, "HasAns_exact_56000": 61.51936444885799, "HasAns_f1_56000": 73.87502867472084, "HasAns_total_56000": 4028, "exact_58000": 61.66832174776564, "f1_58000": 73.50594253322843, "total_58000": 4028, "HasAns_exact_58000": 61.66832174776564, "HasAns_f1_58000": 73.50594253322843, "HasAns_total_58000": 4028, "exact_60000": 61.02284011916584, "f1_60000": 73.51802538273463, "total_60000": 4028, "HasAns_exact_60000": 61.02284011916584, "HasAns_f1_60000": 73.51802538273463, "HasAns_total_60000": 4028, "exact_62000": 61.12214498510427, "f1_62000": 73.41214002981634, "total_62000": 4028, "HasAns_exact_62000": 61.12214498510427, "HasAns_f1_62000": 73.41214002981634, "HasAns_total_62000": 4028, "exact_64000": 61.370407149950346, "f1_64000": 73.00141328562152, "total_64000": 4028, "HasAns_exact_64000": 61.370407149950346, "HasAns_f1_64000": 73.00141328562152, "HasAns_total_64000": 4028, "exact_66000": 60.70009930486594, "f1_66000": 73.04766140655983, "total_66000": 4028, "HasAns_exact_66000": 60.70009930486594, "HasAns_f1_66000": 73.04766140655983, "HasAns_total_66000": 4028, "exact_68000": 60.973187686196624, "f1_68000": 73.33824942704265, "total_68000": 4028, "HasAns_exact_68000": 60.973187686196624, "HasAns_f1_68000": 73.33824942704265, "HasAns_total_68000": 4028, "exact_70000": 61.320754716981135, "f1_70000": 73.90239727318074, "total_70000": 4028, "HasAns_exact_70000": 61.320754716981135, "HasAns_f1_70000": 73.90239727318074, "HasAns_total_70000": 4028, "exact_72000": 61.46971201588878, "f1_72000": 73.57195713612981, "total_72000": 4028, "HasAns_exact_72000": 61.46971201588878, "HasAns_f1_72000": 73.57195713612981, "HasAns_total_72000": 4028, "exact_74000": 62.28897715988084, "f1_74000": 73.89406446670469, "total_74000": 4028, "HasAns_exact_74000": 62.28897715988084, "HasAns_f1_74000": 73.89406446670469, "HasAns_total_74000": 4028, "exact_76000": 62.388282025819265, "f1_76000": 74.28413586048441, "total_76000": 4028, "HasAns_exact_76000": 62.388282025819265, "HasAns_f1_76000": 74.28413586048441, "HasAns_total_76000": 4028, "exact_78000": 62.14001986097319, "f1_78000": 74.1097740044381, "total_78000": 4028, "HasAns_exact_78000": 62.14001986097319, "HasAns_f1_78000": 74.1097740044381, "HasAns_total_78000": 4028, "exact_80000": 61.66832174776564, "f1_80000": 73.95721731004878, "total_80000": 4028, "HasAns_exact_80000": 61.66832174776564, "HasAns_f1_80000": 73.95721731004878, "HasAns_total_80000": 4028, "exact_82000": 61.817279046673285, "f1_82000": 74.34304046364801, "total_82000": 4028, "HasAns_exact_82000": 61.817279046673285, "HasAns_f1_82000": 74.34304046364801, "HasAns_total_82000": 4028, "exact_84000": 61.817279046673285, "f1_84000": 74.19250473861568, "total_84000": 4028,