{"exact_2000": 18.19761668321748, "f1_2000": 27.397648214842878, "total_2000": 4028, "HasAns_exact_2000": 18.19761668321748, "HasAns_f1_2000": 27.397648214842878, "HasAns_total_2000": 4028, "exact_4000": 25.372393247269116, "f1_4000": 36.175523349496245, "total_4000": 4028, "HasAns_exact_4000": 25.372393247269116, "HasAns_f1_4000": 36.175523349496245, "HasAns_total_4000": 4028, "exact_6000": 29.39424031777557, "f1_6000": 39.7868619400583, "total_6000": 4028, "HasAns_exact_6000": 29.39424031777557, "HasAns_f1_6000": 39.7868619400583, "HasAns_total_6000": 4028, "exact_8000": 31.85203574975174, "f1_8000": 42.79944540056277, "total_8000": 4028, "HasAns_exact_8000": 31.85203574975174, "HasAns_f1_8000": 42.79944540056277, "HasAns_total_8000": 4028, "exact_10000": 32.84508440913605, "f1_10000": 44.13192363101558, "total_10000": 4028, "HasAns_exact_10000": 32.84508440913605, "HasAns_f1_10000": 44.13192363101558, "HasAns_total_10000": 4028}