{"exact_2000": 51.266137040714995, "f1_2000": 63.16952337470851, "total_2000": 4028, "HasAns_exact_2000": 51.266137040714995, "HasAns_f1_2000": 63.16952337470851, "HasAns_total_2000": 4028}