{"exact_2000": 48.68421052631579, "f1_2000": 61.50324783277733, "total_2000": 4028, "HasAns_exact_2000": 48.68421052631579, "HasAns_f1_2000": 61.50324783277733, "HasAns_total_2000": 4028, "exact_4000": 52.43296921549156, "f1_4000": 65.10022313105237, "total_4000": 4028, "HasAns_exact_4000": 52.43296921549156, "HasAns_f1_4000": 65.10022313105237, "HasAns_total_4000": 4028, "exact_6000": 54.69215491559086, "f1_6000": 67.33804433871705, "total_6000": 4028, "HasAns_exact_6000": 54.69215491559086, "HasAns_f1_6000": 67.33804433871705, "HasAns_total_6000": 4028, "exact_8000": 54.990069513406155, "f1_8000": 68.11781034698275, "total_8000": 4028, "HasAns_exact_8000": 54.990069513406155, "HasAns_f1_8000": 68.11781034698275, "HasAns_total_8000": 4028, "exact_10000": 56.454816285998014, "f1_10000": 69.17518225380381, "total_10000": 4028, "HasAns_exact_10000": 56.454816285998014, "HasAns_f1_10000": 69.17518225380381, "HasAns_total_10000": 4028, "exact_12000": 56.20655412115194, "f1_12000": 69.56033249411364, "total_12000": 4028, "HasAns_exact_12000": 56.20655412115194, "HasAns_f1_12000": 69.56033249411364, "HasAns_total_12000": 4028, "exact_14000": 56.52929493545184, "f1_14000": 69.70583168666758, "total_14000": 4028, "HasAns_exact_14000": 56.52929493545184, "HasAns_f1_14000": 69.70583168666758, "HasAns_total_14000": 4028, "exact_16000": 57.10029791459782, "f1_16000": 70.34801027974257, "total_16000": 4028, "HasAns_exact_16000": 57.10029791459782, "HasAns_f1_16000": 70.34801027974257, "HasAns_total_16000": 4028, "exact_18000": 57.522343594836144, "f1_18000": 70.16922820470013, "total_18000": 4028, "HasAns_exact_18000": 57.522343594836144, "HasAns_f1_18000": 70.16922820470013, "HasAns_total_18000": 4028, "exact_20000": 58.36643495531281, "f1_20000": 71.1618773157064, "total_20000": 4028, "HasAns_exact_20000": 58.36643495531281, "HasAns_f1_20000": 71.1618773157064, "HasAns_total_20000": 4028, "exact_22000": 58.61469712015889, "f1_22000": 71.77975936360227, "total_22000": 4028, "HasAns_exact_22000": 58.61469712015889, "HasAns_f1_22000": 71.77975936360227, "HasAns_total_22000": 4028, "exact_24000": 58.36643495531281, "f1_24000": 71.64760922694539, "total_24000": 4028, "HasAns_exact_24000": 58.36643495531281, "HasAns_f1_24000": 71.64760922694539, "HasAns_total_24000": 4028, "exact_26000": 59.061569016881826, "f1_26000": 72.24222261534631, "total_26000": 4028, "HasAns_exact_26000": 59.061569016881826, "HasAns_f1_26000": 72.24222261534631, "HasAns_total_26000": 4028, "exact_28000": 59.905660377358494, "f1_28000": 72.48054561441481, "total_28000": 4028, "HasAns_exact_28000": 59.905660377358494, "HasAns_f1_28000": 72.48054561441481, "HasAns_total_28000": 4028, "exact_30000": 59.6077457795432, "f1_30000": 72.06072394942954, "total_30000": 4028, "HasAns_exact_30000": 59.6077457795432, "HasAns_f1_30000": 72.06072394942954, "HasAns_total_30000": 4028, "exact_32000": 59.58291956305859, "f1_32000": 72.4824339866952, "total_32000": 4028, "HasAns_exact_32000": 59.58291956305859, "HasAns_f1_32000": 72.4824339866952, "HasAns_total_32000": 4028, "exact_34000": 59.58291956305859, "f1_34000": 72.5646104355346, "total_34000": 4028, "HasAns_exact_34000": 59.58291956305859, "HasAns_f1_34000": 72.5646104355346, "HasAns_total_34000": 4028}