{"exact_2000": 49.6772591857001, "f1_2000": 61.96165554396875, "total_2000": 4028, "HasAns_exact_2000": 49.6772591857001, "HasAns_f1_2000": 61.96165554396875, "HasAns_total_2000": 4028, "exact_4000": 52.904667328699105, "f1_4000": 65.5733331515653, "total_4000": 4028, "HasAns_exact_4000": 52.904667328699105, "HasAns_f1_4000": 65.5733331515653, "HasAns_total_4000": 4028, "exact_6000": 54.592850049652434, "f1_6000": 67.90119901635168, "total_6000": 4028, "HasAns_exact_6000": 54.592850049652434, "HasAns_f1_6000": 67.90119901635168, "HasAns_total_6000": 4028, "exact_8000": 56.181727904667326, "f1_8000": 69.3658741944714, "total_8000": 4028, "HasAns_exact_8000": 56.181727904667326, "HasAns_f1_8000": 69.3658741944714, "HasAns_total_8000": 4028, "exact_10000": 57.249255213505464, "f1_10000": 69.70529368832217, "total_10000": 4028, "HasAns_exact_10000": 57.249255213505464, "HasAns_f1_10000": 69.70529368832217, "HasAns_total_10000": 4028, "exact_12000": 56.92651439920556, "f1_12000": 70.07366258824996, "total_12000": 4028, "HasAns_exact_12000": 56.92651439920556, "HasAns_f1_12000": 70.07366258824996, "HasAns_total_12000": 4028, "exact_14000": 58.440913604766635, "f1_14000": 71.05359407548683, "total_14000": 4028, "HasAns_exact_14000": 58.440913604766635, "HasAns_f1_14000": 71.05359407548683, "HasAns_total_14000": 4028, "exact_16000": 58.58987090367428, "f1_16000": 70.9222356892734, "total_16000": 4028, "HasAns_exact_16000": 58.58987090367428, "HasAns_f1_16000": 70.9222356892734, "HasAns_total_16000": 4028, "exact_18000": 59.6077457795432, "f1_18000": 72.07467327090802, "total_18000": 4028, "HasAns_exact_18000": 59.6077457795432, "HasAns_f1_18000": 72.07467327090802, "HasAns_total_18000": 4028, "exact_20000": 59.03674280039722, "f1_20000": 71.45549263185518, "total_20000": 4028, "HasAns_exact_20000": 59.03674280039722, "HasAns_f1_20000": 71.45549263185518, "HasAns_total_20000": 4028, "exact_22000": 59.905660377358494, "f1_22000": 72.17390398929149, "total_22000": 4028, "HasAns_exact_22000": 59.905660377358494, "HasAns_f1_22000": 72.17390398929149, "HasAns_total_22000": 4028, "exact_24000": 59.731876861966235, "f1_24000": 72.14369694522414, "total_24000": 4028, "HasAns_exact_24000": 59.731876861966235, "HasAns_f1_24000": 72.14369694522414, "HasAns_total_24000": 4028, "exact_26000": 60.00496524329692, "f1_26000": 72.47563018075681, "total_26000": 4028, "HasAns_exact_26000": 60.00496524329692, "HasAns_f1_26000": 72.47563018075681, "HasAns_total_26000": 4028, "exact_28000": 59.83118172790467, "f1_28000": 71.92193775515751, "total_28000": 4028, "HasAns_exact_28000": 59.83118172790467, "HasAns_f1_28000": 71.92193775515751, "HasAns_total_28000": 4028, "exact_30000": 59.65739821251241, "f1_30000": 72.37428272211513, "total_30000": 4028, "HasAns_exact_30000": 59.65739821251241, "HasAns_f1_30000": 72.37428272211513, "HasAns_total_30000": 4028, "exact_32000": 60.22840119165839, "f1_32000": 72.88014285454874, "total_32000": 4028, "HasAns_exact_32000": 60.22840119165839, "HasAns_f1_32000": 72.88014285454874, "HasAns_total_32000": 4028, "exact_34000": 60.70009930486594, "f1_34000": 73.46846478162975, "total_34000": 4028, "HasAns_exact_34000": 60.70009930486594, "HasAns_f1_34000": 73.46846478162975, "HasAns_total_34000": 4028, "exact_36000": 61.2214498510427, "f1_36000": 73.80910567843459, "total_36000": 4028, "HasAns_exact_36000": 61.2214498510427, "HasAns_f1_36000": 73.80910567843459, "HasAns_total_36000": 4028, "exact_38000": 60.55114200595829, "f1_38000": 73.17569251267213, "total_38000": 4028, "HasAns_exact_38000": 60.55114200595829, "HasAns_f1_38000": 73.17569251267213, "HasAns_total_38000": 4028, "exact_40000": 60.5759682224429, "f1_40000": 72.9520371293373, "total_40000": 4028, "HasAns_exact_40000": 60.5759682224429, "HasAns_f1_40000": 72.9520371293373, "HasAns_total_40000": 4028, "exact_42000": 60.67527308838133, "f1_42000": 73.52027701788484, "total_42000": 4028, "HasAns_exact_42000": 60.67527308838133, "HasAns_f1_42000": 73.52027701788484, "HasAns_total_42000": 4028, "exact_44000": 61.097318768619665, "f1_44000": 73.74007615359051, "total_44000": 4028, "HasAns_exact_44000": 61.097318768619665, "HasAns_f1_44000": 73.74007615359051, "HasAns_total_44000": 4028, "exact_46000": 61.320754716981135, "f1_46000": 73.60508718828073, "total_46000": 4028, "HasAns_exact_46000": 61.320754716981135, "HasAns_f1_46000": 73.60508718828073, "HasAns_total_46000": 4028, "exact_48000": 60.70009930486594, "f1_48000": 73.61068944344508, "total_48000": 4028, "HasAns_exact_48000": 60.70009930486594, "HasAns_f1_48000": 73.61068944344508, "HasAns_total_48000": 4028, "exact_50000": 61.370407149950346, "f1_50000": 73.55373623311118, "total_50000": 4028, "HasAns_exact_50000": 61.370407149950346, "HasAns_f1_50000": 73.55373623311118, "HasAns_total_50000": 4028, "exact_52000": 61.39523336643496, "f1_52000": 73.9875883583694, "total_52000": 4028, "HasAns_exact_52000": 61.39523336643496, "HasAns_f1_52000": 73.9875883583694, "HasAns_total_52000": 4028, "exact_54000": 61.817279046673285, "f1_54000": 74.10971674609581, "total_54000": 4028, "HasAns_exact_54000": 61.817279046673285, "HasAns_f1_54000": 74.10971674609581, "HasAns_total_54000": 4028, "exact_56000": 61.89175769612711, "f1_56000": 74.24702917151673, "total_56000": 4028, "HasAns_exact_56000": 61.89175769612711, "HasAns_f1_56000": 74.24702917151673, "HasAns_total_56000": 4028, "exact_58000": 61.544190665342605, "f1_58000": 74.06357503520988, "total_58000": 4028, "HasAns_exact_58000": 61.544190665342605, "HasAns_f1_58000": 74.06357503520988, "HasAns_total_58000": 4028, "exact_60000": 62.23932472691162, "f1_60000": 74.77289810967528, "total_60000": 4028, "HasAns_exact_60000": 62.23932472691162, "HasAns_f1_60000": 74.77289810967528, "HasAns_total_60000": 4028, "exact_62000": 61.8669314796425, "f1_62000": 74.57868787341414, "total_62000": 4028, "HasAns_exact_62000": 61.8669314796425, "HasAns_f1_62000": 74.57868787341414, "HasAns_total_62000": 4028, "exact_64000": 62.88480635551142, "f1_64000": 75.0214107620996, "total_64000": 4028, "HasAns_exact_64000": 62.88480635551142, "HasAns_f1_64000": 75.0214107620996, "HasAns_total_64000": 4028, "exact_66000": 62.835153922542204, "f1_66000": 74.82428832830381, "total_66000": 4028, "HasAns_exact_66000": 62.835153922542204, "HasAns_f1_66000": 74.82428832830381, "HasAns_total_66000": 4028, "exact_68000": 62.31380337636544, "f1_68000": 74.64136544093166, "total_68000": 4028, "HasAns_exact_68000": 62.31380337636544, "HasAns_f1_68000": 74.64136544093166, "HasAns_total_68000": 4028, "exact_70000": 62.040714995034755, "f1_70000": 74.43224180811691, "total_70000": 4028, "HasAns_exact_70000": 62.040714995034755, "HasAns_f1_70000": 74.43224180811691, "HasAns_total_70000": 4028, "exact_72000": 62.36345580933466, "f1_72000": 74.72511258455569, "total_72000": 4028, "HasAns_exact_72000": 62.36345580933466, "HasAns_f1_72000": 74.72511258455569, "HasAns_total_72000": 4028, "exact_74000": 62.735849056603776, "f1_74000": 75.22718225566834, "total_74000": 4028, "HasAns_exact_74000": 62.735849056603776, "HasAns_f1_74000": 75.22718225566834, "HasAns_total_74000": 4028, "exact_76000": 62.835153922542204, "f1_76000": 74.98086965795044, "total_76000": 4028, "HasAns_exact_76000": 62.835153922542204, "HasAns_f1_76000": 74.98086965795044, "HasAns_total_76000": 4028, "exact_78000": 62.835153922542204, "f1_78000": 75.13201760107502, "total_78000": 4028, "HasAns_exact_78000": 62.835153922542204, "HasAns_f1_78000": 75.13201760107502, "HasAns_total_78000": 4028, "exact_80000": 62.43793445878848, "f1_80000": 74.79496978432545, "total_80000": 4028, "HasAns_exact_80000": 62.43793445878848, "HasAns_f1_80000": 74.79496978432545, "HasAns_total_80000": 4028, "exact_82000": 62.68619662363456, "f1_82000": 74.75101344543505, "total_82000": 4028, "HasAns_exact_82000": 62.68619662363456, "HasAns_f1_82000": 74.75101344543505, "HasAns_total_82000": 4028, "exact_84000": 62.78550148957299, "f1_84000": 74.89037783646525, "total_84000": 4028,