{"exact_10000": 36.370407149950346, "f1_10000": 48.265859917397364, "total_10000": 4028, "HasAns_exact_10000": 36.370407149950346, "HasAns_f1_10000": 48.265859917397364, "HasAns_total_10000": 4028, "exact_100000": 44.662363455809334, "f1_100000": 58.64613914272676, "total_100000": 4028, "HasAns_exact_100000": 44.662363455809334, "HasAns_f1_100000": 58.64613914272676, "HasAns_total_100000": 4028, "exact_102000": 44.63753723932473, "f1_102000": 58.728051610964485, "total_102000": 4028, "HasAns_exact_102000": 44.63753723932473, "HasAns_f1_102000": 58.728051610964485, "HasAns_total_102000": 4028, "exact_104000": 44.73684210526316, "f1_104000": 58.62836336638294, "total_104000": 4028, "HasAns_exact_104000": 44.73684210526316, "HasAns_f1_104000": 58.62836336638294, "HasAns_total_104000": 4028, "exact_106000": 44.51340615690169, "f1_106000": 58.38713271303048, "total_106000": 4028, "HasAns_exact_106000": 44.51340615690169, "HasAns_f1_106000": 58.38713271303048, "HasAns_total_106000": 4028, "exact_108000": 44.96027805362463, "f1_108000": 58.797793217033245, "total_108000": 4028, "HasAns_exact_108000": 44.96027805362463, "HasAns_f1_108000": 58.797793217033245, "HasAns_total_108000": 4028, "exact_110000": 44.786494538232375, "f1_110000": 58.586307099822264, "total_110000": 4028, "HasAns_exact_110000": 44.786494538232375, "HasAns_f1_110000": 58.586307099822264, "HasAns_total_110000": 4028, "exact_112000": 44.63753723932473, "f1_112000": 58.95196766078329, "total_112000": 4028, "HasAns_exact_112000": 44.63753723932473, "HasAns_f1_112000": 58.95196766078329, "HasAns_total_112000": 4028, "exact_114000": 45.059582919563056, "f1_114000": 58.964696026563715, "total_114000": 4028, "HasAns_exact_114000": 45.059582919563056, "HasAns_f1_114000": 58.964696026563715, "HasAns_total_114000": 4028, "exact_116000": 44.26514399205561, "f1_116000": 58.568633146181256, "total_116000": 4028, "HasAns_exact_116000": 44.26514399205561, "HasAns_f1_116000": 58.568633146181256, "HasAns_total_116000": 4028, "exact_118000": 44.215491559086395, "f1_118000": 58.8997163094889, "total_118000": 4028, "HasAns_exact_118000": 44.215491559086395, "HasAns_f1_118000": 58.8997163094889, "HasAns_total_118000": 4028, "exact_12000": 37.09036742800397, "f1_12000": 49.22298379378864, "total_12000": 4028, "HasAns_exact_12000": 37.09036742800397, "HasAns_f1_12000": 49.22298379378864, "HasAns_total_12000": 4028, "exact_120000": 43.8927507447865, "f1_120000": 58.387577016392754, "total_120000": 4028, "HasAns_exact_120000": 43.8927507447865, "HasAns_f1_120000": 58.387577016392754, "HasAns_total_120000": 4028, "exact_122000": 44.19066534260179, "f1_122000": 58.18985295397298, "total_122000": 4028, "HasAns_exact_122000": 44.19066534260179, "HasAns_f1_122000": 58.18985295397298, "HasAns_total_122000": 4028, "exact_124000": 44.16583912611718, "f1_124000": 58.382543096149945, "total_124000": 4028, "HasAns_exact_124000": 44.16583912611718, "HasAns_f1_124000": 58.382543096149945, "HasAns_total_124000": 4028, "exact_126000": 44.339622641509436, "f1_126000": 58.326921965214986, "total_126000": 4028, "HasAns_exact_126000": 44.339622641509436, "HasAns_f1_126000": 58.326921965214986, "HasAns_total_126000": 4028, "exact_128000": 44.36444885799404, "f1_128000": 58.56005728771349, "total_128000": 4028, "HasAns_exact_128000": 44.36444885799404, "HasAns_f1_128000": 58.56005728771349, "HasAns_total_128000": 4028, "exact_130000": 43.79344587884806, "f1_130000": 58.21109364139437, "total_130000": 4028, "HasAns_exact_130000": 43.79344587884806, "HasAns_f1_130000": 58.21109364139437, "HasAns_total_130000": 4028, "exact_132000": 43.818272095332674, "f1_132000": 58.111037123306986, "total_132000": 4028, "HasAns_exact_132000": 43.818272095332674, "HasAns_f1_132000": 58.111037123306986, "HasAns_total_132000": 4028, "exact_134000": 44.06653426017875, "f1_134000": 58.56322547592327, "total_134000": 4028, "HasAns_exact_134000": 44.06653426017875, "HasAns_f1_134000": 58.56322547592327, "HasAns_total_134000": 4028, "exact_136000": 43.61966236345581, "f1_136000": 58.26081501547965, "total_136000": 4028, "HasAns_exact_136000": 43.61966236345581, "HasAns_f1_136000": 58.26081501547965, "HasAns_total_136000": 4028, "exact_138000": 44.215491559086395, "f1_138000": 58.477497395804605, "total_138000": 4028, "HasAns_exact_138000": 44.215491559086395, "HasAns_f1_138000": 58.477497395804605, "HasAns_total_138000": 4028, "exact_14000": 37.88480635551142, "f1_14000": 50.137073519226696, "total_14000": 4028, "HasAns_exact_14000": 37.88480635551142, "HasAns_f1_14000": 50.137073519226696, "HasAns_total_14000": 4028, "exact_140000": 43.94240317775571, "f1_140000": 58.10163331551978, "total_140000": 4028, "HasAns_exact_140000": 43.94240317775571, "HasAns_f1_140000": 58.10163331551978, "HasAns_total_140000": 4028, "exact_142000": 43.84309831181728, "f1_142000": 58.14955542241441, "total_142000": 4028, "HasAns_exact_142000": 43.84309831181728, "HasAns_f1_142000": 58.14955542241441, "HasAns_total_142000": 4028, "exact_144000": 44.14101290963257, "f1_144000": 58.544369465780605, "total_144000": 4028, "HasAns_exact_144000": 44.14101290963257, "HasAns_f1_144000": 58.544369465780605, "HasAns_total_144000": 4028, "exact_146000": 43.992055610724925, "f1_146000": 58.455273275959144, "total_146000": 4028, "HasAns_exact_146000": 43.992055610724925, "HasAns_f1_146000": 58.455273275959144, "HasAns_total_146000": 4028, "exact_148000": 44.16583912611718, "f1_148000": 58.38485023214365, "total_148000": 4028, "HasAns_exact_148000": 44.16583912611718, "HasAns_f1_148000": 58.38485023214365, "HasAns_total_148000": 4028, "exact_150000": 44.19066534260179, "f1_150000": 58.396595261321714, "total_150000": 4028, "HasAns_exact_150000": 44.19066534260179, "HasAns_f1_150000": 58.396595261321714, "HasAns_total_150000": 4028, "exact_152000": 43.74379344587885, "f1_152000": 58.196315116707574, "total_152000": 4028, "HasAns_exact_152000": 43.74379344587885, "HasAns_f1_152000": 58.196315116707574, "HasAns_total_152000": 4028, "exact_154000": 44.19066534260179, "f1_154000": 58.391003990201604, "total_154000": 4028, "HasAns_exact_154000": 44.19066534260179, "HasAns_f1_154000": 58.391003990201604, "HasAns_total_154000": 4028, "exact_156000": 43.867924528301884, "f1_156000": 58.181180833785966, "total_156000": 4028, "HasAns_exact_156000": 43.867924528301884, "HasAns_f1_156000": 58.181180833785966, "HasAns_total_156000": 4028, "exact_158000": 43.768619662363456, "f1_158000": 58.19701295040216, "total_158000": 4028, "HasAns_exact_158000": 43.768619662363456, "HasAns_f1_158000": 58.19701295040216, "HasAns_total_158000": 4028, "exact_16000": 39.29990069513406, "f1_16000": 51.28856690739054, "total_16000": 4028, "HasAns_exact_16000": 39.29990069513406, "HasAns_f1_16000": 51.28856690739054, "HasAns_total_16000": 4028, "exact_160000": 43.71896722939424, "f1_160000": 58.09371623570722, "total_160000": 4028, "HasAns_exact_160000": 43.71896722939424, "HasAns_f1_160000": 58.09371623570722, "HasAns_total_160000": 4028, "exact_18000": 39.39920556107249, "f1_18000": 52.48057538017142, "total_18000": 4028, "HasAns_exact_18000": 39.39920556107249, "HasAns_f1_18000": 52.48057538017142, "HasAns_total_18000": 4028, "exact_2000": 22.66633565044687, "f1_2000": 33.20202864013628, "total_2000": 4028, "HasAns_exact_2000": 22.66633565044687, "HasAns_f1_2000": 33.20202864013628, "HasAns_total_2000": 4028, "exact_20000": 40.491559086395235, "f1_20000": 52.84200469933285, "total_20000": 4028, "HasAns_exact_20000": 40.491559086395235, "HasAns_f1_20000": 52.84200469933285, "HasAns_total_20000": 4028, "exact_22000": 40.78947368421053, "f1_22000": 52.57039714475914, "total_22000": 4028, "HasAns_exact_22000": 40.78947368421053, "HasAns_f1_22000": 52.57039714475914, "HasAns_total_22000": 4028, "exact_24000": 41.6583912611718, "f1_24000": 54.32132407802424, "total_24000": 4028, "HasAns_exact_24000": 41.6583912611718, "HasAns_f1_24000": 54.32132407802424, "HasAns_total_24000": 4028, "exact_26000": 41.38530287984111,