{"exact_2000": 49.404170804369414, "f1_2000": 62.20855204610451, "total_2000": 4028, "HasAns_exact_2000": 49.404170804369414, "HasAns_f1_2000": 62.20855204610451, "HasAns_total_2000": 4028, "exact_4000": 53.22740814299901, "f1_4000": 65.84354728249686, "total_4000": 4028, "HasAns_exact_4000": 53.22740814299901, "HasAns_f1_4000": 65.84354728249686, "HasAns_total_4000": 4028, "exact_6000": 55.31281032770606, "f1_6000": 67.95192894833724, "total_6000": 4028, "HasAns_exact_6000": 55.31281032770606, "HasAns_f1_6000": 67.95192894833724, "HasAns_total_6000": 4028, "exact_8000": 55.48659384309831, "f1_8000": 68.6542707640568, "total_8000": 4028, "HasAns_exact_8000": 55.48659384309831, "HasAns_f1_8000": 68.6542707640568, "HasAns_total_8000": 4028, "exact_10000": 56.30585898709037, "f1_10000": 69.41348241331626, "total_10000": 4028, "HasAns_exact_10000": 56.30585898709037, "HasAns_f1_10000": 69.41348241331626, "HasAns_total_10000": 4028, "exact_12000": 56.33068520357497, "f1_12000": 69.23914458913664, "total_12000": 4028, "HasAns_exact_12000": 56.33068520357497, "HasAns_f1_12000": 69.23914458913664, "HasAns_total_12000": 4028, "exact_14000": 57.34856007944389, "f1_14000": 70.24550134257223, "total_14000": 4028, "HasAns_exact_14000": 57.34856007944389, "HasAns_f1_14000": 70.24550134257223, "HasAns_total_14000": 4028, "exact_16000": 57.646474677259185, "f1_16000": 70.59437824975875, "total_16000": 4028, "HasAns_exact_16000": 57.646474677259185, "HasAns_f1_16000": 70.59437824975875, "HasAns_total_16000": 4028, "exact_18000": 57.770605759682226, "f1_18000": 70.42355599525102, "total_18000": 4028, "HasAns_exact_18000": 57.770605759682226, "HasAns_f1_18000": 70.42355599525102, "HasAns_total_18000": 4028, "exact_20000": 58.3416087388282, "f1_20000": 71.04996408749643, "total_20000": 4028, "HasAns_exact_20000": 58.3416087388282, "HasAns_f1_20000": 71.04996408749643, "HasAns_total_20000": 4028, "exact_22000": 58.63952333664349, "f1_22000": 71.82463271951066, "total_22000": 4028, "HasAns_exact_22000": 58.63952333664349, "HasAns_f1_22000": 71.82463271951066, "HasAns_total_22000": 4028}