{"exact_2000": 48.48560079443893, "f1_2000": 60.815169830689754, "total_2000": 4028, "HasAns_exact_2000": 48.48560079443893, "HasAns_f1_2000": 60.815169830689754, "HasAns_total_2000": 4028, "exact_4000": 50.04965243296922, "f1_4000": 62.394959169229594, "total_4000": 4028, "HasAns_exact_4000": 50.04965243296922, "HasAns_f1_4000": 62.394959169229594, "HasAns_total_4000": 4028, "exact_6000": 51.11717974180735, "f1_6000": 63.94755130587196, "total_6000": 4028, "HasAns_exact_6000": 51.11717974180735, "HasAns_f1_6000": 63.94755130587196, "HasAns_total_6000": 4028, "exact_8000": 51.837140019860975, "f1_8000": 64.26390603933179, "total_8000": 4028, "HasAns_exact_8000": 51.837140019860975, "HasAns_f1_8000": 64.26390603933179, "HasAns_total_8000": 4028}