{"exact_2000": 48.63455809334658, "f1_2000": 61.57775702322709, "total_2000": 4028, "HasAns_exact_2000": 48.63455809334658, "HasAns_f1_2000": 61.57775702322709, "HasAns_total_2000": 4028}