{"exact_2000": 50.34756703078451, "f1_2000": 63.107829524434926, "total_2000": 4028, "HasAns_exact_2000": 50.34756703078451, "HasAns_f1_2000": 63.107829524434926, "HasAns_total_2000": 4028, "exact_4000": 53.252234359483616, "f1_4000": 66.58357049632285, "total_4000": 4028, "HasAns_exact_4000": 53.252234359483616, "HasAns_f1_4000": 66.58357049632285, "HasAns_total_4000": 4028, "exact_6000": 53.74875868917577, "f1_6000": 67.35689659410643, "total_6000": 4028, "HasAns_exact_6000": 53.74875868917577, "HasAns_f1_6000": 67.35689659410643, "HasAns_total_6000": 4028, "exact_8000": 56.30585898709037, "f1_8000": 69.39649843303556, "total_8000": 4028, "HasAns_exact_8000": 56.30585898709037, "HasAns_f1_8000": 69.39649843303556, "HasAns_total_8000": 4028, "exact_10000": 58.41608738828202, "f1_10000": 70.74727150186452, "total_10000": 4028, "HasAns_exact_10000": 58.41608738828202, "HasAns_f1_10000": 70.74727150186452, "HasAns_total_10000": 4028, "exact_12000": 57.34856007944389, "f1_12000": 70.34396056946433, "total_12000": 4028, "HasAns_exact_12000": 57.34856007944389, "HasAns_f1_12000": 70.34396056946433, "HasAns_total_12000": 4028, "exact_14000": 59.08639523336643, "f1_14000": 71.6888958082425, "total_14000": 4028, "HasAns_exact_14000": 59.08639523336643, "HasAns_f1_14000": 71.6888958082425, "HasAns_total_14000": 4028, "exact_16000": 59.334657398212514, "f1_16000": 71.81749740592001, "total_16000": 4028, "HasAns_exact_16000": 59.334657398212514, "HasAns_f1_16000": 71.81749740592001, "HasAns_total_16000": 4028, "exact_18000": 59.23535253227408, "f1_18000": 71.65788727774829, "total_18000": 4028, "HasAns_exact_18000": 59.23535253227408, "HasAns_f1_18000": 71.65788727774829, "HasAns_total_18000": 4028, "exact_20000": 58.83813306852036, "f1_20000": 72.00444933791087, "total_20000": 4028, "HasAns_exact_20000": 58.83813306852036, "HasAns_f1_20000": 72.00444933791087, "HasAns_total_20000": 4028, "exact_22000": 59.3098311817279, "f1_22000": 71.96220509267944, "total_22000": 4028, "HasAns_exact_22000": 59.3098311817279, "HasAns_f1_22000": 71.96220509267944, "HasAns_total_22000": 4028, "exact_24000": 58.490566037735846, "f1_24000": 72.05965458620109, "total_24000": 4028, "HasAns_exact_24000": 58.490566037735846, "HasAns_f1_24000": 72.05965458620109, "HasAns_total_24000": 4028, "exact_26000": 59.856007944389276, "f1_26000": 72.68715549921212, "total_26000": 4028, "HasAns_exact_26000": 59.856007944389276, "HasAns_f1_26000": 72.68715549921212, "HasAns_total_26000": 4028, "exact_28000": 60.973187686196624, "f1_28000": 73.16182974215435, "total_28000": 4028, "HasAns_exact_28000": 60.973187686196624, "HasAns_f1_28000": 73.16182974215435, "HasAns_total_28000": 4028, "exact_30000": 60.749751737835155, "f1_30000": 73.23905536423192, "total_30000": 4028, "HasAns_exact_30000": 60.749751737835155, "HasAns_f1_30000": 73.23905536423192, "HasAns_total_30000": 4028, "exact_32000": 60.62562065541211, "f1_32000": 73.25381973437611, "total_32000": 4028, "HasAns_exact_32000": 60.62562065541211, "HasAns_f1_32000": 73.25381973437611, "HasAns_total_32000": 4028, "exact_34000": 61.74280039721946, "f1_34000": 73.97001708762312, "total_34000": 4028, "HasAns_exact_34000": 61.74280039721946, "HasAns_f1_34000": 73.97001708762312, "HasAns_total_34000": 4028, "exact_36000": 60.22840119165839, "f1_36000": 72.6288637624741, "total_36000": 4028, "HasAns_exact_36000": 60.22840119165839, "HasAns_f1_36000": 72.6288637624741, "HasAns_total_36000": 4028, "exact_38000": 60.72492552135055, "f1_38000": 73.37488574589595, "total_38000": 4028, "HasAns_exact_38000": 60.72492552135055, "HasAns_f1_38000": 73.37488574589595, "HasAns_total_38000": 4028, "exact_40000": 60.94836146971202, "f1_40000": 73.67176235934222, "total_40000": 4028, "HasAns_exact_40000": 60.94836146971202, "HasAns_f1_40000": 73.67176235934222, "HasAns_total_40000": 4028, "exact_42000": 60.84905660377358, "f1_42000": 73.56241363922626, "total_42000": 4028, "HasAns_exact_42000": 60.84905660377358, "HasAns_f1_42000": 73.56241363922626, "HasAns_total_42000": 4028, "exact_44000": 60.94836146971202, "f1_44000": 73.36355573198749, "total_44000": 4028, "HasAns_exact_44000": 60.94836146971202, "HasAns_f1_44000": 73.36355573198749, "HasAns_total_44000": 4028, "exact_46000": 61.27110228401192, "f1_46000": 73.84463258993526, "total_46000": 4028, "HasAns_exact_46000": 61.27110228401192, "HasAns_f1_46000": 73.84463258993526, "HasAns_total_46000": 4028, "exact_48000": 61.320754716981135, "f1_48000": 73.93268137729014, "total_48000": 4028, "HasAns_exact_48000": 61.320754716981135, "HasAns_f1_48000": 73.93268137729014, "HasAns_total_48000": 4028, "exact_50000": 61.991062562065544, "f1_50000": 74.40399268330005, "total_50000": 4028, "HasAns_exact_50000": 61.991062562065544, "HasAns_f1_50000": 74.40399268330005, "HasAns_total_50000": 4028, "exact_52000": 61.767626613704074, "f1_52000": 73.99511844007573, "total_52000": 4028, "HasAns_exact_52000": 61.767626613704074, "HasAns_f1_52000": 73.99511844007573, "HasAns_total_52000": 4028, "exact_54000": 62.512413108242306, "f1_54000": 74.15285692894827, "total_54000": 4028, "HasAns_exact_54000": 62.512413108242306, "HasAns_f1_54000": 74.15285692894827, "HasAns_total_54000": 4028, "exact_56000": 62.040714995034755, "f1_56000": 74.25114366016716, "total_56000": 4028, "HasAns_exact_56000": 62.040714995034755, "HasAns_f1_56000": 74.25114366016716, "HasAns_total_56000": 4028, "exact_58000": 60.8987090367428, "f1_58000": 73.8384219041245, "total_58000": 4028, "HasAns_exact_58000": 60.8987090367428, "HasAns_f1_58000": 73.8384219041245, "HasAns_total_58000": 4028, "exact_60000": 61.8421052631579, "f1_60000": 74.27038098009618, "total_60000": 4028, "HasAns_exact_60000": 61.8421052631579, "HasAns_f1_60000": 74.27038098009618, "HasAns_total_60000": 4028, "exact_62000": 62.487586891757694, "f1_62000": 74.77098809605533, "total_62000": 4028, "HasAns_exact_62000": 62.487586891757694, "HasAns_f1_62000": 74.77098809605533, "HasAns_total_62000": 4028, "exact_64000": 62.36345580933466, "f1_64000": 74.62545462328819, "total_64000": 4028, "HasAns_exact_64000": 62.36345580933466, "HasAns_f1_64000": 74.62545462328819, "HasAns_total_64000": 4028, "exact_66000": 61.79245283018868, "f1_66000": 73.97684734596872, "total_66000": 4028, "HasAns_exact_66000": 61.79245283018868, "HasAns_f1_66000": 73.97684734596872, "HasAns_total_66000": 4028, "exact_68000": 62.487586891757694, "f1_68000": 74.2944463097786, "total_68000": 4028, "HasAns_exact_68000": 62.487586891757694, "HasAns_f1_68000": 74.2944463097786, "HasAns_total_68000": 4028, "exact_70000": 61.66832174776564, "f1_70000": 73.83364996987905, "total_70000": 4028, "HasAns_exact_70000": 61.66832174776564, "HasAns_f1_70000": 73.83364996987905, "HasAns_total_70000": 4028, "exact_72000": 62.53723932472691, "f1_72000": 74.25731255036993, "total_72000": 4028, "HasAns_exact_72000": 62.53723932472691, "HasAns_f1_72000": 74.25731255036993, "HasAns_total_72000": 4028, "exact_74000": 61.56901688182721, "f1_74000": 74.3259306425509, "total_74000": 4028, "HasAns_exact_74000": 61.56901688182721, "HasAns_f1_74000": 74.3259306425509, "HasAns_total_74000": 4028, "exact_76000": 61.96623634558093, "f1_76000": 74.25631127099892, "total_76000": 4028, "HasAns_exact_76000": 61.96623634558093, "HasAns_f1_76000": 74.25631127099892, "HasAns_total_76000": 4028, "exact_78000": 62.14001986097319, "f1_78000": 74.69922601091588, "total_78000": 4028, "HasAns_exact_78000": 62.14001986097319, "HasAns_f1_78000": 74.69922601091588, "HasAns_total_78000": 4028, "exact_80000": 62.53723932472691, "f1_80000": 74.87677800478977, "total_80000": 4028, "HasAns_exact_80000": 62.53723932472691, "HasAns_f1_80000": 74.87677800478977, "HasAns_total_80000": 4028, "exact_82000": 62.264150943396224, "f1_82000": 74.52865889786221, "total_82000": 4028, "HasAns_exact_82000": 62.264150943396224, "HasAns_f1_82000": 74.52865889786221, "HasAns_total_82000": 4028, "exact_84000": 61.991062562065544, "f1_84000": 74.68225964602784, "total_84000": 4028,