{"exact_2000": 45.48162859980139, "f1_2000": 58.0701860763362, "total_2000": 4028, "HasAns_exact_2000": 45.48162859980139, "HasAns_f1_2000": 58.0701860763362, "HasAns_total_2000": 4028, "exact_4000": 49.801390268123136, "f1_4000": 62.47641641011204, "total_4000": 4028, "HasAns_exact_4000": 49.801390268123136, "HasAns_f1_4000": 62.47641641011204, "HasAns_total_4000": 4028, "exact_6000": 51.63853028798411, "f1_6000": 63.779363603623715, "total_6000": 4028, "HasAns_exact_6000": 51.63853028798411, "HasAns_f1_6000": 63.779363603623715, "HasAns_total_6000": 4028}