{"exact_2000": 21.573982125124132, "f1_2000": 30.507670096827216, "total_2000": 4028, "HasAns_exact_2000": 21.573982125124132, "HasAns_f1_2000": 30.507670096827216, "HasAns_total_2000": 4028, "exact_4000": 28.823237338629593, "f1_4000": 38.986093218902994, "total_4000": 4028, "HasAns_exact_4000": 28.823237338629593, "HasAns_f1_4000": 38.986093218902994, "HasAns_total_4000": 4028, "exact_6000": 30.73485600794439, "f1_6000": 40.44085620949159, "total_6000": 4028, "HasAns_exact_6000": 30.73485600794439, "HasAns_f1_6000": 40.44085620949159, "HasAns_total_6000": 4028, "exact_8000": 34.160873882820255, "f1_8000": 44.160983742843726, "total_8000": 4028, "HasAns_exact_8000": 34.160873882820255, "HasAns_f1_8000": 44.160983742843726, "HasAns_total_8000": 4028, "exact_10000": 35.32770605759682, "f1_10000": 45.59781899604222, "total_10000": 4028, "HasAns_exact_10000": 35.32770605759682, "HasAns_f1_10000": 45.59781899604222, "HasAns_total_10000": 4028, "exact_12000": 36.370407149950346, "f1_12000": 46.6240779666549, "total_12000": 4028, "HasAns_exact_12000": 36.370407149950346, "HasAns_f1_12000": 46.6240779666549, "HasAns_total_12000": 4028, "exact_14000": 37.43793445878848, "f1_14000": 48.19606934357209, "total_14000": 4028, "HasAns_exact_14000": 37.43793445878848, "HasAns_f1_14000": 48.19606934357209, "HasAns_total_14000": 4028, "exact_16000": 37.835153922542204, "f1_16000": 49.03526628713974, "total_16000": 4028, "HasAns_exact_16000": 37.835153922542204, "HasAns_f1_16000": 49.03526628713974, "HasAns_total_16000": 4028, "exact_18000": 39.17576961271102, "f1_18000": 50.322810133795734, "total_18000": 4028, "HasAns_exact_18000": 39.17576961271102, "HasAns_f1_18000": 50.322810133795734, "HasAns_total_18000": 4028, "exact_20000": 39.79642502482621, "f1_20000": 51.20580370196782, "total_20000": 4028, "HasAns_exact_20000": 39.79642502482621, "HasAns_f1_20000": 51.20580370196782, "HasAns_total_20000": 4028, "exact_22000": 39.821251241310826, "f1_22000": 50.68118116272533, "total_22000": 4028, "HasAns_exact_22000": 39.821251241310826, "HasAns_f1_22000": 50.68118116272533, "HasAns_total_22000": 4028, "exact_24000": 40.541211519364445, "f1_24000": 51.79150732250994, "total_24000": 4028, "HasAns_exact_24000": 40.541211519364445, "HasAns_f1_24000": 51.79150732250994, "HasAns_total_24000": 4028, "exact_26000": 40.11916583912612, "f1_26000": 51.430070324190595, "total_26000": 4028, "HasAns_exact_26000": 40.11916583912612, "HasAns_f1_26000": 51.430070324190595, "HasAns_total_26000": 4028, "exact_28000": 40.839126117179745, "f1_28000": 52.19343190316748, "total_28000": 4028, "HasAns_exact_28000": 40.839126117179745, "HasAns_f1_28000": 52.19343190316748, "HasAns_total_28000": 4028, "exact_30000": 41.782522343594835, "f1_30000": 53.02611914597536, "total_30000": 4028, "HasAns_exact_30000": 41.782522343594835, "HasAns_f1_30000": 53.02611914597536, "HasAns_total_30000": 4028, "exact_32000": 42.65143992055611, "f1_32000": 53.99245717719829, "total_32000": 4028, "HasAns_exact_32000": 42.65143992055611, "HasAns_f1_32000": 53.99245717719829, "HasAns_total_32000": 4028, "exact_34000": 42.924528301886795, "f1_34000": 54.077530615772474, "total_34000": 4028, "HasAns_exact_34000": 42.924528301886795, "HasAns_f1_34000": 54.077530615772474, "HasAns_total_34000": 4028, "exact_36000": 42.67626613704071, "f1_36000": 53.3557968180435, "total_36000": 4028, "HasAns_exact_36000": 42.67626613704071, "HasAns_f1_36000": 53.3557968180435, "HasAns_total_36000": 4028, "exact_38000": 43.2720953326713, "f1_38000": 54.645412105066384, "total_38000": 4028, "HasAns_exact_38000": 43.2720953326713, "HasAns_f1_38000": 54.645412105066384, "HasAns_total_38000": 4028, "exact_40000": 43.147964250248265, "f1_40000": 54.136109274150726, "total_40000": 4028, "HasAns_exact_40000": 43.147964250248265, "HasAns_f1_40000": 54.136109274150726, "HasAns_total_40000": 4028, "exact_42000": 43.04865938430983, "f1_42000": 54.820156210577316, "total_42000": 4028, "HasAns_exact_42000": 43.04865938430983, "HasAns_f1_42000": 54.820156210577316, "HasAns_total_42000": 4028, "exact_44000": 43.07348560079444, "f1_44000": 54.53964939329005, "total_44000": 4028, "HasAns_exact_44000": 43.07348560079444, "HasAns_f1_44000": 54.53964939329005, "HasAns_total_44000": 4028, "exact_46000": 43.371400198609734, "f1_46000": 55.01411498347012, "total_46000": 4028, "HasAns_exact_46000": 43.371400198609734, "HasAns_f1_46000": 55.01411498347012, "HasAns_total_46000": 4028, "exact_48000": 43.29692154915591, "f1_48000": 54.988928871111796, "total_48000": 4028, "HasAns_exact_48000": 43.29692154915591, "HasAns_f1_48000": 54.988928871111796, "HasAns_total_48000": 4028, "exact_50000": 43.867924528301884, "f1_50000": 55.452792390962166, "total_50000": 4028, "HasAns_exact_50000": 43.867924528301884, "HasAns_f1_50000": 55.452792390962166, "HasAns_total_50000": 4028, "exact_52000": 44.51340615690169, "f1_52000": 55.95346664177847, "total_52000": 4028, "HasAns_exact_52000": 44.51340615690169, "HasAns_f1_52000": 55.95346664177847, "HasAns_total_52000": 4028, "exact_54000": 43.594836146971204, "f1_54000": 55.49940701378757, "total_54000": 4028, "HasAns_exact_54000": 43.594836146971204, "HasAns_f1_54000": 55.49940701378757, "HasAns_total_54000": 4028, "exact_56000": 43.71896722939424, "f1_56000": 55.289431921490475, "total_56000": 4028, "HasAns_exact_56000": 43.71896722939424, "HasAns_f1_56000": 55.289431921490475, "HasAns_total_56000": 4028, "exact_58000": 44.662363455809334, "f1_58000": 55.81303043703925, "total_58000": 4028, "HasAns_exact_58000": 44.662363455809334, "HasAns_f1_58000": 55.81303043703925, "HasAns_total_58000": 4028, "exact_60000": 44.01688182720953, "f1_60000": 55.63509258531608, "total_60000": 4028, "HasAns_exact_60000": 44.01688182720953, "HasAns_f1_60000": 55.63509258531608, "HasAns_total_60000": 4028, "exact_62000": 44.36444885799404, "f1_62000": 55.97575790130551, "total_62000": 4028, "HasAns_exact_62000": 44.36444885799404, "HasAns_f1_62000": 55.97575790130551, "HasAns_total_62000": 4028, "exact_64000": 44.339622641509436, "f1_64000": 55.583988889297636, "total_64000": 4028, "HasAns_exact_64000": 44.339622641509436, "HasAns_f1_64000": 55.583988889297636, "HasAns_total_64000": 4028, "exact_66000": 44.14101290963257, "f1_66000": 55.7924761633709, "total_66000": 4028, "HasAns_exact_66000": 44.14101290963257, "HasAns_f1_66000": 55.7924761633709, "HasAns_total_66000": 4028, "exact_68000": 44.04170804369414, "f1_68000": 55.64498839306525, "total_68000": 4028, "HasAns_exact_68000": 44.04170804369414, "HasAns_f1_68000": 55.64498839306525, "HasAns_total_68000": 4028, "exact_70000": 43.9175769612711, "f1_70000": 55.63855021739578, "total_70000": 4028, "HasAns_exact_70000": 43.9175769612711, "HasAns_f1_70000": 55.63855021739578, "HasAns_total_70000": 4028, "exact_72000": 44.28997020854022, "f1_72000": 55.93112800181036, "total_72000": 4028, "HasAns_exact_72000": 44.28997020854022, "HasAns_f1_72000": 55.93112800181036, "HasAns_total_72000": 4028, "exact_74000": 43.8927507447865, "f1_74000": 55.658626416303356, "total_74000": 4028, "HasAns_exact_74000": 43.8927507447865, "HasAns_f1_74000": 55.658626416303356, "HasAns_total_74000": 4028, "exact_76000": 44.438927507447865, "f1_76000": 56.31657100530894, "total_76000": 4028, "HasAns_exact_76000": 44.438927507447865, "HasAns_f1_76000": 56.31657100530894, "HasAns_total_76000": 4028, "exact_78000": 44.662363455809334, "f1_78000": 56.20714918832051, "total_78000": 4028, "HasAns_exact_78000": 44.662363455809334, "HasAns_f1_78000": 56.20714918832051, "HasAns_total_78000": 4028, "exact_80000": 44.11618669314797, "f1_80000": 55.69484469702874, "total_80000": 4028, "HasAns_exact_80000": 44.11618669314797, "HasAns_f1_80000": 55.69484469702874, "HasAns_total_80000": 4028, "exact_82000": 44.26514399205561, "f1_82000": 55.72852669663819, "total_82000": 4028, "HasAns_exact_82000": 44.26514399205561, "HasAns_f1_82000": 55.72852669663819, "HasAns_total_82000": 4028, "exact_84000": 44.01688182720953,