{"exact_2000": 48.48560079443893, "f1_2000": 60.815169830689754, "total_2000": 4028, "HasAns_exact_2000": 48.48560079443893, "HasAns_f1_2000": 60.815169830689754, "HasAns_total_2000": 4028, "exact_4000": 50.04965243296922, "f1_4000": 62.394959169229594, "total_4000": 4028, "HasAns_exact_4000": 50.04965243296922, "HasAns_f1_4000": 62.394959169229594, "HasAns_total_4000": 4028, "exact_6000": 51.11717974180735, "f1_6000": 63.94755130587196, "total_6000": 4028, "HasAns_exact_6000": 51.11717974180735, "HasAns_f1_6000": 63.94755130587196, "HasAns_total_6000": 4028, "exact_8000": 51.837140019860975, "f1_8000": 64.26390603933179, "total_8000": 4028, "HasAns_exact_8000": 51.837140019860975, "HasAns_f1_8000": 64.26390603933179, "HasAns_total_8000": 4028, "exact_10000": 51.886792452830186, "f1_10000": 64.69128703953098, "total_10000": 4028, "HasAns_exact_10000": 51.886792452830186, "HasAns_f1_10000": 64.69128703953098, "HasAns_total_10000": 4028, "exact_12000": 52.80536246276068, "f1_12000": 65.15412657906181, "total_12000": 4028, "HasAns_exact_12000": 52.80536246276068, "HasAns_f1_12000": 65.15412657906181, "HasAns_total_12000": 4028, "exact_14000": 52.85501489572989, "f1_14000": 65.00722295110141, "total_14000": 4028, "HasAns_exact_14000": 52.85501489572989, "HasAns_f1_14000": 65.00722295110141, "HasAns_total_14000": 4028, "exact_16000": 52.507447864945384, "f1_16000": 64.57197969803319, "total_16000": 4028, "HasAns_exact_16000": 52.507447864945384, "HasAns_f1_16000": 64.57197969803319, "HasAns_total_16000": 4028, "exact_18000": 54.46871896722939, "f1_18000": 66.30156738069672, "total_18000": 4028, "HasAns_exact_18000": 54.46871896722939, "HasAns_f1_18000": 66.30156738069672, "HasAns_total_18000": 4028, "exact_20000": 53.823237338629596, "f1_20000": 66.0655430894832, "total_20000": 4028, "HasAns_exact_20000": 53.823237338629596, "HasAns_f1_20000": 66.0655430894832, "HasAns_total_20000": 4028, "exact_22000": 53.74875868917577, "f1_22000": 65.85285653877311, "total_22000": 4028, "HasAns_exact_22000": 53.74875868917577, "HasAns_f1_22000": 65.85285653877311, "HasAns_total_22000": 4028, "exact_24000": 53.94736842105263, "f1_24000": 65.99404657033338, "total_24000": 4028, "HasAns_exact_24000": 53.94736842105263, "HasAns_f1_24000": 65.99404657033338, "HasAns_total_24000": 4028, "exact_26000": 53.42601787487587, "f1_26000": 65.72372057772354, "total_26000": 4028, "HasAns_exact_26000": 53.42601787487587, "HasAns_f1_26000": 65.72372057772354, "HasAns_total_26000": 4028, "exact_28000": 54.29493545183714, "f1_28000": 65.96845432579921, "total_28000": 4028, "HasAns_exact_28000": 54.29493545183714, "HasAns_f1_28000": 65.96845432579921, "HasAns_total_28000": 4028, "exact_30000": 54.8162859980139, "f1_30000": 66.6309999639764, "total_30000": 4028, "HasAns_exact_30000": 54.8162859980139, "HasAns_f1_30000": 66.6309999639764, "HasAns_total_30000": 4028, "exact_32000": 54.19563058589871, "f1_32000": 66.00947448086366, "total_32000": 4028, "HasAns_exact_32000": 54.19563058589871, "HasAns_f1_32000": 66.00947448086366, "HasAns_total_32000": 4028, "exact_34000": 54.29493545183714, "f1_34000": 66.36888748666883, "total_34000": 4028, "HasAns_exact_34000": 54.29493545183714, "HasAns_f1_34000": 66.36888748666883, "HasAns_total_34000": 4028, "exact_36000": 53.89771598808342, "f1_36000": 65.97940274052307, "total_36000": 4028, "HasAns_exact_36000": 53.89771598808342, "HasAns_f1_36000": 65.97940274052307, "HasAns_total_36000": 4028, "exact_38000": 54.64250248262165, "f1_38000": 66.57424924002937, "total_38000": 4028, "HasAns_exact_38000": 54.64250248262165, "HasAns_f1_38000": 66.57424924002937, "HasAns_total_38000": 4028, "exact_40000": 54.890764647467726, "f1_40000": 66.71197017228666, "total_40000": 4028, "HasAns_exact_40000": 54.890764647467726, "HasAns_f1_40000": 66.71197017228666, "HasAns_total_40000": 4028, "exact_42000": 54.51837140019861, "f1_42000": 66.93473959969359, "total_42000": 4028, "HasAns_exact_42000": 54.51837140019861, "HasAns_f1_42000": 66.93473959969359, "HasAns_total_42000": 4028, "exact_44000": 55.28798411122145, "f1_44000": 66.91815960652391, "total_44000": 4028, "HasAns_exact_44000": 55.28798411122145, "HasAns_f1_44000": 66.91815960652391, "HasAns_total_44000": 4028, "exact_46000": 55.31281032770606, "f1_46000": 67.2976306165391, "total_46000": 4028, "HasAns_exact_46000": 55.31281032770606, "HasAns_f1_46000": 67.2976306165391, "HasAns_total_46000": 4028, "exact_48000": 54.766633565044685, "f1_48000": 66.82900233099363, "total_48000": 4028, "HasAns_exact_48000": 54.766633565044685, "HasAns_f1_48000": 66.82900233099363, "HasAns_total_48000": 4028, "exact_50000": 54.91559086395233, "f1_50000": 67.12218895677701, "total_50000": 4028, "HasAns_exact_50000": 54.91559086395233, "HasAns_f1_50000": 67.12218895677701, "HasAns_total_50000": 4028, "exact_52000": 54.91559086395233, "f1_52000": 67.05021262680495, "total_52000": 4028, "HasAns_exact_52000": 54.91559086395233, "HasAns_f1_52000": 67.05021262680495, "HasAns_total_52000": 4028, "exact_54000": 54.8162859980139, "f1_54000": 66.477589293328, "total_54000": 4028, "HasAns_exact_54000": 54.8162859980139, "HasAns_f1_54000": 66.477589293328, "HasAns_total_54000": 4028, "exact_56000": 54.7914597815293, "f1_56000": 66.61812631935267, "total_56000": 4028, "HasAns_exact_56000": 54.7914597815293, "HasAns_f1_56000": 66.61812631935267, "HasAns_total_56000": 4028, "exact_58000": 55.08937437934459, "f1_58000": 67.02830830432693, "total_58000": 4028, "HasAns_exact_58000": 55.08937437934459, "HasAns_f1_58000": 67.02830830432693, "HasAns_total_58000": 4028, "exact_60000": 55.36246276067527, "f1_60000": 67.1174096061759, "total_60000": 4028, "HasAns_exact_60000": 55.36246276067527, "HasAns_f1_60000": 67.1174096061759, "HasAns_total_60000": 4028, "exact_62000": 56.628599801390266, "f1_62000": 67.64933946802827, "total_62000": 4028, "HasAns_exact_62000": 56.628599801390266, "HasAns_f1_62000": 67.64933946802827, "HasAns_total_62000": 4028, "exact_64000": 54.96524329692155, "f1_64000": 66.84433595158323, "total_64000": 4028, "HasAns_exact_64000": 54.96524329692155, "HasAns_f1_64000": 66.84433595158323, "HasAns_total_64000": 4028, "exact_66000": 54.890764647467726, "f1_66000": 66.86620211135273, "total_66000": 4028, "HasAns_exact_66000": 54.890764647467726, "HasAns_f1_66000": 66.86620211135273, "HasAns_total_66000": 4028, "exact_68000": 55.41211519364449, "f1_68000": 67.02911850938867, "total_68000": 4028, "HasAns_exact_68000": 55.41211519364449, "HasAns_f1_68000": 67.02911850938867, "HasAns_total_68000": 4028, "exact_70000": 54.990069513406155, "f1_70000": 66.87632888033842, "total_70000": 4028, "HasAns_exact_70000": 54.990069513406155, "HasAns_f1_70000": 66.87632888033842, "HasAns_total_70000": 4028, "exact_72000": 54.34458788480636, "f1_72000": 66.62294283938309, "total_72000": 4028, "HasAns_exact_72000": 54.34458788480636, "HasAns_f1_72000": 66.62294283938309, "HasAns_total_72000": 4028, "exact_74000": 54.66732869910626, "f1_74000": 66.94941563664115, "total_74000": 4028, "HasAns_exact_74000": 54.66732869910626, "HasAns_f1_74000": 66.94941563664115, "HasAns_total_74000": 4028, "exact_76000": 56.454816285998014, "f1_76000": 67.7176473717337, "total_76000": 4028, "HasAns_exact_76000": 56.454816285998014, "HasAns_f1_76000": 67.7176473717337, "HasAns_total_76000": 4028, "exact_78000": 55.51142005958292, "f1_78000": 67.11280891442141, "total_78000": 4028, "HasAns_exact_78000": 55.51142005958292, "HasAns_f1_78000": 67.11280891442141, "HasAns_total_78000": 4028, "exact_80000": 54.7914597815293, "f1_80000": 66.80060444860571, "total_80000": 4028, "HasAns_exact_80000": 54.7914597815293, "HasAns_f1_80000": 66.80060444860571, "HasAns_total_80000": 4028, "exact_82000": 55.48659384309831, "f1_82000": 67.37317273522459, "total_82000": 4028, "HasAns_exact_82000": 55.48659384309831, "HasAns_f1_82000": 67.37317273522459, "HasAns_total_82000": 4028, "exact_84000": 55.561072492552135, "f1_84000": 67.05493819578092, "total_84000": 4028,