{"exact_2000": 48.43594836146971, "f1_2000": 61.66923233870104, "total_2000": 4028, "HasAns_exact_2000": 48.43594836146971, "HasAns_f1_2000": 61.66923233870104, "HasAns_total_2000": 4028, "exact_4000": 52.43296921549156, "f1_4000": 66.0585466183037, "total_4000": 4028, "HasAns_exact_4000": 52.43296921549156, "HasAns_f1_4000": 66.0585466183037, "HasAns_total_4000": 4028, "exact_6000": 53.823237338629596, "f1_6000": 67.72935427506644, "total_6000": 4028, "HasAns_exact_6000": 53.823237338629596, "HasAns_f1_6000": 67.72935427506644, "HasAns_total_6000": 4028, "exact_8000": 55.53624627606753, "f1_8000": 68.8188981272131, "total_8000": 4028, "HasAns_exact_8000": 55.53624627606753, "HasAns_f1_8000": 68.8188981272131, "HasAns_total_8000": 4028, "exact_10000": 55.28798411122145, "f1_10000": 68.93352072908641, "total_10000": 4028, "HasAns_exact_10000": 55.28798411122145, "HasAns_f1_10000": 68.93352072908641, "HasAns_total_10000": 4028, "exact_12000": 57.49751737835154, "f1_12000": 70.60808955390321, "total_12000": 4028, "HasAns_exact_12000": 57.49751737835154, "HasAns_f1_12000": 70.60808955390321, "HasAns_total_12000": 4028, "exact_14000": 57.522343594836144, "f1_14000": 69.95749481313356, "total_14000": 4028, "HasAns_exact_14000": 57.522343594836144, "HasAns_f1_14000": 69.95749481313356, "HasAns_total_14000": 4028, "exact_16000": 57.994041708043696, "f1_16000": 70.98096210319126, "total_16000": 4028, "HasAns_exact_16000": 57.994041708043696, "HasAns_f1_16000": 70.98096210319126, "HasAns_total_16000": 4028, "exact_18000": 58.41608738828202, "f1_18000": 71.24113640264463, "total_18000": 4028, "HasAns_exact_18000": 58.41608738828202, "HasAns_f1_18000": 71.24113640264463, "HasAns_total_18000": 4028, "exact_20000": 58.58987090367428, "f1_20000": 71.3835600269105, "total_20000": 4028, "HasAns_exact_20000": 58.58987090367428, "HasAns_f1_20000": 71.3835600269105, "HasAns_total_20000": 4028, "exact_22000": 60.05461767626614, "f1_22000": 72.43746657683621, "total_22000": 4028, "HasAns_exact_22000": 60.05461767626614, "HasAns_f1_22000": 72.43746657683621, "HasAns_total_22000": 4028, "exact_24000": 59.58291956305859, "f1_24000": 72.50249481763424, "total_24000": 4028, "HasAns_exact_24000": 59.58291956305859, "HasAns_f1_24000": 72.50249481763424, "HasAns_total_24000": 4028, "exact_26000": 59.53326713008938, "f1_26000": 72.4998375089112, "total_26000": 4028, "HasAns_exact_26000": 59.53326713008938, "HasAns_f1_26000": 72.4998375089112, "HasAns_total_26000": 4028, "exact_28000": 60.178748758689174, "f1_28000": 72.63401835050517, "total_28000": 4028, "HasAns_exact_28000": 60.178748758689174, "HasAns_f1_28000": 72.63401835050517, "HasAns_total_28000": 4028, "exact_30000": 60.60079443892751, "f1_30000": 73.15701666108235, "total_30000": 4028, "HasAns_exact_30000": 60.60079443892751, "HasAns_f1_30000": 73.15701666108235, "HasAns_total_30000": 4028, "exact_32000": 59.98013902681232, "f1_32000": 72.89463340108433, "total_32000": 4028, "HasAns_exact_32000": 59.98013902681232, "HasAns_f1_32000": 72.89463340108433, "HasAns_total_32000": 4028, "exact_34000": 60.20357497517379, "f1_34000": 73.07691818277937, "total_34000": 4028, "HasAns_exact_34000": 60.20357497517379, "HasAns_f1_34000": 73.07691818277937, "HasAns_total_34000": 4028, "exact_36000": 60.15392254220457, "f1_36000": 72.79539926404966, "total_36000": 4028, "HasAns_exact_36000": 60.15392254220457, "HasAns_f1_36000": 72.79539926404966, "HasAns_total_36000": 4028, "exact_38000": 60.82423038728898, "f1_38000": 73.05188912166567, "total_38000": 4028, "HasAns_exact_38000": 60.82423038728898, "HasAns_f1_38000": 73.05188912166567, "HasAns_total_38000": 4028, "exact_40000": 60.650446871896726, "f1_40000": 73.5000061202165, "total_40000": 4028, "HasAns_exact_40000": 60.650446871896726, "HasAns_f1_40000": 73.5000061202165, "HasAns_total_40000": 4028, "exact_42000": 60.526315789473685, "f1_42000": 73.40512692970226, "total_42000": 4028, "HasAns_exact_42000": 60.526315789473685, "HasAns_f1_42000": 73.40512692970226, "HasAns_total_42000": 4028, "exact_44000": 61.17179741807349, "f1_44000": 73.57450036313767, "total_44000": 4028, "HasAns_exact_44000": 61.17179741807349, "HasAns_f1_44000": 73.57450036313767, "HasAns_total_44000": 4028, "exact_46000": 61.07249255213505, "f1_46000": 73.84913687842794, "total_46000": 4028, "HasAns_exact_46000": 61.07249255213505, "HasAns_f1_46000": 73.84913687842794, "HasAns_total_46000": 4028, "exact_48000": 61.817279046673285, "f1_48000": 73.8080166774437, "total_48000": 4028, "HasAns_exact_48000": 61.817279046673285, "HasAns_f1_48000": 73.8080166774437, "HasAns_total_48000": 4028, "exact_50000": 61.39523336643496, "f1_50000": 73.71610916558328, "total_50000": 4028, "HasAns_exact_50000": 61.39523336643496, "HasAns_f1_50000": 73.71610916558328, "HasAns_total_50000": 4028, "exact_52000": 61.27110228401192, "f1_52000": 73.47855251083867, "total_52000": 4028, "HasAns_exact_52000": 61.27110228401192, "HasAns_f1_52000": 73.47855251083867, "HasAns_total_52000": 4028, "exact_54000": 61.17179741807349, "f1_54000": 73.79534826459718, "total_54000": 4028, "HasAns_exact_54000": 61.17179741807349, "HasAns_f1_54000": 73.79534826459718, "HasAns_total_54000": 4028, "exact_56000": 61.56901688182721, "f1_56000": 73.97161808409173, "total_56000": 4028, "HasAns_exact_56000": 61.56901688182721, "HasAns_f1_56000": 73.97161808409173, "HasAns_total_56000": 4028, "exact_58000": 61.34558093346574, "f1_58000": 73.73758873130106, "total_58000": 4028, "HasAns_exact_58000": 61.34558093346574, "HasAns_f1_58000": 73.73758873130106, "HasAns_total_58000": 4028, "exact_60000": 61.8421052631579, "f1_60000": 73.89831087844397, "total_60000": 4028, "HasAns_exact_60000": 61.8421052631579, "HasAns_f1_60000": 73.89831087844397, "HasAns_total_60000": 4028, "exact_62000": 61.79245283018868, "f1_62000": 74.04762357464065, "total_62000": 4028, "HasAns_exact_62000": 61.79245283018868, "HasAns_f1_62000": 74.04762357464065, "HasAns_total_62000": 4028, "exact_64000": 61.64349553128103, "f1_64000": 74.08609923875682, "total_64000": 4028, "HasAns_exact_64000": 61.64349553128103, "HasAns_f1_64000": 74.08609923875682, "HasAns_total_64000": 4028, "exact_66000": 61.24627606752731, "f1_66000": 73.5923618017961, "total_66000": 4028, "HasAns_exact_66000": 61.24627606752731, "HasAns_f1_66000": 73.5923618017961, "HasAns_total_66000": 4028, "exact_68000": 61.04766633565045, "f1_68000": 73.71544254520451, "total_68000": 4028, "HasAns_exact_68000": 61.04766633565045, "HasAns_f1_68000": 73.71544254520451, "HasAns_total_68000": 4028, "exact_70000": 61.42005958291956, "f1_70000": 74.07233382674094, "total_70000": 4028, "HasAns_exact_70000": 61.42005958291956, "HasAns_f1_70000": 74.07233382674094, "HasAns_total_70000": 4028, "exact_72000": 61.56901688182721, "f1_72000": 73.78285343452464, "total_72000": 4028, "HasAns_exact_72000": 61.56901688182721, "HasAns_f1_72000": 73.78285343452464, "HasAns_total_72000": 4028, "exact_74000": 61.29592850049652, "f1_74000": 73.96116846308173, "total_74000": 4028, "HasAns_exact_74000": 61.29592850049652, "HasAns_f1_74000": 73.96116846308173, "HasAns_total_74000": 4028, "exact_76000": 60.72492552135055, "f1_76000": 73.88727481853458, "total_76000": 4028, "HasAns_exact_76000": 60.72492552135055, "HasAns_f1_76000": 73.88727481853458, "HasAns_total_76000": 4028, "exact_78000": 61.44488579940417, "f1_78000": 74.11190791643153, "total_78000": 4028, "HasAns_exact_78000": 61.44488579940417, "HasAns_f1_78000": 74.11190791643153, "HasAns_total_78000": 4028, "exact_80000": 61.320754716981135, "f1_80000": 74.03312198571385, "total_80000": 4028, "HasAns_exact_80000": 61.320754716981135, "HasAns_f1_80000": 74.03312198571385, "HasAns_total_80000": 4028, "exact_82000": 61.42005958291956, "f1_82000": 74.05935094865724, "total_82000": 4028, "HasAns_exact_82000": 61.42005958291956, "HasAns_f1_82000": 74.05935094865724, "HasAns_total_82000": 4028, "exact_84000": 61.42005958291956, "f1_84000": 74.0557866696335, "total_84000": 4028,