{"exact_2000": 51.266137040714995, "f1_2000": 63.16952337470851, "total_2000": 4028, "HasAns_exact_2000": 51.266137040714995, "HasAns_f1_2000": 63.16952337470851, "HasAns_total_2000": 4028, "exact_4000": 54.716981132075475, "f1_4000": 66.68943887537496, "total_4000": 4028, "HasAns_exact_4000": 54.716981132075475, "HasAns_f1_4000": 66.68943887537496, "HasAns_total_4000": 4028, "exact_6000": 56.405163853028796, "f1_6000": 67.81364189585646, "total_6000": 4028, "HasAns_exact_6000": 56.405163853028796, "HasAns_f1_6000": 67.81364189585646, "HasAns_total_6000": 4028, "exact_8000": 58.440913604766635, "f1_8000": 70.15808698387427, "total_8000": 4028, "HasAns_exact_8000": 58.440913604766635, "HasAns_f1_8000": 70.15808698387427, "HasAns_total_8000": 4028, "exact_10000": 59.21052631578947, "f1_10000": 70.83740995676604, "total_10000": 4028, "HasAns_exact_10000": 59.21052631578947, "HasAns_f1_10000": 70.83740995676604, "HasAns_total_10000": 4028, "exact_12000": 59.58291956305859, "f1_12000": 70.63865055729639, "total_12000": 4028, "HasAns_exact_12000": 59.58291956305859, "HasAns_f1_12000": 70.63865055729639, "HasAns_total_12000": 4028, "exact_14000": 60.27805362462761, "f1_14000": 71.7305657692949, "total_14000": 4028, "HasAns_exact_14000": 60.27805362462761, "HasAns_f1_14000": 71.7305657692949, "HasAns_total_14000": 4028, "exact_16000": 60.5759682224429, "f1_16000": 72.00635743922606, "total_16000": 4028, "HasAns_exact_16000": 60.5759682224429, "HasAns_f1_16000": 72.00635743922606, "HasAns_total_16000": 4028, "exact_18000": 59.83118172790467, "f1_18000": 71.58141933601371, "total_18000": 4028, "HasAns_exact_18000": 59.83118172790467, "HasAns_f1_18000": 71.58141933601371, "HasAns_total_18000": 4028, "exact_20000": 60.60079443892751, "f1_20000": 72.03684708254481, "total_20000": 4028, "HasAns_exact_20000": 60.60079443892751, "HasAns_f1_20000": 72.03684708254481, "HasAns_total_20000": 4028}