{"exact_2000": 17.874875868917577, "f1_2000": 26.90424171701405, "total_2000": 4028, "HasAns_exact_2000": 17.874875868917577, "HasAns_f1_2000": 26.90424171701405, "HasAns_total_2000": 4028, "exact_4000": 25.297914597815293, "f1_4000": 35.70021263879698, "total_4000": 4028, "HasAns_exact_4000": 25.297914597815293, "HasAns_f1_4000": 35.70021263879698, "HasAns_total_4000": 4028, "exact_6000": 29.51837140019861, "f1_6000": 40.73883502930576, "total_6000": 4028, "HasAns_exact_6000": 29.51837140019861, "HasAns_f1_6000": 40.73883502930576, "HasAns_total_6000": 4028, "exact_8000": 31.752730883813307, "f1_8000": 42.74759559198801, "total_8000": 4028, "HasAns_exact_8000": 31.752730883813307, "HasAns_f1_8000": 42.74759559198801, "HasAns_total_8000": 4028, "exact_10000": 33.29195630585899, "f1_10000": 44.2846331530256, "total_10000": 4028, "HasAns_exact_10000": 33.29195630585899, "HasAns_f1_10000": 44.2846331530256, "HasAns_total_10000": 4028, "exact_12000": 34.458788480635555, "f1_12000": 46.02269832612529, "total_12000": 4028, "HasAns_exact_12000": 34.458788480635555, "HasAns_f1_12000": 46.02269832612529, "HasAns_total_12000": 4028, "exact_14000": 36.39523336643496, "f1_14000": 47.435504165420745, "total_14000": 4028, "HasAns_exact_14000": 36.39523336643496, "HasAns_f1_14000": 47.435504165420745, "HasAns_total_14000": 4028, "exact_16000": 36.8669314796425, "f1_16000": 48.282297674147436, "total_16000": 4028, "HasAns_exact_16000": 36.8669314796425, "HasAns_f1_16000": 48.282297674147436, "HasAns_total_16000": 4028, "exact_18000": 37.41310824230387, "f1_18000": 49.02791381332031, "total_18000": 4028, "HasAns_exact_18000": 37.41310824230387, "HasAns_f1_18000": 49.02791381332031, "HasAns_total_18000": 4028, "exact_20000": 37.71102284011916, "f1_20000": 49.70875812851923, "total_20000": 4028, "HasAns_exact_20000": 37.71102284011916, "HasAns_f1_20000": 49.70875812851923, "HasAns_total_20000": 4028, "exact_22000": 37.611717974180735, "f1_22000": 49.52316248102762, "total_22000": 4028, "HasAns_exact_22000": 37.611717974180735, "HasAns_f1_22000": 49.52316248102762, "HasAns_total_22000": 4028, "exact_24000": 38.902681231380335, "f1_24000": 51.17325362243185, "total_24000": 4028, "HasAns_exact_24000": 38.902681231380335, "HasAns_f1_24000": 51.17325362243185, "HasAns_total_24000": 4028, "exact_26000": 39.026812313803376, "f1_26000": 51.29461389286607, "total_26000": 4028, "HasAns_exact_26000": 39.026812313803376, "HasAns_f1_26000": 51.29461389286607, "HasAns_total_26000": 4028, "exact_28000": 39.126117179741804, "f1_28000": 51.86774613354743, "total_28000": 4028, "HasAns_exact_28000": 39.126117179741804, "HasAns_f1_28000": 51.86774613354743, "HasAns_total_28000": 4028, "exact_30000": 39.94538232373386, "f1_30000": 52.766346425670704, "total_30000": 4028, "HasAns_exact_30000": 39.94538232373386, "HasAns_f1_30000": 52.766346425670704, "HasAns_total_30000": 4028, "exact_32000": 40.714995034756704, "f1_32000": 52.75188409135498, "total_32000": 4028, "HasAns_exact_32000": 40.714995034756704, "HasAns_f1_32000": 52.75188409135498, "HasAns_total_32000": 4028, "exact_34000": 40.73982125124131, "f1_34000": 53.06765303116596, "total_34000": 4028, "HasAns_exact_34000": 40.73982125124131, "HasAns_f1_34000": 53.06765303116596, "HasAns_total_34000": 4028, "exact_36000": 40.59086395233366, "f1_36000": 53.53945743199494, "total_36000": 4028, "HasAns_exact_36000": 40.59086395233366, "HasAns_f1_36000": 53.53945743199494, "HasAns_total_36000": 4028, "exact_38000": 41.112214498510426, "f1_38000": 53.59334062809825, "total_38000": 4028, "HasAns_exact_38000": 41.112214498510426, "HasAns_f1_38000": 53.59334062809825, "HasAns_total_38000": 4028, "exact_40000": 41.18669314796425, "f1_40000": 53.80389761877957, "total_40000": 4028, "HasAns_exact_40000": 41.18669314796425, "HasAns_f1_40000": 53.80389761877957, "HasAns_total_40000": 4028, "exact_42000": 41.509433962264154, "f1_42000": 54.24965574538615, "total_42000": 4028, "HasAns_exact_42000": 41.509433962264154, "HasAns_f1_42000": 54.24965574538615, "HasAns_total_42000": 4028, "exact_44000": 42.27904667328699, "f1_44000": 54.869247771976944, "total_44000": 4028, "HasAns_exact_44000": 42.27904667328699, "HasAns_f1_44000": 54.869247771976944, "HasAns_total_44000": 4028, "exact_46000": 41.80734856007945, "f1_46000": 54.67788960021059, "total_46000": 4028, "HasAns_exact_46000": 41.80734856007945, "HasAns_f1_46000": 54.67788960021059, "HasAns_total_46000": 4028, "exact_48000": 42.10526315789474, "f1_48000": 54.896307928107944, "total_48000": 4028, "HasAns_exact_48000": 42.10526315789474, "HasAns_f1_48000": 54.896307928107944, "HasAns_total_48000": 4028, "exact_50000": 42.576961271102284, "f1_50000": 55.34261814748343, "total_50000": 4028, "HasAns_exact_50000": 42.576961271102284, "HasAns_f1_50000": 55.34261814748343, "HasAns_total_50000": 4028, "exact_52000": 41.70804369414101, "f1_52000": 54.79136181162566, "total_52000": 4028, "HasAns_exact_52000": 41.70804369414101, "HasAns_f1_52000": 54.79136181162566, "HasAns_total_52000": 4028, "exact_54000": 43.147964250248265, "f1_54000": 56.031009296829566, "total_54000": 4028, "HasAns_exact_54000": 43.147964250248265, "HasAns_f1_54000": 56.031009296829566, "HasAns_total_54000": 4028, "exact_56000": 43.421052631578945, "f1_56000": 56.04987236042672, "total_56000": 4028, "HasAns_exact_56000": 43.421052631578945, "HasAns_f1_56000": 56.04987236042672, "HasAns_total_56000": 4028, "exact_58000": 42.974180734856006, "f1_58000": 56.58131959920295, "total_58000": 4028, "HasAns_exact_58000": 42.974180734856006, "HasAns_f1_58000": 56.58131959920295, "HasAns_total_58000": 4028, "exact_60000": 43.94240317775571, "f1_60000": 56.95975650438699, "total_60000": 4028, "HasAns_exact_60000": 43.94240317775571, "HasAns_f1_60000": 56.95975650438699, "HasAns_total_60000": 4028, "exact_62000": 44.01688182720953, "f1_62000": 57.045009865315386, "total_62000": 4028, "HasAns_exact_62000": 44.01688182720953, "HasAns_f1_62000": 57.045009865315386, "HasAns_total_62000": 4028, "exact_64000": 44.339622641509436, "f1_64000": 56.990895364107914, "total_64000": 4028, "HasAns_exact_64000": 44.339622641509436, "HasAns_f1_64000": 56.990895364107914, "HasAns_total_64000": 4028, "exact_66000": 43.84309831181728, "f1_66000": 57.20697987906435, "total_66000": 4028, "HasAns_exact_66000": 43.84309831181728, "HasAns_f1_66000": 57.20697987906435, "HasAns_total_66000": 4028, "exact_68000": 44.01688182720953, "f1_68000": 57.17315549719281, "total_68000": 4028, "HasAns_exact_68000": 44.01688182720953, "HasAns_f1_68000": 57.17315549719281, "HasAns_total_68000": 4028, "exact_70000": 44.19066534260179, "f1_70000": 57.54645768925729, "total_70000": 4028, "HasAns_exact_70000": 44.19066534260179, "HasAns_f1_70000": 57.54645768925729, "HasAns_total_70000": 4028, "exact_72000": 43.9175769612711, "f1_72000": 57.01868418990014, "total_72000": 4028, "HasAns_exact_72000": 43.9175769612711, "HasAns_f1_72000": 57.01868418990014, "HasAns_total_72000": 4028, "exact_74000": 44.41410129096326, "f1_74000": 57.77607582718346, "total_74000": 4028, "HasAns_exact_74000": 44.41410129096326, "HasAns_f1_74000": 57.77607582718346, "HasAns_total_74000": 4028, "exact_76000": 44.28997020854022, "f1_76000": 57.70660674093386, "total_76000": 4028, "HasAns_exact_76000": 44.28997020854022, "HasAns_f1_76000": 57.70660674093386, "HasAns_total_76000": 4028, "exact_78000": 44.48857994041708, "f1_78000": 58.10605585091577, "total_78000": 4028, "HasAns_exact_78000": 44.48857994041708, "HasAns_f1_78000": 58.10605585091577, "HasAns_total_78000": 4028, "exact_80000": 45.08440913604767, "f1_80000": 58.40297853137563, "total_80000": 4028, "HasAns_exact_80000": 45.08440913604767, "HasAns_f1_80000": 58.40297853137563, "HasAns_total_80000": 4028, "exact_82000": 44.98510427010923, "f1_82000": 58.53216900345806, "total_82000": 4028, "HasAns_exact_82000": 44.98510427010923, "HasAns_f1_82000": 58.53216900345806, "HasAns_total_82000": 4028, "exact_84000": 44.68718967229394, "f1_84000": 58.160183648653785,