{"exact_2000": 48.48560079443893, "f1_2000": 60.815169830689754, "total_2000": 4028, "HasAns_exact_2000": 48.48560079443893, "HasAns_f1_2000": 60.815169830689754, "HasAns_total_2000": 4028}