{"exact_2000": 22.66633565044687, "f1_2000": 33.20202864013628, "total_2000": 4028, "HasAns_exact_2000": 22.66633565044687, "HasAns_f1_2000": 33.20202864013628, "HasAns_total_2000": 4028}