{"exact_2000": 17.874875868917577, "f1_2000": 26.90424171701405, "total_2000": 4028, "HasAns_exact_2000": 17.874875868917577, "HasAns_f1_2000": 26.90424171701405, "HasAns_total_2000": 4028, "exact_4000": 25.297914597815293, "f1_4000": 35.70021263879698, "total_4000": 4028, "HasAns_exact_4000": 25.297914597815293, "HasAns_f1_4000": 35.70021263879698, "HasAns_total_4000": 4028, "exact_6000": 29.51837140019861, "f1_6000": 40.73883502930576, "total_6000": 4028, "HasAns_exact_6000": 29.51837140019861, "HasAns_f1_6000": 40.73883502930576, "HasAns_total_6000": 4028, "exact_8000": 31.752730883813307, "f1_8000": 42.74759559198801, "total_8000": 4028, "HasAns_exact_8000": 31.752730883813307, "HasAns_f1_8000": 42.74759559198801, "HasAns_total_8000": 4028, "exact_10000": 33.29195630585899, "f1_10000": 44.2846331530256, "total_10000": 4028, "HasAns_exact_10000": 33.29195630585899, "HasAns_f1_10000": 44.2846331530256, "HasAns_total_10000": 4028, "exact_12000": 34.458788480635555, "f1_12000": 46.02269832612529, "total_12000": 4028, "HasAns_exact_12000": 34.458788480635555, "HasAns_f1_12000": 46.02269832612529, "HasAns_total_12000": 4028, "exact_14000": 36.39523336643496, "f1_14000": 47.435504165420745, "total_14000": 4028, "HasAns_exact_14000": 36.39523336643496, "HasAns_f1_14000": 47.435504165420745, "HasAns_total_14000": 4028, "exact_16000": 36.8669314796425, "f1_16000": 48.282297674147436, "total_16000": 4028, "HasAns_exact_16000": 36.8669314796425, "HasAns_f1_16000": 48.282297674147436, "HasAns_total_16000": 4028, "exact_18000": 37.41310824230387, "f1_18000": 49.02791381332031, "total_18000": 4028, "HasAns_exact_18000": 37.41310824230387, "HasAns_f1_18000": 49.02791381332031, "HasAns_total_18000": 4028, "exact_20000": 37.71102284011916, "f1_20000": 49.70875812851923, "total_20000": 4028, "HasAns_exact_20000": 37.71102284011916, "HasAns_f1_20000": 49.70875812851923, "HasAns_total_20000": 4028, "exact_22000": 37.611717974180735, "f1_22000": 49.52316248102762, "total_22000": 4028, "HasAns_exact_22000": 37.611717974180735, "HasAns_f1_22000": 49.52316248102762, "HasAns_total_22000": 4028, "exact_24000": 38.902681231380335, "f1_24000": 51.17325362243185, "total_24000": 4028, "HasAns_exact_24000": 38.902681231380335, "HasAns_f1_24000": 51.17325362243185, "HasAns_total_24000": 4028, "exact_26000": 39.026812313803376, "f1_26000": 51.29461389286607, "total_26000": 4028, "HasAns_exact_26000": 39.026812313803376, "HasAns_f1_26000": 51.29461389286607, "HasAns_total_26000": 4028, "exact_28000": 39.126117179741804, "f1_28000": 51.86774613354743, "total_28000": 4028, "HasAns_exact_28000": 39.126117179741804, "HasAns_f1_28000": 51.86774613354743, "HasAns_total_28000": 4028, "exact_30000": 39.94538232373386, "f1_30000": 52.766346425670704, "total_30000": 4028, "HasAns_exact_30000": 39.94538232373386, "HasAns_f1_30000": 52.766346425670704, "HasAns_total_30000": 4028, "exact_32000": 40.714995034756704, "f1_32000": 52.75188409135498, "total_32000": 4028, "HasAns_exact_32000": 40.714995034756704, "HasAns_f1_32000": 52.75188409135498, "HasAns_total_32000": 4028, "exact_34000": 40.73982125124131, "f1_34000": 53.06765303116596, "total_34000": 4028, "HasAns_exact_34000": 40.73982125124131, "HasAns_f1_34000": 53.06765303116596, "HasAns_total_34000": 4028, "exact_36000": 40.59086395233366, "f1_36000": 53.53945743199494, "total_36000": 4028, "HasAns_exact_36000": 40.59086395233366, "HasAns_f1_36000": 53.53945743199494, "HasAns_total_36000": 4028, "exact_38000": 41.112214498510426, "f1_38000": 53.59334062809825, "total_38000": 4028, "HasAns_exact_38000": 41.112214498510426, "HasAns_f1_38000": 53.59334062809825, "HasAns_total_38000": 4028, "exact_40000": 41.18669314796425, "f1_40000": 53.80389761877957, "total_40000": 4028, "HasAns_exact_40000": 41.18669314796425, "HasAns_f1_40000": 53.80389761877957, "HasAns_total_40000": 4028, "exact_42000": 41.509433962264154, "f1_42000": 54.24965574538615, "total_42000": 4028, "HasAns_exact_42000": 41.509433962264154, "HasAns_f1_42000": 54.24965574538615, "HasAns_total_42000": 4028, "exact_44000": 42.27904667328699, "f1_44000": 54.869247771976944, "total_44000": 4028, "HasAns_exact_44000": 42.27904667328699, "HasAns_f1_44000": 54.869247771976944, "HasAns_total_44000": 4028, "exact_46000": 41.80734856007945, "f1_46000": 54.67788960021059, "total_46000": 4028, "HasAns_exact_46000": 41.80734856007945, "HasAns_f1_46000": 54.67788960021059, "HasAns_total_46000": 4028, "exact_48000": 42.10526315789474, "f1_48000": 54.896307928107944, "total_48000": 4028, "HasAns_exact_48000": 42.10526315789474, "HasAns_f1_48000": 54.896307928107944, "HasAns_total_48000": 4028, "exact_50000": 42.576961271102284, "f1_50000": 55.34261814748343, "total_50000": 4028, "HasAns_exact_50000": 42.576961271102284, "HasAns_f1_50000": 55.34261814748343, "HasAns_total_50000": 4028}