{"exact_2000": 45.48162859980139, "f1_2000": 58.0701860763362, "total_2000": 4028, "HasAns_exact_2000": 45.48162859980139, "HasAns_f1_2000": 58.0701860763362, "HasAns_total_2000": 4028, "exact_4000": 49.801390268123136, "f1_4000": 62.47641641011204, "total_4000": 4028, "HasAns_exact_4000": 49.801390268123136, "HasAns_f1_4000": 62.47641641011204, "HasAns_total_4000": 4028, "exact_6000": 51.63853028798411, "f1_6000": 63.779363603623715, "total_6000": 4028, "HasAns_exact_6000": 51.63853028798411, "HasAns_f1_6000": 63.779363603623715, "HasAns_total_6000": 4028, "exact_8000": 51.96127110228401, "f1_8000": 64.07536222974389, "total_8000": 4028, "HasAns_exact_8000": 51.96127110228401, "HasAns_f1_8000": 64.07536222974389, "HasAns_total_8000": 4028, "exact_10000": 52.13505461767627, "f1_10000": 65.01660363623529, "total_10000": 4028, "HasAns_exact_10000": 52.13505461767627, "HasAns_f1_10000": 65.01660363623529, "HasAns_total_10000": 4028, "exact_12000": 51.96127110228401, "f1_12000": 65.09225260042217, "total_12000": 4028, "HasAns_exact_12000": 51.96127110228401, "HasAns_f1_12000": 65.09225260042217, "HasAns_total_12000": 4028, "exact_14000": 51.886792452830186, "f1_14000": 65.32476173680328, "total_14000": 4028, "HasAns_exact_14000": 51.886792452830186, "HasAns_f1_14000": 65.32476173680328, "HasAns_total_14000": 4028, "exact_16000": 53.64945382323734, "f1_16000": 66.68100478948091, "total_16000": 4028, "HasAns_exact_16000": 53.64945382323734, "HasAns_f1_16000": 66.68100478948091, "HasAns_total_16000": 4028}