{"exact_2000": 23.36146971201589, "f1_2000": 34.080170156105574, "total_2000": 4028, "HasAns_exact_2000": 23.36146971201589, "HasAns_f1_2000": 34.080170156105574, "HasAns_total_2000": 4028, "exact_4000": 28.74875868917577, "f1_4000": 39.03835467563023, "total_4000": 4028, "HasAns_exact_4000": 28.74875868917577, "HasAns_f1_4000": 39.03835467563023, "HasAns_total_4000": 4028, "exact_6000": 34.38430983118173, "f1_6000": 45.49459202606768, "total_6000": 4028, "HasAns_exact_6000": 34.38430983118173, "HasAns_f1_6000": 45.49459202606768, "HasAns_total_6000": 4028, "exact_8000": 35.402184707050644, "f1_8000": 47.17688376235255, "total_8000": 4028, "HasAns_exact_8000": 35.402184707050644, "HasAns_f1_8000": 47.17688376235255, "HasAns_total_8000": 4028, "exact_10000": 36.941410129096326, "f1_10000": 48.40230605660598, "total_10000": 4028, "HasAns_exact_10000": 36.941410129096326, "HasAns_f1_10000": 48.40230605660598, "HasAns_total_10000": 4028, "exact_12000": 37.164846077457796, "f1_12000": 49.6474976556152, "total_12000": 4028, "HasAns_exact_12000": 37.164846077457796, "HasAns_f1_12000": 49.6474976556152, "HasAns_total_12000": 4028, "exact_14000": 38.1330685203575, "f1_14000": 50.437910413543925, "total_14000": 4028, "HasAns_exact_14000": 38.1330685203575, "HasAns_f1_14000": 50.437910413543925, "HasAns_total_14000": 4028, "exact_16000": 39.20059582919563, "f1_16000": 51.52755810677529, "total_16000": 4028, "HasAns_exact_16000": 39.20059582919563, "HasAns_f1_16000": 51.52755810677529, "HasAns_total_16000": 4028, "exact_18000": 40.44190665342602, "f1_18000": 52.83873531203816, "total_18000": 4028, "HasAns_exact_18000": 40.44190665342602, "HasAns_f1_18000": 52.83873531203816, "HasAns_total_18000": 4028, "exact_20000": 40.6901688182721, "f1_20000": 53.61487932931326, "total_20000": 4028, "HasAns_exact_20000": 40.6901688182721, "HasAns_f1_20000": 53.61487932931326, "HasAns_total_20000": 4028, "exact_22000": 41.38530287984111, "f1_22000": 53.7377087509366, "total_22000": 4028, "HasAns_exact_22000": 41.38530287984111, "HasAns_f1_22000": 53.7377087509366, "HasAns_total_22000": 4028, "exact_24000": 42.254220456802386, "f1_24000": 55.3324926239658, "total_24000": 4028, "HasAns_exact_24000": 42.254220456802386, "HasAns_f1_24000": 55.3324926239658, "HasAns_total_24000": 4028, "exact_26000": 42.08043694141013, "f1_26000": 54.715254216136934, "total_26000": 4028, "HasAns_exact_26000": 42.08043694141013, "HasAns_f1_26000": 54.715254216136934, "HasAns_total_26000": 4028, "exact_28000": 42.87487586891758, "f1_28000": 55.761534174371555, "total_28000": 4028, "HasAns_exact_28000": 42.87487586891758, "HasAns_f1_28000": 55.761534174371555, "HasAns_total_28000": 4028, "exact_30000": 44.51340615690169, "f1_30000": 56.63124309019198, "total_30000": 4028, "HasAns_exact_30000": 44.51340615690169, "HasAns_f1_30000": 56.63124309019198, "HasAns_total_30000": 4028, "exact_32000": 43.545183714001986, "f1_32000": 56.047754732544554, "total_32000": 4028, "HasAns_exact_32000": 43.545183714001986, "HasAns_f1_32000": 56.047754732544554, "HasAns_total_32000": 4028, "exact_34000": 43.74379344587885, "f1_34000": 56.698669137755054, "total_34000": 4028, "HasAns_exact_34000": 43.74379344587885, "HasAns_f1_34000": 56.698669137755054, "HasAns_total_34000": 4028, "exact_36000": 44.04170804369414, "f1_36000": 57.05306333668702, "total_36000": 4028, "HasAns_exact_36000": 44.04170804369414, "HasAns_f1_36000": 57.05306333668702, "HasAns_total_36000": 4028, "exact_38000": 44.14101290963257, "f1_38000": 57.04923950219695, "total_38000": 4028, "HasAns_exact_38000": 44.14101290963257, "HasAns_f1_38000": 57.04923950219695, "HasAns_total_38000": 4028, "exact_40000": 44.46375372393247, "f1_40000": 57.58116504193923, "total_40000": 4028, "HasAns_exact_40000": 44.46375372393247, "HasAns_f1_40000": 57.58116504193923, "HasAns_total_40000": 4028, "exact_42000": 45.30784508440914, "f1_42000": 58.18549069803545, "total_42000": 4028, "HasAns_exact_42000": 45.30784508440914, "HasAns_f1_42000": 58.18549069803545, "HasAns_total_42000": 4028, "exact_44000": 45.97815292949355, "f1_44000": 58.215613603645146, "total_44000": 4028, "HasAns_exact_44000": 45.97815292949355, "HasAns_f1_44000": 58.215613603645146, "HasAns_total_44000": 4028, "exact_46000": 46.12711022840119, "f1_46000": 58.62059014185791, "total_46000": 4028, "HasAns_exact_46000": 46.12711022840119, "HasAns_f1_46000": 58.62059014185791, "HasAns_total_46000": 4028, "exact_48000": 45.65541211519364, "f1_48000": 58.61439412832385, "total_48000": 4028, "HasAns_exact_48000": 45.65541211519364, "HasAns_f1_48000": 58.61439412832385, "HasAns_total_48000": 4028, "exact_50000": 45.43197616683217, "f1_50000": 59.10790683378417, "total_50000": 4028, "HasAns_exact_50000": 45.43197616683217, "HasAns_f1_50000": 59.10790683378417, "HasAns_total_50000": 4028, "exact_52000": 45.2085402184707, "f1_52000": 58.75246129710913, "total_52000": 4028, "HasAns_exact_52000": 45.2085402184707, "HasAns_f1_52000": 58.75246129710913, "HasAns_total_52000": 4028, "exact_54000": 45.77954319761668, "f1_54000": 58.93502788317789, "total_54000": 4028, "HasAns_exact_54000": 45.77954319761668, "HasAns_f1_54000": 58.93502788317789, "HasAns_total_54000": 4028, "exact_56000": 46.698113207547166, "f1_56000": 59.646102670881575, "total_56000": 4028, "HasAns_exact_56000": 46.698113207547166, "HasAns_f1_56000": 59.646102670881575, "HasAns_total_56000": 4028, "exact_58000": 45.953326713008934, "f1_58000": 59.690828549913135, "total_58000": 4028, "HasAns_exact_58000": 45.953326713008934, "HasAns_f1_58000": 59.690828549913135, "HasAns_total_58000": 4028, "exact_60000": 45.407149950347566, "f1_60000": 59.015899598964914, "total_60000": 4028, "HasAns_exact_60000": 45.407149950347566, "HasAns_f1_60000": 59.015899598964914, "HasAns_total_60000": 4028, "exact_62000": 46.27606752730884, "f1_62000": 59.405789975664035, "total_62000": 4028, "HasAns_exact_62000": 46.27606752730884, "HasAns_f1_62000": 59.405789975664035, "HasAns_total_62000": 4028, "exact_64000": 46.996027805362466, "f1_64000": 59.921927653745634, "total_64000": 4028, "HasAns_exact_64000": 46.996027805362466, "HasAns_f1_64000": 59.921927653745634, "HasAns_total_64000": 4028, "exact_66000": 45.77954319761668, "f1_66000": 59.15422232188348, "total_66000": 4028, "HasAns_exact_66000": 45.77954319761668, "HasAns_f1_66000": 59.15422232188348, "HasAns_total_66000": 4028, "exact_68000": 46.1519364448858, "f1_68000": 59.43952483456106, "total_68000": 4028, "HasAns_exact_68000": 46.1519364448858, "HasAns_f1_68000": 59.43952483456106, "HasAns_total_68000": 4028, "exact_70000": 46.10228401191658, "f1_70000": 59.346001638656425, "total_70000": 4028, "HasAns_exact_70000": 46.10228401191658, "HasAns_f1_70000": 59.346001638656425, "HasAns_total_70000": 4028, "exact_72000": 46.077457795431975, "f1_72000": 59.09447493992048, "total_72000": 4028, "HasAns_exact_72000": 46.077457795431975, "HasAns_f1_72000": 59.09447493992048, "HasAns_total_72000": 4028, "exact_74000": 46.871896722939425, "f1_74000": 59.90424079833045, "total_74000": 4028, "HasAns_exact_74000": 46.871896722939425, "HasAns_f1_74000": 59.90424079833045, "HasAns_total_74000": 4028, "exact_76000": 45.953326713008934, "f1_76000": 59.313918924475736, "total_76000": 4028, "HasAns_exact_76000": 45.953326713008934, "HasAns_f1_76000": 59.313918924475736, "HasAns_total_76000": 4028, "exact_78000": 47.16981132075472, "f1_78000": 59.87630007581012, "total_78000": 4028, "HasAns_exact_78000": 47.16981132075472, "HasAns_f1_78000": 59.87630007581012, "HasAns_total_78000": 4028, "exact_80000": 45.97815292949355, "f1_80000": 59.83177406243668, "total_80000": 4028, "HasAns_exact_80000": 45.97815292949355, "HasAns_f1_80000": 59.83177406243668, "HasAns_total_80000": 4028, "exact_82000": 46.698113207547166, "f1_82000": 59.81188717160914, "total_82000": 4028, "HasAns_exact_82000": 46.698113207547166, "HasAns_f1_82000": 59.81188717160914, "HasAns_total_82000": 4028, "exact_84000": 46.67328699106256, "f1_84000": 60.28482912545601,