{"exact_10000": 34.12618083670715, "f1_10000": 45.437307496498796, "total_10000": 5928, "HasAns_exact_10000": 34.12618083670715, "HasAns_f1_10000": 45.437307496498796, "HasAns_total_10000": 5928, "exact_100000": 49.055330634278, "f1_100000": 62.20170759553971, "total_100000": 5928, "HasAns_exact_100000": 49.055330634278, "HasAns_f1_100000": 62.20170759553971, "HasAns_total_100000": 5928, "exact_102000": 48.144399460188936, "f1_102000": 61.18227666349424, "total_102000": 5928, "HasAns_exact_102000": 48.144399460188936, "HasAns_f1_102000": 61.18227666349424, "HasAns_total_102000": 5928, "exact_104000": 48.07692307692308, "f1_104000": 61.44347743265491, "total_104000": 5928, "HasAns_exact_104000": 48.07692307692308, "HasAns_f1_104000": 61.44347743265491, "HasAns_total_104000": 5928, "exact_106000": 48.46491228070175, "f1_106000": 61.779727916407225, "total_106000": 5928, "HasAns_exact_106000": 48.46491228070175, "HasAns_f1_106000": 61.779727916407225, "HasAns_total_106000": 5928, "exact_108000": 48.869770580296894, "f1_108000": 62.18817183536021, "total_108000": 5928, "HasAns_exact_108000": 48.869770580296894, "HasAns_f1_108000": 62.18817183536021, "HasAns_total_108000": 5928, "exact_110000": 49.257759784075574, "f1_110000": 62.498095474334335, "total_110000": 5928, "HasAns_exact_110000": 49.257759784075574, "HasAns_f1_110000": 62.498095474334335, "HasAns_total_110000": 5928, "exact_112000": 48.88663967611336, "f1_112000": 62.043829235943114, "total_112000": 5928, "HasAns_exact_112000": 48.88663967611336, "HasAns_f1_112000": 62.043829235943114, "HasAns_total_112000": 5928, "exact_114000": 49.257759784075574, "f1_114000": 62.560332567737525, "total_114000": 5928, "HasAns_exact_114000": 49.257759784075574, "HasAns_f1_114000": 62.560332567737525, "HasAns_total_114000": 5928, "exact_116000": 49.17341430499325, "f1_116000": 62.29280969908646, "total_116000": 5928, "HasAns_exact_116000": 49.17341430499325, "HasAns_f1_116000": 62.29280969908646, "HasAns_total_116000": 5928, "exact_118000": 49.02159244264507, "f1_118000": 62.172922988713175, "total_118000": 5928, "HasAns_exact_118000": 49.02159244264507, "HasAns_f1_118000": 62.172922988713175, "HasAns_total_118000": 5928, "exact_12000": 36.336032388663966, "f1_12000": 47.59458779346496, "total_12000": 5928, "HasAns_exact_12000": 36.336032388663966, "HasAns_f1_12000": 47.59458779346496, "HasAns_total_12000": 5928, "exact_120000": 48.701079622132255, "f1_120000": 61.69587460772117, "total_120000": 5928, "HasAns_exact_120000": 48.701079622132255, "HasAns_f1_120000": 61.69587460772117, "HasAns_total_120000": 5928, "exact_122000": 48.95411605937922, "f1_122000": 62.175229138322194, "total_122000": 5928, "HasAns_exact_122000": 48.95411605937922, "HasAns_f1_122000": 62.175229138322194, "HasAns_total_122000": 5928, "exact_124000": 48.56612685560054, "f1_124000": 61.99133044089656, "total_124000": 5928, "HasAns_exact_124000": 48.56612685560054, "HasAns_f1_124000": 61.99133044089656, "HasAns_total_124000": 5928, "exact_126000": 48.6336032388664, "f1_126000": 62.012264268148925, "total_126000": 5928, "HasAns_exact_126000": 48.6336032388664, "HasAns_f1_126000": 62.012264268148925, "HasAns_total_126000": 5928, "exact_128000": 48.73481781376518, "f1_128000": 62.152186616609534, "total_128000": 5928, "HasAns_exact_128000": 48.73481781376518, "HasAns_f1_128000": 62.152186616609534, "HasAns_total_128000": 5928, "exact_130000": 48.92037786774629, "f1_130000": 61.97447548705925, "total_130000": 5928, "HasAns_exact_130000": 48.92037786774629, "HasAns_f1_130000": 61.97447548705925, "HasAns_total_130000": 5928, "exact_132000": 48.970985155195685, "f1_132000": 62.12362778357472, "total_132000": 5928, "HasAns_exact_132000": 48.970985155195685, "HasAns_f1_132000": 62.12362778357472, "HasAns_total_132000": 5928, "exact_134000": 48.987854251012145, "f1_134000": 62.23845687095592, "total_134000": 5928, "HasAns_exact_134000": 48.987854251012145, "HasAns_f1_134000": 62.23845687095592, "HasAns_total_134000": 5928, "exact_136000": 48.88663967611336, "f1_136000": 62.15561311378912, "total_136000": 5928, "HasAns_exact_136000": 48.88663967611336, "HasAns_f1_136000": 62.15561311378912, "HasAns_total_136000": 5928, "exact_138000": 48.852901484480434, "f1_138000": 62.30795430501131, "total_138000": 5928, "HasAns_exact_138000": 48.852901484480434, "HasAns_f1_138000": 62.30795430501131, "HasAns_total_138000": 5928, "exact_14000": 37.51686909581647, "f1_14000": 48.61246821991479, "total_14000": 5928, "HasAns_exact_14000": 37.51686909581647, "HasAns_f1_14000": 48.61246821991479, "HasAns_total_14000": 5928, "exact_140000": 48.701079622132255, "f1_140000": 62.20742334074458, "total_140000": 5928, "HasAns_exact_140000": 48.701079622132255, "HasAns_f1_140000": 62.20742334074458, "HasAns_total_140000": 5928, "exact_142000": 48.701079622132255, "f1_142000": 62.11387059186382, "total_142000": 5928, "HasAns_exact_142000": 48.701079622132255, "HasAns_f1_142000": 62.11387059186382, "HasAns_total_142000": 5928, "exact_144000": 48.88663967611336, "f1_144000": 62.51793030240625, "total_144000": 5928, "HasAns_exact_144000": 48.88663967611336, "HasAns_f1_144000": 62.51793030240625, "HasAns_total_144000": 5928, "exact_146000": 48.582995951417004, "f1_146000": 62.088606862987724, "total_146000": 5928, "HasAns_exact_146000": 48.582995951417004, "HasAns_f1_146000": 62.088606862987724, "HasAns_total_146000": 5928, "exact_148000": 48.869770580296894, "f1_148000": 62.3662068329073, "total_148000": 5928, "HasAns_exact_148000": 48.869770580296894, "HasAns_f1_148000": 62.3662068329073, "HasAns_total_148000": 5928, "exact_150000": 48.852901484480434, "f1_150000": 62.276808312257096, "total_150000": 5928, "HasAns_exact_150000": 48.852901484480434, "HasAns_f1_150000": 62.276808312257096, "HasAns_total_150000": 5928, "exact_152000": 49.12280701754386, "f1_152000": 62.53528943187586, "total_152000": 5928, "HasAns_exact_152000": 49.12280701754386, "HasAns_f1_152000": 62.53528943187586, "HasAns_total_152000": 5928, "exact_154000": 49.105937921727396, "f1_154000": 62.38896839176263, "total_154000": 5928, "HasAns_exact_154000": 49.105937921727396, "HasAns_f1_154000": 62.38896839176263, "HasAns_total_154000": 5928, "exact_156000": 49.00472334682861, "f1_156000": 62.42817360229507, "total_156000": 5928, "HasAns_exact_156000": 49.00472334682861, "HasAns_f1_156000": 62.42817360229507, "HasAns_total_156000": 5928, "exact_158000": 48.95411605937922, "f1_158000": 62.44607796509828, "total_158000": 5928, "HasAns_exact_158000": 48.95411605937922, "HasAns_f1_158000": 62.44607796509828, "HasAns_total_158000": 5928, "exact_16000": 38.950742240215924, "f1_16000": 49.95494248390867, "total_16000": 5928, "HasAns_exact_16000": 38.950742240215924, "HasAns_f1_16000": 49.95494248390867, "HasAns_total_16000": 5928, "exact_160000": 48.78542510121458, "f1_160000": 62.34741122403715, "total_160000": 5928, "HasAns_exact_160000": 48.78542510121458, "HasAns_f1_160000": 62.34741122403715, "HasAns_total_160000": 5928, "exact_18000": 39.49055330634278, "f1_18000": 50.91036422504153, "total_18000": 5928, "HasAns_exact_18000": 39.49055330634278, "HasAns_f1_18000": 50.91036422504153, "HasAns_total_18000": 5928, "exact_2000": 18.15114709851552, "f1_2000": 27.305544482705677, "total_2000": 5928, "HasAns_exact_2000": 18.15114709851552, "HasAns_f1_2000": 27.305544482705677, "HasAns_total_2000": 5928, "exact_20000": 39.5748987854251, "f1_20000": 51.36374122972733, "total_20000": 5928, "HasAns_exact_20000": 39.5748987854251, "HasAns_f1_20000": 51.36374122972733, "HasAns_total_20000": 5928, "exact_22000": 40.18218623481781, "f1_22000": 51.42584227957992, "total_22000": 5928, "HasAns_exact_22000": 40.18218623481781, "HasAns_f1_22000": 51.42584227957992, "HasAns_total_22000": 5928, "exact_24000": 41.32928475033738, "f1_24000": 53.264968876498564, "total_24000": 5928, "HasAns_exact_24000": 41.32928475033738, "HasAns_f1_24000": 53.264968876498564, "HasAns_total_24000": 5928, "exact_26000": 41.36302294197031,