{"exact_10000": 34.581646423751685, "f1_10000": 45.32140666707538, "total_10000": 5928, "HasAns_exact_10000": 34.581646423751685, "HasAns_f1_10000": 45.32140666707538, "HasAns_total_10000": 5928, "exact_100000": 43.539136302294196, "f1_100000": 56.22969752493805, "total_100000": 5928, "HasAns_exact_100000": 43.539136302294196, "HasAns_f1_100000": 56.22969752493805, "HasAns_total_100000": 5928, "exact_102000": 44.06207827260459, "f1_102000": 56.54657147933376, "total_102000": 5928, "HasAns_exact_102000": 44.06207827260459, "HasAns_f1_102000": 56.54657147933376, "HasAns_total_102000": 5928, "exact_104000": 43.21862348178138, "f1_104000": 56.225407598563045, "total_104000": 5928, "HasAns_exact_104000": 43.21862348178138, "HasAns_f1_104000": 56.225407598563045, "HasAns_total_104000": 5928, "exact_106000": 43.74156545209177, "f1_106000": 56.74405368760799, "total_106000": 5928, "HasAns_exact_106000": 43.74156545209177, "HasAns_f1_106000": 56.74405368760799, "HasAns_total_106000": 5928, "exact_108000": 43.977732793522264, "f1_108000": 56.73348057421623, "total_108000": 5928, "HasAns_exact_108000": 43.977732793522264, "HasAns_f1_108000": 56.73348057421623, "HasAns_total_108000": 5928, "exact_110000": 44.06207827260459, "f1_110000": 56.65079600429203, "total_110000": 5928, "HasAns_exact_110000": 44.06207827260459, "HasAns_f1_110000": 56.65079600429203, "HasAns_total_110000": 5928, "exact_112000": 43.87651821862348, "f1_112000": 56.44845146779979, "total_112000": 5928, "HasAns_exact_112000": 43.87651821862348, "HasAns_f1_112000": 56.44845146779979, "HasAns_total_112000": 5928, "exact_114000": 43.690958164642375, "f1_114000": 56.04945484522169, "total_114000": 5928, "HasAns_exact_114000": 43.690958164642375, "HasAns_f1_114000": 56.04945484522169, "HasAns_total_114000": 5928, "exact_116000": 43.87651821862348, "f1_116000": 56.447461122847855, "total_116000": 5928, "HasAns_exact_116000": 43.87651821862348, "HasAns_f1_116000": 56.447461122847855, "HasAns_total_116000": 5928, "exact_118000": 43.75843454790823, "f1_118000": 56.64990543245003, "total_118000": 5928, "HasAns_exact_118000": 43.75843454790823, "HasAns_f1_118000": 56.64990543245003, "HasAns_total_118000": 5928, "exact_12000": 35.76248313090419, "f1_12000": 46.85197361682446, "total_12000": 5928, "HasAns_exact_12000": 35.76248313090419, "HasAns_f1_12000": 46.85197361682446, "HasAns_total_12000": 5928, "exact_120000": 43.977732793522264, "f1_120000": 56.78943325539968, "total_120000": 5928, "HasAns_exact_120000": 43.977732793522264, "HasAns_f1_120000": 56.78943325539968, "HasAns_total_120000": 5928, "exact_122000": 43.825910931174086, "f1_122000": 56.468144618398924, "total_122000": 5928, "HasAns_exact_122000": 43.825910931174086, "HasAns_f1_122000": 56.468144618398924, "HasAns_total_122000": 5928, "exact_124000": 43.38731443994602, "f1_124000": 56.42549481981538, "total_124000": 5928, "HasAns_exact_124000": 43.38731443994602, "HasAns_f1_124000": 56.42549481981538, "HasAns_total_124000": 5928, "exact_126000": 43.539136302294196, "f1_126000": 56.507011284433844, "total_126000": 5928, "HasAns_exact_126000": 43.539136302294196, "HasAns_f1_126000": 56.507011284433844, "HasAns_total_126000": 5928, "exact_128000": 43.60661268556005, "f1_128000": 56.43765442074437, "total_128000": 5928, "HasAns_exact_128000": 43.60661268556005, "HasAns_f1_128000": 56.43765442074437, "HasAns_total_128000": 5928, "exact_130000": 43.572874493927124, "f1_130000": 56.50678575311398, "total_130000": 5928, "HasAns_exact_130000": 43.572874493927124, "HasAns_f1_130000": 56.50678575311398, "HasAns_total_130000": 5928, "exact_132000": 43.35357624831309, "f1_132000": 56.37876994044622, "total_132000": 5928, "HasAns_exact_132000": 43.35357624831309, "HasAns_f1_132000": 56.37876994044622, "HasAns_total_132000": 5928, "exact_134000": 43.62348178137652, "f1_134000": 56.493174935879026, "total_134000": 5928, "HasAns_exact_134000": 43.62348178137652, "HasAns_f1_134000": 56.493174935879026, "HasAns_total_134000": 5928, "exact_136000": 43.421052631578945, "f1_136000": 56.53117140111721, "total_136000": 5928, "HasAns_exact_136000": 43.421052631578945, "HasAns_f1_136000": 56.53117140111721, "HasAns_total_136000": 5928, "exact_138000": 43.37044534412956, "f1_138000": 56.39735603273291, "total_138000": 5928, "HasAns_exact_138000": 43.37044534412956, "HasAns_f1_138000": 56.39735603273291, "HasAns_total_138000": 5928, "exact_14000": 37.280701754385966, "f1_14000": 48.244597870329464, "total_14000": 5928, "HasAns_exact_14000": 37.280701754385966, "HasAns_f1_14000": 48.244597870329464, "HasAns_total_14000": 5928, "exact_140000": 43.690958164642375, "f1_140000": 56.595117650872616, "total_140000": 5928, "HasAns_exact_140000": 43.690958164642375, "HasAns_f1_140000": 56.595117650872616, "HasAns_total_140000": 5928, "exact_142000": 43.85964912280702, "f1_142000": 56.54324288900167, "total_142000": 5928, "HasAns_exact_142000": 43.85964912280702, "HasAns_f1_142000": 56.54324288900167, "HasAns_total_142000": 5928, "exact_144000": 43.48852901484481, "f1_144000": 56.427763158043255, "total_144000": 5928, "HasAns_exact_144000": 43.48852901484481, "HasAns_f1_144000": 56.427763158043255, "HasAns_total_144000": 5928, "exact_146000": 43.55600539811066, "f1_146000": 56.43036250739363, "total_146000": 5928, "HasAns_exact_146000": 43.55600539811066, "HasAns_f1_146000": 56.43036250739363, "HasAns_total_146000": 5928, "exact_148000": 43.65721997300945, "f1_148000": 56.49022571764422, "total_148000": 5928, "HasAns_exact_148000": 43.65721997300945, "HasAns_f1_148000": 56.49022571764422, "HasAns_total_148000": 5928, "exact_150000": 43.55600539811066, "f1_150000": 56.60144744071868, "total_150000": 5928, "HasAns_exact_150000": 43.55600539811066, "HasAns_f1_150000": 56.60144744071868, "HasAns_total_150000": 5928, "exact_152000": 43.79217273954116, "f1_152000": 56.55940402537395, "total_152000": 5928, "HasAns_exact_152000": 43.79217273954116, "HasAns_f1_152000": 56.55940402537395, "HasAns_total_152000": 5928, "exact_154000": 43.45479082321187, "f1_154000": 56.51987252597293, "total_154000": 5928, "HasAns_exact_154000": 43.45479082321187, "HasAns_f1_154000": 56.51987252597293, "HasAns_total_154000": 5928, "exact_156000": 43.539136302294196, "f1_156000": 56.47815343302904, "total_156000": 5928, "HasAns_exact_156000": 43.539136302294196, "HasAns_f1_156000": 56.47815343302904, "HasAns_total_156000": 5928, "exact_158000": 43.48852901484481, "f1_158000": 56.47724507185525, "total_158000": 5928, "HasAns_exact_158000": 43.48852901484481, "HasAns_f1_158000": 56.47724507185525, "HasAns_total_158000": 5928, "exact_16000": 37.449392712550605, "f1_16000": 49.34440030354178, "total_16000": 5928, "HasAns_exact_16000": 37.449392712550605, "HasAns_f1_16000": 49.34440030354178, "HasAns_total_16000": 5928, "exact_160000": 43.43792172739541, "f1_160000": 56.46592697434652, "total_160000": 5928, "HasAns_exact_160000": 43.43792172739541, "HasAns_f1_160000": 56.46592697434652, "HasAns_total_160000": 5928, "exact_18000": 38.84952766531714, "f1_18000": 50.44396371907978, "total_18000": 5928, "HasAns_exact_18000": 38.84952766531714, "HasAns_f1_18000": 50.44396371907978, "HasAns_total_18000": 5928, "exact_2000": 21.305668016194332, "f1_2000": 30.298893186510156, "total_2000": 5928, "HasAns_exact_2000": 21.305668016194332, "HasAns_f1_2000": 30.298893186510156, "HasAns_total_2000": 5928, "exact_20000": 39.760458839406205, "f1_20000": 51.46954113927915, "total_20000": 5928, "HasAns_exact_20000": 39.760458839406205, "HasAns_f1_20000": 51.46954113927915, "HasAns_total_20000": 5928, "exact_22000": 39.38933873144399, "f1_22000": 50.87775777900653, "total_22000": 5928, "HasAns_exact_22000": 39.38933873144399, "HasAns_f1_22000": 50.87775777900653, "HasAns_total_22000": 5928, "exact_24000": 40.48582995951417, "f1_24000": 52.36163682692376, "total_24000": 5928, "HasAns_exact_24000": 40.48582995951417, "HasAns_f1_24000": 52.36163682692376, "HasAns_total_24000": 5928, "exact_26000": 40.688259109311744,