{"exact_10000": 35.10458839406208, "f1_10000": 46.10303219920107, "total_10000": 5928, "HasAns_exact_10000": 35.10458839406208, "HasAns_f1_10000": 46.10303219920107, "HasAns_total_10000": 5928, "exact_100000": 50.16869095816464, "f1_100000": 62.99480994510346, "total_100000": 5928, "HasAns_exact_100000": 50.16869095816464, "HasAns_f1_100000": 62.99480994510346, "HasAns_total_100000": 5928, "exact_102000": 50.37112010796221, "f1_102000": 62.66013580360916, "total_102000": 5928, "HasAns_exact_102000": 50.37112010796221, "HasAns_f1_102000": 62.66013580360916, "HasAns_total_102000": 5928, "exact_104000": 50.42172739541161, "f1_104000": 63.0305876618401, "total_104000": 5928, "HasAns_exact_104000": 50.42172739541161, "HasAns_f1_104000": 63.0305876618401, "HasAns_total_104000": 5928, "exact_106000": 50.42172739541161, "f1_106000": 62.95425463652514, "total_106000": 5928, "HasAns_exact_106000": 50.42172739541161, "HasAns_f1_106000": 62.95425463652514, "HasAns_total_106000": 5928, "exact_108000": 50.944669365722, "f1_108000": 63.47120526583408, "total_108000": 5928, "HasAns_exact_108000": 50.944669365722, "HasAns_f1_108000": 63.47120526583408, "HasAns_total_108000": 5928, "exact_110000": 50.77597840755735, "f1_110000": 63.33005394694262, "total_110000": 5928, "HasAns_exact_110000": 50.77597840755735, "HasAns_f1_110000": 63.33005394694262, "HasAns_total_110000": 5928, "exact_112000": 51.11336032388664, "f1_112000": 63.502456130969506, "total_112000": 5928, "HasAns_exact_112000": 51.11336032388664, "HasAns_f1_112000": 63.502456130969506, "HasAns_total_112000": 5928, "exact_114000": 50.84345479082321, "f1_114000": 63.51721259699838, "total_114000": 5928, "HasAns_exact_114000": 50.84345479082321, "HasAns_f1_114000": 63.51721259699838, "HasAns_total_114000": 5928, "exact_116000": 50.32051282051282, "f1_116000": 62.86575164252518, "total_116000": 5928, "HasAns_exact_116000": 50.32051282051282, "HasAns_f1_116000": 62.86575164252518, "HasAns_total_116000": 5928, "exact_118000": 51.3663967611336, "f1_118000": 63.873881397731836, "total_118000": 5928, "HasAns_exact_118000": 51.3663967611336, "HasAns_f1_118000": 63.873881397731836, "HasAns_total_118000": 5928, "exact_12000": 36.80836707152497, "f1_12000": 48.18446654445493, "total_12000": 5928, "HasAns_exact_12000": 36.80836707152497, "HasAns_f1_12000": 48.18446654445493, "HasAns_total_12000": 5928, "exact_120000": 50.7085020242915, "f1_120000": 63.2967770744943, "total_120000": 5928, "HasAns_exact_120000": 50.7085020242915, "HasAns_f1_120000": 63.2967770744943, "HasAns_total_120000": 5928, "exact_122000": 51.11336032388664, "f1_122000": 63.671188746711366, "total_122000": 5928, "HasAns_exact_122000": 51.11336032388664, "HasAns_f1_122000": 63.671188746711366, "HasAns_total_122000": 5928, "exact_124000": 50.607287449392715, "f1_124000": 63.397453671864895, "total_124000": 5928, "HasAns_exact_124000": 50.607287449392715, "HasAns_f1_124000": 63.397453671864895, "HasAns_total_124000": 5928, "exact_126000": 51.04588394062078, "f1_126000": 63.62221469416982, "total_126000": 5928, "HasAns_exact_126000": 51.04588394062078, "HasAns_f1_126000": 63.62221469416982, "HasAns_total_126000": 5928, "exact_128000": 51.298920377867745, "f1_128000": 63.85606032902258, "total_128000": 5928, "HasAns_exact_128000": 51.298920377867745, "HasAns_f1_128000": 63.85606032902258, "HasAns_total_128000": 5928, "exact_130000": 50.894062078272604, "f1_130000": 63.63293817949242, "total_130000": 5928, "HasAns_exact_130000": 50.894062078272604, "HasAns_f1_130000": 63.63293817949242, "HasAns_total_130000": 5928, "exact_132000": 50.69163292847503, "f1_132000": 63.78104657520877, "total_132000": 5928, "HasAns_exact_132000": 50.69163292847503, "HasAns_f1_132000": 63.78104657520877, "HasAns_total_132000": 5928, "exact_134000": 50.99527665317139, "f1_134000": 63.77308004535647, "total_134000": 5928, "HasAns_exact_134000": 50.99527665317139, "HasAns_f1_134000": 63.77308004535647, "HasAns_total_134000": 5928, "exact_136000": 51.163967611336034, "f1_136000": 63.73480674339238, "total_136000": 5928, "HasAns_exact_136000": 51.163967611336034, "HasAns_f1_136000": 63.73480674339238, "HasAns_total_136000": 5928, "exact_138000": 50.91093117408907, "f1_138000": 63.63232801485912, "total_138000": 5928, "HasAns_exact_138000": 50.91093117408907, "HasAns_f1_138000": 63.63232801485912, "HasAns_total_138000": 5928, "exact_14000": 38.27597840755735, "f1_14000": 49.11552199498916, "total_14000": 5928, "HasAns_exact_14000": 38.27597840755735, "HasAns_f1_14000": 49.11552199498916, "HasAns_total_14000": 5928, "exact_140000": 51.09649122807018, "f1_140000": 63.84200587730138, "total_140000": 5928, "HasAns_exact_140000": 51.09649122807018, "HasAns_f1_140000": 63.84200587730138, "HasAns_total_140000": 5928, "exact_142000": 51.26518218623482, "f1_142000": 63.965723108440024, "total_142000": 5928, "HasAns_exact_142000": 51.26518218623482, "HasAns_f1_142000": 63.965723108440024, "HasAns_total_142000": 5928, "exact_144000": 51.686909581646425, "f1_144000": 64.31417276491723, "total_144000": 5928, "HasAns_exact_144000": 51.686909581646425, "HasAns_f1_144000": 64.31417276491723, "HasAns_total_144000": 5928, "exact_146000": 51.33265856950067, "f1_146000": 64.0705891620536, "total_146000": 5928, "HasAns_exact_146000": 51.33265856950067, "HasAns_f1_146000": 64.0705891620536, "HasAns_total_146000": 5928, "exact_148000": 51.40013495276653, "f1_148000": 64.2313202199865, "total_148000": 5928, "HasAns_exact_148000": 51.40013495276653, "HasAns_f1_148000": 64.2313202199865, "HasAns_total_148000": 5928, "exact_150000": 51.50134952766532, "f1_150000": 64.19232310491749, "total_150000": 5928, "HasAns_exact_150000": 51.50134952766532, "HasAns_f1_150000": 64.19232310491749, "HasAns_total_150000": 5928, "exact_152000": 51.31578947368421, "f1_152000": 63.97982037190379, "total_152000": 5928, "HasAns_exact_152000": 51.31578947368421, "HasAns_f1_152000": 63.97982037190379, "HasAns_total_152000": 5928, "exact_154000": 51.11336032388664, "f1_154000": 63.909961692413745, "total_154000": 5928, "HasAns_exact_154000": 51.11336032388664, "HasAns_f1_154000": 63.909961692413745, "HasAns_total_154000": 5928, "exact_156000": 51.163967611336034, "f1_156000": 63.924795994971106, "total_156000": 5928, "HasAns_exact_156000": 51.163967611336034, "HasAns_f1_156000": 63.924795994971106, "HasAns_total_156000": 5928, "exact_158000": 51.130229419703106, "f1_158000": 63.98911398213806, "total_158000": 5928, "HasAns_exact_158000": 51.130229419703106, "HasAns_f1_158000": 63.98911398213806, "HasAns_total_158000": 5928, "exact_16000": 39.23751686909581, "f1_16000": 50.65488962075646, "total_16000": 5928, "HasAns_exact_16000": 39.23751686909581, "HasAns_f1_16000": 50.65488962075646, "HasAns_total_16000": 5928, "exact_160000": 51.11336032388664, "f1_160000": 63.96803479526672, "total_160000": 5928, "HasAns_exact_160000": 51.11336032388664, "HasAns_f1_160000": 63.96803479526672, "HasAns_total_160000": 5928, "exact_18000": 40.283400809716596, "f1_18000": 51.48813676037068, "total_18000": 5928, "HasAns_exact_18000": 40.283400809716596, "HasAns_f1_18000": 51.48813676037068, "HasAns_total_18000": 5928, "exact_2000": 17.931848852901485, "f1_2000": 27.28601044522866, "total_2000": 5928, "HasAns_exact_2000": 17.931848852901485, "HasAns_f1_2000": 27.28601044522866, "HasAns_total_2000": 5928, "exact_20000": 40.67139001349528, "f1_20000": 52.00863718731519, "total_20000": 5928, "HasAns_exact_20000": 40.67139001349528, "HasAns_f1_20000": 52.00863718731519, "HasAns_total_20000": 5928, "exact_22000": 40.688259109311744, "f1_22000": 52.017696397968855, "total_22000": 5928, "HasAns_exact_22000": 40.688259109311744, "HasAns_f1_22000": 52.017696397968855, "HasAns_total_22000": 5928, "exact_24000": 41.98717948717949, "f1_24000": 53.86596943667932, "total_24000": 5928, "HasAns_exact_24000": 41.98717948717949, "HasAns_f1_24000": 53.86596943667932, "HasAns_total_24000": 5928, "exact_26000": 42.442645074224025, "f1_26000": 53.966123038413,