{"exact_10000": 57.47300944669366, "f1_10000": 69.22382038819988, "total_10000": 5928, "HasAns_exact_10000": 57.47300944669366, "HasAns_f1_10000": 69.22382038819988, "HasAns_total_10000": 5928, "exact_100000": 62.88798920377868, "f1_100000": 74.25346863405217, "total_100000": 5928, "HasAns_exact_100000": 62.88798920377868, "HasAns_f1_100000": 74.25346863405217, "HasAns_total_100000": 5928, "exact_102000": 63.02294197031039, "f1_102000": 74.45569932196594, "total_102000": 5928, "HasAns_exact_102000": 63.02294197031039, "HasAns_f1_102000": 74.45569932196594, "HasAns_total_102000": 5928, "exact_104000": 63.006072874493924, "f1_104000": 74.1095082366793, "total_104000": 5928, "HasAns_exact_104000": 63.006072874493924, "HasAns_f1_104000": 74.1095082366793, "HasAns_total_104000": 5928, "exact_106000": 62.60121457489878, "f1_106000": 73.99914090823039, "total_106000": 5928, "HasAns_exact_106000": 62.60121457489878, "HasAns_f1_106000": 73.99914090823039, "HasAns_total_106000": 5928, "exact_108000": 62.61808367071525, "f1_108000": 74.09937987221048, "total_108000": 5928, "HasAns_exact_108000": 62.61808367071525, "HasAns_f1_108000": 74.09937987221048, "HasAns_total_108000": 5928, "exact_110000": 63.19163292847503, "f1_110000": 74.22765891868858, "total_110000": 5928, "HasAns_exact_110000": 63.19163292847503, "HasAns_f1_110000": 74.22765891868858, "HasAns_total_110000": 5928, "exact_112000": 62.88798920377868, "f1_112000": 74.36017584643346, "total_112000": 5928, "HasAns_exact_112000": 62.88798920377868, "HasAns_f1_112000": 74.36017584643346, "HasAns_total_112000": 5928, "exact_114000": 63.41093117408907, "f1_114000": 74.56748758448396, "total_114000": 5928, "HasAns_exact_114000": 63.41093117408907, "HasAns_f1_114000": 74.56748758448396, "HasAns_total_114000": 5928, "exact_116000": 63.19163292847503, "f1_116000": 74.48788292860246, "total_116000": 5928, "HasAns_exact_116000": 63.19163292847503, "HasAns_f1_116000": 74.48788292860246, "HasAns_total_116000": 5928, "exact_118000": 62.63495276653171, "f1_118000": 74.45570132490022, "total_118000": 5928, "HasAns_exact_118000": 62.63495276653171, "HasAns_f1_118000": 74.45570132490022, "HasAns_total_118000": 5928, "exact_12000": 57.30431848852901, "f1_12000": 69.6888799754309, "total_12000": 5928, "HasAns_exact_12000": 57.30431848852901, "HasAns_f1_12000": 69.6888799754309, "HasAns_total_12000": 5928, "exact_120000": 62.432523616734144, "f1_120000": 74.32337038464307, "total_120000": 5928, "HasAns_exact_120000": 62.432523616734144, "HasAns_f1_120000": 74.32337038464307, "HasAns_total_120000": 5928, "exact_122000": 63.05668016194332, "f1_122000": 74.38496513494242, "total_122000": 5928, "HasAns_exact_122000": 63.05668016194332, "HasAns_f1_122000": 74.38496513494242, "HasAns_total_122000": 5928, "exact_124000": 62.58434547908232, "f1_124000": 74.17476440961542, "total_124000": 5928, "HasAns_exact_124000": 62.58434547908232, "HasAns_f1_124000": 74.17476440961542, "HasAns_total_124000": 5928, "exact_126000": 62.12887989203779, "f1_126000": 74.00215616093334, "total_126000": 5928, "HasAns_exact_126000": 62.12887989203779, "HasAns_f1_126000": 74.00215616093334, "HasAns_total_126000": 5928, "exact_128000": 62.010796221322536, "f1_128000": 74.00311450098927, "total_128000": 5928, "HasAns_exact_128000": 62.010796221322536, "HasAns_f1_128000": 74.00311450098927, "HasAns_total_128000": 5928, "exact_130000": 62.11201079622132, "f1_130000": 73.96817783548417, "total_130000": 5928, "HasAns_exact_130000": 62.11201079622132, "HasAns_f1_130000": 73.96817783548417, "HasAns_total_130000": 5928, "exact_132000": 61.63967611336032, "f1_132000": 73.54405025003132, "total_132000": 5928, "HasAns_exact_132000": 61.63967611336032, "HasAns_f1_132000": 73.54405025003132, "HasAns_total_132000": 5928, "exact_134000": 62.06140350877193, "f1_134000": 73.60009733799878, "total_134000": 5928, "HasAns_exact_134000": 62.06140350877193, "HasAns_f1_134000": 73.60009733799878, "HasAns_total_134000": 5928, "exact_136000": 62.11201079622132, "f1_136000": 73.67776648573388, "total_136000": 5928, "HasAns_exact_136000": 62.11201079622132, "HasAns_f1_136000": 73.67776648573388, "HasAns_total_136000": 5928, "exact_138000": 61.892712550607285, "f1_138000": 73.69335940728308, "total_138000": 5928, "HasAns_exact_138000": 61.892712550607285, "HasAns_f1_138000": 73.69335940728308, "HasAns_total_138000": 5928, "exact_14000": 58.56950067476383, "f1_14000": 70.12323093887626, "total_14000": 5928, "HasAns_exact_14000": 58.56950067476383, "HasAns_f1_14000": 70.12323093887626, "HasAns_total_14000": 5928, "exact_140000": 61.82523616734143, "f1_140000": 73.69168816131565, "total_140000": 5928, "HasAns_exact_140000": 61.82523616734143, "HasAns_f1_140000": 73.69168816131565, "HasAns_total_140000": 5928, "exact_142000": 62.12887989203779, "f1_142000": 73.66638705368086, "total_142000": 5928, "HasAns_exact_142000": 62.12887989203779, "HasAns_f1_142000": 73.66638705368086, "HasAns_total_142000": 5928, "exact_144000": 61.97705802968961, "f1_144000": 73.67624878618612, "total_144000": 5928, "HasAns_exact_144000": 61.97705802968961, "HasAns_f1_144000": 73.67624878618612, "HasAns_total_144000": 5928, "exact_146000": 62.11201079622132, "f1_146000": 73.93100143135098, "total_146000": 5928, "HasAns_exact_146000": 62.11201079622132, "HasAns_f1_146000": 73.93100143135098, "HasAns_total_146000": 5928, "exact_148000": 62.2638326585695, "f1_148000": 73.80957378082344, "total_148000": 5928, "HasAns_exact_148000": 62.2638326585695, "HasAns_f1_148000": 73.80957378082344, "HasAns_total_148000": 5928, "exact_150000": 62.24696356275304, "f1_150000": 73.94546102834266, "total_150000": 5928, "HasAns_exact_150000": 62.24696356275304, "HasAns_f1_150000": 73.94546102834266, "HasAns_total_150000": 5928, "exact_152000": 62.51686909581647, "f1_152000": 74.06189261476814, "total_152000": 5928, "HasAns_exact_152000": 62.51686909581647, "HasAns_f1_152000": 74.06189261476814, "HasAns_total_152000": 5928, "exact_154000": 62.58434547908232, "f1_154000": 73.92469868428287, "total_154000": 5928, "HasAns_exact_154000": 62.58434547908232, "HasAns_f1_154000": 73.92469868428287, "HasAns_total_154000": 5928, "exact_156000": 62.41565452091768, "f1_156000": 73.95115302783651, "total_156000": 5928, "HasAns_exact_156000": 62.41565452091768, "HasAns_f1_156000": 73.95115302783651, "HasAns_total_156000": 5928, "exact_158000": 62.23009446693657, "f1_158000": 73.83487717787901, "total_158000": 5928, "HasAns_exact_158000": 62.23009446693657, "HasAns_f1_158000": 73.83487717787901, "HasAns_total_158000": 5928, "exact_16000": 59.36234817813765, "f1_16000": 71.35697581962953, "total_16000": 5928, "HasAns_exact_16000": 59.36234817813765, "HasAns_f1_16000": 71.35697581962953, "HasAns_total_16000": 5928, "exact_160000": 62.24696356275304, "f1_160000": 73.85158407085109, "total_160000": 5928, "HasAns_exact_160000": 62.24696356275304, "HasAns_f1_160000": 73.85158407085109, "HasAns_total_160000": 5928, "exact_18000": 60.57692307692308, "f1_18000": 71.6347756102647, "total_18000": 5928, "HasAns_exact_18000": 60.57692307692308, "HasAns_f1_18000": 71.6347756102647, "HasAns_total_18000": 5928, "exact_2000": 49.44331983805668, "f1_2000": 61.16041935532344, "total_2000": 5928, "HasAns_exact_2000": 49.44331983805668, "HasAns_f1_2000": 61.16041935532344, "HasAns_total_2000": 5928, "exact_20000": 59.008097165991906, "f1_20000": 70.74898079101963, "total_20000": 5928, "HasAns_exact_20000": 59.008097165991906, "HasAns_f1_20000": 70.74898079101963, "HasAns_total_20000": 5928, "exact_22000": 59.54790823211876, "f1_22000": 71.33076728744848, "total_22000": 5928, "HasAns_exact_22000": 59.54790823211876, "HasAns_f1_22000": 71.33076728744848, "HasAns_total_22000": 5928, "exact_24000": 60.74561403508772, "f1_24000": 72.15113891416011, "total_24000": 5928, "HasAns_exact_24000": 60.74561403508772, "HasAns_f1_24000": 72.15113891416011, "HasAns_total_24000": 5928, "exact_26000": 61.217948717948715, "f1_26000": 72.74260807272721, "total_26000": 5928,