{"exact_10000": 63.663967611336034, "f1_10000": 74.92015313493886, "total_10000": 5928, "HasAns_exact_10000": 63.663967611336034, "HasAns_f1_10000": 74.92015313493886, "HasAns_total_10000": 5928, "exact_100000": 70.91767881241566, "f1_100000": 80.94073961533472, "total_100000": 5928, "HasAns_exact_100000": 70.91767881241566, "HasAns_f1_100000": 80.94073961533472, "HasAns_total_100000": 5928, "exact_102000": 70.54655870445345, "f1_102000": 81.05576323037513, "total_102000": 5928, "HasAns_exact_102000": 70.54655870445345, "HasAns_f1_102000": 81.05576323037513, "HasAns_total_102000": 5928, "exact_104000": 70.31039136302294, "f1_104000": 80.53107676056834, "total_104000": 5928, "HasAns_exact_104000": 70.31039136302294, "HasAns_f1_104000": 80.53107676056834, "HasAns_total_104000": 5928, "exact_106000": 70.44534412955466, "f1_106000": 80.8804829852723, "total_106000": 5928, "HasAns_exact_106000": 70.44534412955466, "HasAns_f1_106000": 80.8804829852723, "HasAns_total_106000": 5928, "exact_108000": 70.59716599190283, "f1_108000": 80.79702968455172, "total_108000": 5928, "HasAns_exact_108000": 70.59716599190283, "HasAns_f1_108000": 80.79702968455172, "HasAns_total_108000": 5928, "exact_110000": 70.64777327935222, "f1_110000": 80.80764368558478, "total_110000": 5928, "HasAns_exact_110000": 70.64777327935222, "HasAns_f1_110000": 80.80764368558478, "HasAns_total_110000": 5928, "exact_112000": 70.76585695006747, "f1_112000": 80.83115654782755, "total_112000": 5928, "HasAns_exact_112000": 70.76585695006747, "HasAns_f1_112000": 80.83115654782755, "HasAns_total_112000": 5928, "exact_114000": 70.49595141700405, "f1_114000": 80.88055652434844, "total_114000": 5928, "HasAns_exact_114000": 70.49595141700405, "HasAns_f1_114000": 80.88055652434844, "HasAns_total_114000": 5928, "exact_116000": 70.96828609986505, "f1_116000": 81.07865941639857, "total_116000": 5928, "HasAns_exact_116000": 70.96828609986505, "HasAns_f1_116000": 81.07865941639857, "HasAns_total_116000": 5928, "exact_118000": 71.23819163292848, "f1_118000": 81.30127674148778, "total_118000": 5928, "HasAns_exact_118000": 71.23819163292848, "HasAns_f1_118000": 81.30127674148778, "HasAns_total_118000": 5928, "exact_12000": 65.19905533063428, "f1_12000": 75.96276661790597, "total_12000": 5928, "HasAns_exact_12000": 65.19905533063428, "HasAns_f1_12000": 75.96276661790597, "HasAns_total_12000": 5928, "exact_120000": 70.20917678812415, "f1_120000": 80.75006374964565, "total_120000": 5928, "HasAns_exact_120000": 70.20917678812415, "HasAns_f1_120000": 80.75006374964565, "HasAns_total_120000": 5928, "exact_122000": 70.64777327935222, "f1_122000": 80.93772663516825, "total_122000": 5928, "HasAns_exact_122000": 70.64777327935222, "HasAns_f1_122000": 80.93772663516825, "HasAns_total_122000": 5928, "exact_124000": 70.98515519568151, "f1_124000": 81.24636137531277, "total_124000": 5928, "HasAns_exact_124000": 70.98515519568151, "HasAns_f1_124000": 81.24636137531277, "HasAns_total_124000": 5928, "exact_126000": 70.86707152496626, "f1_126000": 81.16884157250786, "total_126000": 5928, "HasAns_exact_126000": 70.86707152496626, "HasAns_f1_126000": 81.16884157250786, "HasAns_total_126000": 5928, "exact_128000": 70.69838056680162, "f1_128000": 81.14752408119337, "total_128000": 5928, "HasAns_exact_128000": 70.69838056680162, "HasAns_f1_128000": 81.14752408119337, "HasAns_total_128000": 5928, "exact_130000": 70.52968960863697, "f1_130000": 80.95258669031224, "total_130000": 5928, "HasAns_exact_130000": 70.52968960863697, "HasAns_f1_130000": 80.95258669031224, "HasAns_total_130000": 5928, "exact_132000": 70.24291497975709, "f1_132000": 80.77397553176816, "total_132000": 5928, "HasAns_exact_132000": 70.24291497975709, "HasAns_f1_132000": 80.77397553176816, "HasAns_total_132000": 5928, "exact_134000": 70.63090418353576, "f1_134000": 80.955675190935, "total_134000": 5928, "HasAns_exact_134000": 70.63090418353576, "HasAns_f1_134000": 80.955675190935, "HasAns_total_134000": 5928, "exact_136000": 70.63090418353576, "f1_136000": 80.95332228446566, "total_136000": 5928, "HasAns_exact_136000": 70.63090418353576, "HasAns_f1_136000": 80.95332228446566, "HasAns_total_136000": 5928, "exact_138000": 70.6140350877193, "f1_138000": 80.85657070966964, "total_138000": 5928, "HasAns_exact_138000": 70.6140350877193, "HasAns_f1_138000": 80.85657070966964, "HasAns_total_138000": 5928, "exact_14000": 64.65924426450742, "f1_14000": 75.50183508172114, "total_14000": 5928, "HasAns_exact_14000": 64.65924426450742, "HasAns_f1_14000": 75.50183508172114, "HasAns_total_14000": 5928, "exact_140000": 70.63090418353576, "f1_140000": 80.85781522014722, "total_140000": 5928, "HasAns_exact_140000": 70.63090418353576, "HasAns_f1_140000": 80.85781522014722, "HasAns_total_140000": 5928, "exact_142000": 70.49595141700405, "f1_142000": 80.8980421673555, "total_142000": 5928, "HasAns_exact_142000": 70.49595141700405, "HasAns_f1_142000": 80.8980421673555, "HasAns_total_142000": 5928, "exact_144000": 70.8502024291498, "f1_144000": 81.15844015740869, "total_144000": 5928, "HasAns_exact_144000": 70.8502024291498, "HasAns_f1_144000": 81.15844015740869, "HasAns_total_144000": 5928, "exact_146000": 70.47908232118759, "f1_146000": 80.9693182808848, "total_146000": 5928, "HasAns_exact_146000": 70.47908232118759, "HasAns_f1_146000": 80.9693182808848, "HasAns_total_146000": 5928, "exact_148000": 70.71524966261808, "f1_148000": 80.9213601641843, "total_148000": 5928, "HasAns_exact_148000": 70.71524966261808, "HasAns_f1_148000": 80.9213601641843, "HasAns_total_148000": 5928, "exact_150000": 70.98515519568151, "f1_150000": 81.16626808511566, "total_150000": 5928, "HasAns_exact_150000": 70.98515519568151, "HasAns_f1_150000": 81.16626808511566, "HasAns_total_150000": 5928, "exact_152000": 70.71524966261808, "f1_152000": 81.14892647579595, "total_152000": 5928, "HasAns_exact_152000": 70.71524966261808, "HasAns_f1_152000": 81.14892647579595, "HasAns_total_152000": 5928, "exact_154000": 70.86707152496626, "f1_154000": 81.15652033243201, "total_154000": 5928, "HasAns_exact_154000": 70.86707152496626, "HasAns_f1_154000": 81.15652033243201, "HasAns_total_154000": 5928, "exact_156000": 70.79959514170041, "f1_156000": 81.09793804247994, "total_156000": 5928, "HasAns_exact_156000": 70.79959514170041, "HasAns_f1_156000": 81.09793804247994, "HasAns_total_156000": 5928, "exact_158000": 70.8502024291498, "f1_158000": 81.13035764517154, "total_158000": 5928, "HasAns_exact_158000": 70.8502024291498, "HasAns_f1_158000": 81.13035764517154, "HasAns_total_158000": 5928, "exact_16000": 65.78947368421052, "f1_16000": 76.46665213044552, "total_16000": 5928, "HasAns_exact_16000": 65.78947368421052, "HasAns_f1_16000": 76.46665213044552, "HasAns_total_16000": 5928, "exact_160000": 70.78272604588395, "f1_160000": 81.10957545509308, "total_160000": 5928, "HasAns_exact_160000": 70.78272604588395, "HasAns_f1_160000": 81.10957545509308, "HasAns_total_160000": 5928, "exact_18000": 65.9919028340081, "f1_18000": 76.74561931302733, "total_18000": 5928, "HasAns_exact_18000": 65.9919028340081, "HasAns_f1_18000": 76.74561931302733, "HasAns_total_18000": 5928, "exact_2000": 53.593117408906885, "f1_2000": 65.44930203429634, "total_2000": 5928, "HasAns_exact_2000": 53.593117408906885, "HasAns_f1_2000": 65.44930203429634, "HasAns_total_2000": 5928, "exact_20000": 67.15587044534414, "f1_20000": 77.53174309604162, "total_20000": 5928, "HasAns_exact_20000": 67.15587044534414, "HasAns_f1_20000": 77.53174309604162, "HasAns_total_20000": 5928, "exact_22000": 67.84750337381917, "f1_22000": 78.39787169334076, "total_22000": 5928, "HasAns_exact_22000": 67.84750337381917, "HasAns_f1_22000": 78.39787169334076, "HasAns_total_22000": 5928, "exact_24000": 68.92712550607287, "f1_24000": 79.05124798988389, "total_24000": 5928, "HasAns_exact_24000": 68.92712550607287, "HasAns_f1_24000": 79.05124798988389, "HasAns_total_24000": 5928, "exact_26000": 67.56072874493927, "f1_26000": 78.55767511972302, "total_26000": 5928,