{"exact_10000": 38.57962213225371, "f1_10000": 50.276032658566606, "total_10000": 5928, "HasAns_exact_10000": 38.57962213225371, "HasAns_f1_10000": 50.276032658566606, "HasAns_total_10000": 5928, "exact_100000": 47.58771929824562, "f1_100000": 61.196877519445806, "total_100000": 5928, "HasAns_exact_100000": 47.58771929824562, "HasAns_f1_100000": 61.196877519445806, "HasAns_total_100000": 5928, "exact_102000": 47.84075573549258, "f1_102000": 61.55172819633203, "total_102000": 5928, "HasAns_exact_102000": 47.84075573549258, "HasAns_f1_102000": 61.55172819633203, "HasAns_total_102000": 5928, "exact_104000": 47.65519568151147, "f1_104000": 61.2685430565624, "total_104000": 5928, "HasAns_exact_104000": 47.65519568151147, "HasAns_f1_104000": 61.2685430565624, "HasAns_total_104000": 5928, "exact_106000": 47.43589743589744, "f1_106000": 61.113616605177654, "total_106000": 5928, "HasAns_exact_106000": 47.43589743589744, "HasAns_f1_106000": 61.113616605177654, "HasAns_total_106000": 5928, "exact_108000": 47.85762483130904, "f1_108000": 61.51265252305365, "total_108000": 5928, "HasAns_exact_108000": 47.85762483130904, "HasAns_f1_108000": 61.51265252305365, "HasAns_total_108000": 5928, "exact_110000": 48.12753036437247, "f1_110000": 61.61779135374467, "total_110000": 5928, "HasAns_exact_110000": 48.12753036437247, "HasAns_f1_110000": 61.61779135374467, "HasAns_total_110000": 5928, "exact_112000": 47.9251012145749, "f1_112000": 61.64590392651434, "total_112000": 5928, "HasAns_exact_112000": 47.9251012145749, "HasAns_f1_112000": 61.64590392651434, "HasAns_total_112000": 5928, "exact_114000": 48.22874493927125, "f1_114000": 61.953289185707106, "total_114000": 5928, "HasAns_exact_114000": 48.22874493927125, "HasAns_f1_114000": 61.953289185707106, "HasAns_total_114000": 5928, "exact_116000": 47.50337381916329, "f1_116000": 61.358119565438365, "total_116000": 5928, "HasAns_exact_116000": 47.50337381916329, "HasAns_f1_116000": 61.358119565438365, "HasAns_total_116000": 5928, "exact_118000": 47.520242914979754, "f1_118000": 61.6059133911856, "total_118000": 5928, "HasAns_exact_118000": 47.520242914979754, "HasAns_f1_118000": 61.6059133911856, "HasAns_total_118000": 5928, "exact_12000": 38.56275303643725, "f1_12000": 50.965409153159044, "total_12000": 5928, "HasAns_exact_12000": 38.56275303643725, "HasAns_f1_12000": 50.965409153159044, "HasAns_total_12000": 5928, "exact_120000": 47.36842105263158, "f1_120000": 61.42483064309805, "total_120000": 5928, "HasAns_exact_120000": 47.36842105263158, "HasAns_f1_120000": 61.42483064309805, "HasAns_total_120000": 5928, "exact_122000": 47.081646423751685, "f1_122000": 60.949018214165434, "total_122000": 5928, "HasAns_exact_122000": 47.081646423751685, "HasAns_f1_122000": 60.949018214165434, "HasAns_total_122000": 5928, "exact_124000": 47.486504723346826, "f1_124000": 61.42218404365841, "total_124000": 5928, "HasAns_exact_124000": 47.486504723346826, "HasAns_f1_124000": 61.42218404365841, "HasAns_total_124000": 5928, "exact_126000": 47.13225371120108, "f1_126000": 61.25226931410535, "total_126000": 5928, "HasAns_exact_126000": 47.13225371120108, "HasAns_f1_126000": 61.25226931410535, "HasAns_total_126000": 5928, "exact_128000": 47.216599190283404, "f1_128000": 61.40903235948393, "total_128000": 5928, "HasAns_exact_128000": 47.216599190283404, "HasAns_f1_128000": 61.40903235948393, "HasAns_total_128000": 5928, "exact_130000": 47.0310391363023, "f1_130000": 61.08490261576143, "total_130000": 5928, "HasAns_exact_130000": 47.0310391363023, "HasAns_f1_130000": 61.08490261576143, "HasAns_total_130000": 5928, "exact_132000": 46.84547908232119, "f1_132000": 61.00725412921192, "total_132000": 5928, "HasAns_exact_132000": 46.84547908232119, "HasAns_f1_132000": 61.00725412921192, "HasAns_total_132000": 5928, "exact_134000": 47.04790823211876, "f1_134000": 61.25734237531196, "total_134000": 5928, "HasAns_exact_134000": 47.04790823211876, "HasAns_f1_134000": 61.25734237531196, "HasAns_total_134000": 5928, "exact_136000": 46.76113360323887, "f1_136000": 61.05362207113445, "total_136000": 5928, "HasAns_exact_136000": 46.76113360323887, "HasAns_f1_136000": 61.05362207113445, "HasAns_total_136000": 5928, "exact_138000": 47.25033738191633, "f1_138000": 61.426462752845154, "total_138000": 5928, "HasAns_exact_138000": 47.25033738191633, "HasAns_f1_138000": 61.426462752845154, "HasAns_total_138000": 5928, "exact_14000": 39.760458839406205, "f1_14000": 51.749636834090346, "total_14000": 5928, "HasAns_exact_14000": 39.760458839406205, "HasAns_f1_14000": 51.749636834090346, "HasAns_total_14000": 5928, "exact_140000": 47.18286099865047, "f1_140000": 61.10810953335449, "total_140000": 5928, "HasAns_exact_140000": 47.18286099865047, "HasAns_f1_140000": 61.10810953335449, "HasAns_total_140000": 5928, "exact_142000": 46.99730094466936, "f1_142000": 61.1044809623076, "total_142000": 5928, "HasAns_exact_142000": 46.99730094466936, "HasAns_f1_142000": 61.1044809623076, "HasAns_total_142000": 5928, "exact_144000": 47.25033738191633, "f1_144000": 61.387835929854994, "total_144000": 5928, "HasAns_exact_144000": 47.25033738191633, "HasAns_f1_144000": 61.387835929854994, "HasAns_total_144000": 5928, "exact_146000": 47.081646423751685, "f1_146000": 61.23763065252651, "total_146000": 5928, "HasAns_exact_146000": 47.081646423751685, "HasAns_f1_146000": 61.23763065252651, "HasAns_total_146000": 5928, "exact_148000": 47.16599190283401, "f1_148000": 61.209574311394114, "total_148000": 5928, "HasAns_exact_148000": 47.16599190283401, "HasAns_f1_148000": 61.209574311394114, "HasAns_total_148000": 5928, "exact_150000": 47.064777327935225, "f1_150000": 61.23687312747432, "total_150000": 5928, "HasAns_exact_150000": 47.064777327935225, "HasAns_f1_150000": 61.23687312747432, "HasAns_total_150000": 5928, "exact_152000": 46.77800269905533, "f1_152000": 61.05014013072447, "total_152000": 5928, "HasAns_exact_152000": 46.77800269905533, "HasAns_f1_152000": 61.05014013072447, "HasAns_total_152000": 5928, "exact_154000": 47.216599190283404, "f1_154000": 61.249116401857414, "total_154000": 5928, "HasAns_exact_154000": 47.216599190283404, "HasAns_f1_154000": 61.249116401857414, "HasAns_total_154000": 5928, "exact_156000": 46.84547908232119, "f1_156000": 61.06319725834916, "total_156000": 5928, "HasAns_exact_156000": 46.84547908232119, "HasAns_f1_156000": 61.06319725834916, "HasAns_total_156000": 5928, "exact_158000": 46.676788124156545, "f1_158000": 60.99194699244022, "total_158000": 5928, "HasAns_exact_158000": 46.676788124156545, "HasAns_f1_158000": 60.99194699244022, "HasAns_total_158000": 5928, "exact_16000": 41.44736842105263, "f1_16000": 53.02461669195339, "total_16000": 5928, "HasAns_exact_16000": 41.44736842105263, "HasAns_f1_16000": 53.02461669195339, "HasAns_total_16000": 5928, "exact_160000": 46.69365721997301, "f1_160000": 60.94438167650515, "total_160000": 5928, "HasAns_exact_160000": 46.69365721997301, "HasAns_f1_160000": 60.94438167650515, "HasAns_total_160000": 5928, "exact_18000": 41.44736842105263, "f1_18000": 54.26401204243948, "total_18000": 5928, "HasAns_exact_18000": 41.44736842105263, "HasAns_f1_18000": 54.26401204243948, "HasAns_total_18000": 5928, "exact_2000": 23.397435897435898, "f1_2000": 33.62737497471487, "total_2000": 5928, "HasAns_exact_2000": 23.397435897435898, "HasAns_f1_2000": 33.62737497471487, "HasAns_total_2000": 5928, "exact_20000": 43.15114709851552, "f1_20000": 55.076162552508464, "total_20000": 5928, "HasAns_exact_20000": 43.15114709851552, "HasAns_f1_20000": 55.076162552508464, "HasAns_total_20000": 5928, "exact_22000": 43.58974358974359, "f1_22000": 55.17379525203271, "total_22000": 5928, "HasAns_exact_22000": 43.58974358974359, "HasAns_f1_22000": 55.17379525203271, "HasAns_total_22000": 5928, "exact_24000": 44.635627530364374, "f1_24000": 56.73541469298518, "total_24000": 5928, "HasAns_exact_24000": 44.635627530364374, "HasAns_f1_24000": 56.73541469298518, "HasAns_total_24000": 5928, "exact_26000": 44.68623481781376,