{"exact_10000": 38.32658569500675, "f1_10000": 48.962515674251584, "total_10000": 5928, "HasAns_exact_10000": 38.32658569500675, "HasAns_f1_10000": 48.962515674251584, "HasAns_total_10000": 5928, "exact_100000": 42.27395411605938, "f1_100000": 55.77705806271274, "total_100000": 5928, "HasAns_exact_100000": 42.27395411605938, "HasAns_f1_100000": 55.77705806271274, "HasAns_total_100000": 5928, "exact_102000": 42.52699055330634, "f1_102000": 55.557277691074084, "total_102000": 5928, "HasAns_exact_102000": 42.52699055330634, "HasAns_f1_102000": 55.557277691074084, "HasAns_total_102000": 5928, "exact_104000": 42.66194331983806, "f1_104000": 55.817272826929965, "total_104000": 5928, "HasAns_exact_104000": 42.66194331983806, "HasAns_f1_104000": 55.817272826929965, "HasAns_total_104000": 5928, "exact_106000": 42.324561403508774, "f1_106000": 55.64449381416242, "total_106000": 5928, "HasAns_exact_106000": 42.324561403508774, "HasAns_f1_106000": 55.64449381416242, "HasAns_total_106000": 5928, "exact_108000": 42.054655870445345, "f1_108000": 55.4829903056825, "total_108000": 5928, "HasAns_exact_108000": 42.054655870445345, "HasAns_f1_108000": 55.4829903056825, "HasAns_total_108000": 5928, "exact_110000": 42.7800269905533, "f1_110000": 55.86357230561627, "total_110000": 5928, "HasAns_exact_110000": 42.7800269905533, "HasAns_f1_110000": 55.86357230561627, "HasAns_total_110000": 5928, "exact_112000": 42.66194331983806, "f1_112000": 55.722525349976124, "total_112000": 5928, "HasAns_exact_112000": 42.66194331983806, "HasAns_f1_112000": 55.722525349976124, "HasAns_total_112000": 5928, "exact_114000": 42.7800269905533, "f1_114000": 56.06922248356406, "total_114000": 5928, "HasAns_exact_114000": 42.7800269905533, "HasAns_f1_114000": 56.06922248356406, "HasAns_total_114000": 5928, "exact_116000": 42.42577597840756, "f1_116000": 55.96129990356783, "total_116000": 5928, "HasAns_exact_116000": 42.42577597840756, "HasAns_f1_116000": 55.96129990356783, "HasAns_total_116000": 5928, "exact_118000": 42.27395411605938, "f1_118000": 55.53193646642941, "total_118000": 5928, "HasAns_exact_118000": 42.27395411605938, "HasAns_f1_118000": 55.53193646642941, "HasAns_total_118000": 5928, "exact_12000": 38.782051282051285, "f1_12000": 49.66572509432627, "total_12000": 5928, "HasAns_exact_12000": 38.782051282051285, "HasAns_f1_12000": 49.66572509432627, "HasAns_total_12000": 5928, "exact_120000": 42.13900134952767, "f1_120000": 55.307856882050416, "total_120000": 5928, "HasAns_exact_120000": 42.13900134952767, "HasAns_f1_120000": 55.307856882050416, "HasAns_total_120000": 5928, "exact_122000": 42.54385964912281, "f1_122000": 56.04142217587254, "total_122000": 5928, "HasAns_exact_122000": 42.54385964912281, "HasAns_f1_122000": 56.04142217587254, "HasAns_total_122000": 5928, "exact_124000": 42.40890688259109, "f1_124000": 55.737389445241696, "total_124000": 5928, "HasAns_exact_124000": 42.40890688259109, "HasAns_f1_124000": 55.737389445241696, "HasAns_total_124000": 5928, "exact_126000": 42.40890688259109, "f1_126000": 55.752350375060225, "total_126000": 5928, "HasAns_exact_126000": 42.40890688259109, "HasAns_f1_126000": 55.752350375060225, "HasAns_total_126000": 5928, "exact_128000": 42.91497975708502, "f1_128000": 56.19974572924139, "total_128000": 5928, "HasAns_exact_128000": 42.91497975708502, "HasAns_f1_128000": 56.19974572924139, "HasAns_total_128000": 5928, "exact_130000": 42.39203778677463, "f1_130000": 56.09591919016865, "total_130000": 5928, "HasAns_exact_130000": 42.39203778677463, "HasAns_f1_130000": 56.09591919016865, "HasAns_total_130000": 5928, "exact_132000": 42.459514170040485, "f1_132000": 55.71397566876763, "total_132000": 5928, "HasAns_exact_132000": 42.459514170040485, "HasAns_f1_132000": 55.71397566876763, "HasAns_total_132000": 5928, "exact_134000": 42.67881241565452, "f1_134000": 55.90137076001264, "total_134000": 5928, "HasAns_exact_134000": 42.67881241565452, "HasAns_f1_134000": 55.90137076001264, "HasAns_total_134000": 5928, "exact_136000": 43.04993252361673, "f1_136000": 56.51017721043391, "total_136000": 5928, "HasAns_exact_136000": 43.04993252361673, "HasAns_f1_136000": 56.51017721043391, "HasAns_total_136000": 5928, "exact_138000": 42.290823211875846, "f1_138000": 55.77379370663524, "total_138000": 5928, "HasAns_exact_138000": 42.290823211875846, "HasAns_f1_138000": 55.77379370663524, "HasAns_total_138000": 5928, "exact_14000": 41.093117408906885, "f1_14000": 52.43858484348977, "total_14000": 5928, "HasAns_exact_14000": 41.093117408906885, "HasAns_f1_14000": 52.43858484348977, "HasAns_total_14000": 5928, "exact_140000": 43.04993252361673, "f1_140000": 56.3948680684741, "total_140000": 5928, "HasAns_exact_140000": 43.04993252361673, "HasAns_f1_140000": 56.3948680684741, "HasAns_total_140000": 5928, "exact_142000": 42.66194331983806, "f1_142000": 56.0226592436208, "total_142000": 5928, "HasAns_exact_142000": 42.66194331983806, "HasAns_f1_142000": 56.0226592436208, "HasAns_total_142000": 5928, "exact_144000": 42.746288798920375, "f1_144000": 56.002780428757106, "total_144000": 5928, "HasAns_exact_144000": 42.746288798920375, "HasAns_f1_144000": 56.002780428757106, "HasAns_total_144000": 5928, "exact_146000": 42.52699055330634, "f1_146000": 56.136521672672096, "total_146000": 5928, "HasAns_exact_146000": 42.52699055330634, "HasAns_f1_146000": 56.136521672672096, "HasAns_total_146000": 5928, "exact_148000": 42.71255060728745, "f1_148000": 56.214347041453166, "total_148000": 5928, "HasAns_exact_148000": 42.71255060728745, "HasAns_f1_148000": 56.214347041453166, "HasAns_total_148000": 5928, "exact_150000": 42.577597840755736, "f1_150000": 56.10271674279354, "total_150000": 5928, "HasAns_exact_150000": 42.577597840755736, "HasAns_f1_150000": 56.10271674279354, "HasAns_total_150000": 5928, "exact_152000": 42.91497975708502, "f1_152000": 56.49452961957865, "total_152000": 5928, "HasAns_exact_152000": 42.91497975708502, "HasAns_f1_152000": 56.49452961957865, "HasAns_total_152000": 5928, "exact_154000": 42.864372469635626, "f1_154000": 56.341301924895184, "total_154000": 5928, "HasAns_exact_154000": 42.864372469635626, "HasAns_f1_154000": 56.341301924895184, "HasAns_total_154000": 5928, "exact_156000": 42.39203778677463, "f1_156000": 55.88966033197317, "total_156000": 5928, "HasAns_exact_156000": 42.39203778677463, "HasAns_f1_156000": 55.88966033197317, "HasAns_total_156000": 5928, "exact_158000": 42.47638326585695, "f1_158000": 55.86041239796121, "total_158000": 5928, "HasAns_exact_158000": 42.47638326585695, "HasAns_f1_158000": 55.86041239796121, "HasAns_total_158000": 5928, "exact_16000": 41.228070175438596, "f1_16000": 53.01130950635023, "total_16000": 5928, "HasAns_exact_16000": 41.228070175438596, "HasAns_f1_16000": 53.01130950635023, "HasAns_total_16000": 5928, "exact_160000": 42.51012145748988, "f1_160000": 55.97914540680415, "total_160000": 5928, "HasAns_exact_160000": 42.51012145748988, "HasAns_f1_160000": 55.97914540680415, "HasAns_total_160000": 5928, "exact_18000": 40.688259109311744, "f1_18000": 52.31858909184537, "total_18000": 5928, "HasAns_exact_18000": 40.688259109311744, "HasAns_f1_18000": 52.31858909184537, "HasAns_total_18000": 5928, "exact_2000": 24.612010796221323, "f1_2000": 33.82062771691865, "total_2000": 5928, "HasAns_exact_2000": 24.612010796221323, "HasAns_f1_2000": 33.82062771691865, "HasAns_total_2000": 5928, "exact_20000": 41.85222672064777, "f1_20000": 53.72322779741114, "total_20000": 5928, "HasAns_exact_20000": 41.85222672064777, "HasAns_f1_20000": 53.72322779741114, "HasAns_total_20000": 5928, "exact_22000": 41.19433198380567, "f1_22000": 53.13320323424114, "total_22000": 5928, "HasAns_exact_22000": 41.19433198380567, "HasAns_f1_22000": 53.13320323424114, "HasAns_total_22000": 5928, "exact_24000": 42.223346828609984, "f1_24000": 54.29322766065046, "total_24000": 5928, "HasAns_exact_24000": 42.223346828609984, "HasAns_f1_24000": 54.29322766065046, "HasAns_total_24000": 5928, "exact_26000": 42.15587044534413,