{"exact_10000": 39.40620782726046, "f1_10000": 50.829114151997985, "total_10000": 5928, "HasAns_exact_10000": 39.40620782726046, "HasAns_f1_10000": 50.829114151997985, "HasAns_total_10000": 5928, "exact_100000": 50.80971659919028, "f1_100000": 63.20201330666243, "total_100000": 5928, "HasAns_exact_100000": 50.80971659919028, "HasAns_f1_100000": 63.20201330666243, "HasAns_total_100000": 5928, "exact_102000": 50.624156545209175, "f1_102000": 63.18309937517452, "total_102000": 5928, "HasAns_exact_102000": 50.624156545209175, "HasAns_f1_102000": 63.18309937517452, "HasAns_total_102000": 5928, "exact_104000": 51.43387314439946, "f1_104000": 63.38191052258143, "total_104000": 5928, "HasAns_exact_104000": 51.43387314439946, "HasAns_f1_104000": 63.38191052258143, "HasAns_total_104000": 5928, "exact_106000": 51.130229419703106, "f1_106000": 62.96121735650929, "total_106000": 5928, "HasAns_exact_106000": 51.130229419703106, "HasAns_f1_106000": 62.96121735650929, "HasAns_total_106000": 5928, "exact_108000": 50.506072874493924, "f1_108000": 62.9221329553805, "total_108000": 5928, "HasAns_exact_108000": 50.506072874493924, "HasAns_f1_108000": 62.9221329553805, "HasAns_total_108000": 5928, "exact_110000": 50.97840755735493, "f1_110000": 63.096527333350394, "total_110000": 5928, "HasAns_exact_110000": 50.97840755735493, "HasAns_f1_110000": 63.096527333350394, "HasAns_total_110000": 5928, "exact_112000": 51.40013495276653, "f1_112000": 63.3897574085698, "total_112000": 5928, "HasAns_exact_112000": 51.40013495276653, "HasAns_f1_112000": 63.3897574085698, "HasAns_total_112000": 5928, "exact_114000": 51.417004048582996, "f1_114000": 63.54898164817897, "total_114000": 5928, "HasAns_exact_114000": 51.417004048582996, "HasAns_f1_114000": 63.54898164817897, "HasAns_total_114000": 5928, "exact_116000": 51.48448043184885, "f1_116000": 63.58437038393705, "total_116000": 5928, "HasAns_exact_116000": 51.48448043184885, "HasAns_f1_116000": 63.58437038393705, "HasAns_total_116000": 5928, "exact_118000": 51.34952766531714, "f1_118000": 63.318630998637225, "total_118000": 5928, "HasAns_exact_118000": 51.34952766531714, "HasAns_f1_118000": 63.318630998637225, "HasAns_total_118000": 5928, "exact_12000": 40.06410256410256, "f1_12000": 52.092454575116086, "total_12000": 5928, "HasAns_exact_12000": 40.06410256410256, "HasAns_f1_12000": 52.092454575116086, "HasAns_total_12000": 5928, "exact_120000": 50.7085020242915, "f1_120000": 63.08006237539816, "total_120000": 5928, "HasAns_exact_120000": 50.7085020242915, "HasAns_f1_120000": 63.08006237539816, "HasAns_total_120000": 5928, "exact_122000": 50.455465587044536, "f1_122000": 62.94122147797265, "total_122000": 5928, "HasAns_exact_122000": 50.455465587044536, "HasAns_f1_122000": 62.94122147797265, "HasAns_total_122000": 5928, "exact_124000": 50.52294197031039, "f1_124000": 62.8865878254939, "total_124000": 5928, "HasAns_exact_124000": 50.52294197031039, "HasAns_f1_124000": 62.8865878254939, "HasAns_total_124000": 5928, "exact_126000": 50.42172739541161, "f1_126000": 62.856444679238855, "total_126000": 5928, "HasAns_exact_126000": 50.42172739541161, "HasAns_f1_126000": 62.856444679238855, "HasAns_total_126000": 5928, "exact_128000": 50.6578947368421, "f1_128000": 63.088367504858944, "total_128000": 5928, "HasAns_exact_128000": 50.6578947368421, "HasAns_f1_128000": 63.088367504858944, "HasAns_total_128000": 5928, "exact_130000": 50.742240215924426, "f1_130000": 63.270301680073494, "total_130000": 5928, "HasAns_exact_130000": 50.742240215924426, "HasAns_f1_130000": 63.270301680073494, "HasAns_total_130000": 5928, "exact_132000": 50.64102564102564, "f1_132000": 63.27935388972172, "total_132000": 5928, "HasAns_exact_132000": 50.64102564102564, "HasAns_f1_132000": 63.27935388972172, "HasAns_total_132000": 5928, "exact_134000": 50.84345479082321, "f1_134000": 63.17325573423465, "total_134000": 5928, "HasAns_exact_134000": 50.84345479082321, "HasAns_f1_134000": 63.17325573423465, "HasAns_total_134000": 5928, "exact_136000": 51.19770580296896, "f1_136000": 63.5317034739295, "total_136000": 5928, "HasAns_exact_136000": 51.19770580296896, "HasAns_f1_136000": 63.5317034739295, "HasAns_total_136000": 5928, "exact_138000": 50.84345479082321, "f1_138000": 63.34228948068628, "total_138000": 5928, "HasAns_exact_138000": 50.84345479082321, "HasAns_f1_138000": 63.34228948068628, "HasAns_total_138000": 5928, "exact_14000": 41.44736842105263, "f1_14000": 52.72899125735493, "total_14000": 5928, "HasAns_exact_14000": 41.44736842105263, "HasAns_f1_14000": 52.72899125735493, "HasAns_total_14000": 5928, "exact_140000": 50.84345479082321, "f1_140000": 63.178365961278686, "total_140000": 5928, "HasAns_exact_140000": 50.84345479082321, "HasAns_f1_140000": 63.178365961278686, "HasAns_total_140000": 5928, "exact_142000": 50.506072874493924, "f1_142000": 63.3008265714979, "total_142000": 5928, "HasAns_exact_142000": 50.506072874493924, "HasAns_f1_142000": 63.3008265714979, "HasAns_total_142000": 5928, "exact_144000": 50.97840755735493, "f1_144000": 63.418152230758295, "total_144000": 5928, "HasAns_exact_144000": 50.97840755735493, "HasAns_f1_144000": 63.418152230758295, "HasAns_total_144000": 5928, "exact_146000": 50.87719298245614, "f1_146000": 63.40014692282537, "total_146000": 5928, "HasAns_exact_146000": 50.87719298245614, "HasAns_f1_146000": 63.40014692282537, "HasAns_total_146000": 5928, "exact_148000": 50.92780026990553, "f1_148000": 63.4037406925652, "total_148000": 5928, "HasAns_exact_148000": 50.92780026990553, "HasAns_f1_148000": 63.4037406925652, "HasAns_total_148000": 5928, "exact_150000": 50.55668016194332, "f1_150000": 63.004289503142346, "total_150000": 5928, "HasAns_exact_150000": 50.55668016194332, "HasAns_f1_150000": 63.004289503142346, "HasAns_total_150000": 5928, "exact_152000": 50.67476383265857, "f1_152000": 63.02721377373001, "total_152000": 5928, "HasAns_exact_152000": 50.67476383265857, "HasAns_f1_152000": 63.02721377373001, "HasAns_total_152000": 5928, "exact_154000": 50.725371120107965, "f1_154000": 63.10712200398184, "total_154000": 5928, "HasAns_exact_154000": 50.725371120107965, "HasAns_f1_154000": 63.10712200398184, "HasAns_total_154000": 5928, "exact_156000": 50.59041835357625, "f1_156000": 63.128561091803675, "total_156000": 5928, "HasAns_exact_156000": 50.59041835357625, "HasAns_f1_156000": 63.128561091803675, "HasAns_total_156000": 5928, "exact_158000": 50.30364372469636, "f1_158000": 62.913508264224596, "total_158000": 5928, "HasAns_exact_158000": 50.30364372469636, "HasAns_f1_158000": 62.913508264224596, "HasAns_total_158000": 5928, "exact_16000": 42.64507422402159, "f1_16000": 54.32710383513592, "total_16000": 5928, "HasAns_exact_16000": 42.64507422402159, "HasAns_f1_16000": 54.32710383513592, "HasAns_total_16000": 5928, "exact_160000": 50.43859649122807, "f1_160000": 63.051931716677906, "total_160000": 5928, "HasAns_exact_160000": 50.43859649122807, "HasAns_f1_160000": 63.051931716677906, "HasAns_total_160000": 5928, "exact_18000": 43.825910931174086, "f1_18000": 55.45961115228545, "total_18000": 5928, "HasAns_exact_18000": 43.825910931174086, "HasAns_f1_18000": 55.45961115228545, "HasAns_total_18000": 5928, "exact_2000": 24.342105263157894, "f1_2000": 34.98207643412124, "total_2000": 5928, "HasAns_exact_2000": 24.342105263157894, "HasAns_f1_2000": 34.98207643412124, "HasAns_total_2000": 5928, "exact_20000": 44.46693657219973, "f1_20000": 56.45871611953456, "total_20000": 5928, "HasAns_exact_20000": 44.46693657219973, "HasAns_f1_20000": 56.45871611953456, "HasAns_total_20000": 5928, "exact_22000": 45.597165991902834, "f1_22000": 56.695820983515105, "total_22000": 5928, "HasAns_exact_22000": 45.597165991902834, "HasAns_f1_22000": 56.695820983515105, "HasAns_total_22000": 5928, "exact_24000": 46.3225371120108, "f1_24000": 58.14370699629715, "total_24000": 5928, "HasAns_exact_24000": 46.3225371120108, "HasAns_f1_24000": 58.14370699629715, "HasAns_total_24000": 5928, "exact_26000": 46.49122807017544, "f1_26000": 58.06403980997252,