{"exact_10000": 56.132075471698116, "f1_10000": 69.41062425440636, "total_10000": 4028, "HasAns_exact_10000": 56.132075471698116, "HasAns_f1_10000": 69.41062425440636, "HasAns_total_10000": 4028, "exact_100000": 62.58689175769613, "f1_100000": 74.42580478690506, "total_100000": 4028, "HasAns_exact_100000": 62.58689175769613, "HasAns_f1_100000": 74.42580478690506, "HasAns_total_100000": 4028, "exact_102000": 62.41310824230387, "f1_102000": 74.65988762736907, "total_102000": 4028, "HasAns_exact_102000": 62.41310824230387, "HasAns_f1_102000": 74.65988762736907, "HasAns_total_102000": 4028, "exact_104000": 61.941410129096326, "f1_104000": 74.08342893037825, "total_104000": 4028, "HasAns_exact_104000": 61.941410129096326, "HasAns_f1_104000": 74.08342893037825, "HasAns_total_104000": 4028, "exact_106000": 62.388282025819265, "f1_106000": 74.51243233791503, "total_106000": 4028, "HasAns_exact_106000": 62.388282025819265, "HasAns_f1_106000": 74.51243233791503, "HasAns_total_106000": 4028, "exact_108000": 62.43793445878848, "f1_108000": 74.5048925275674, "total_108000": 4028, "HasAns_exact_108000": 62.43793445878848, "HasAns_f1_108000": 74.5048925275674, "HasAns_total_108000": 4028, "exact_110000": 62.23932472691162, "f1_110000": 74.26496414204787, "total_110000": 4028, "HasAns_exact_110000": 62.23932472691162, "HasAns_f1_110000": 74.26496414204787, "HasAns_total_110000": 4028, "exact_112000": 62.66137040714995, "f1_112000": 74.59849534245166, "total_112000": 4028, "HasAns_exact_112000": 62.66137040714995, "HasAns_f1_112000": 74.59849534245166, "HasAns_total_112000": 4028, "exact_114000": 61.767626613704074, "f1_114000": 74.33605569433318, "total_114000": 4028, "HasAns_exact_114000": 61.767626613704074, "HasAns_f1_114000": 74.33605569433318, "HasAns_total_114000": 4028, "exact_116000": 62.21449851042701, "f1_116000": 74.43625902654766, "total_116000": 4028, "HasAns_exact_116000": 62.21449851042701, "HasAns_f1_116000": 74.43625902654766, "HasAns_total_116000": 4028, "exact_118000": 62.487586891757694, "f1_118000": 74.75599020291376, "total_118000": 4028, "HasAns_exact_118000": 62.487586891757694, "HasAns_f1_118000": 74.75599020291376, "HasAns_total_118000": 4028, "exact_12000": 57.47269116186693, "f1_12000": 70.31629766429877, "total_12000": 4028, "HasAns_exact_12000": 57.47269116186693, "HasAns_f1_12000": 70.31629766429877, "HasAns_total_12000": 4028, "exact_120000": 61.941410129096326, "f1_120000": 74.3507998531723, "total_120000": 4028, "HasAns_exact_120000": 61.941410129096326, "HasAns_f1_120000": 74.3507998531723, "HasAns_total_120000": 4028, "exact_122000": 62.36345580933466, "f1_122000": 74.55043145103627, "total_122000": 4028, "HasAns_exact_122000": 62.36345580933466, "HasAns_f1_122000": 74.55043145103627, "HasAns_total_122000": 4028, "exact_124000": 62.78550148957299, "f1_124000": 74.92808984434623, "total_124000": 4028, "HasAns_exact_124000": 62.78550148957299, "HasAns_f1_124000": 74.92808984434623, "HasAns_total_124000": 4028, "exact_126000": 62.66137040714995, "f1_126000": 74.7569532157455, "total_126000": 4028, "HasAns_exact_126000": 62.66137040714995, "HasAns_f1_126000": 74.7569532157455, "HasAns_total_126000": 4028, "exact_128000": 62.31380337636544, "f1_128000": 74.66512121930592, "total_128000": 4028, "HasAns_exact_128000": 62.31380337636544, "HasAns_f1_128000": 74.66512121930592, "HasAns_total_128000": 4028, "exact_130000": 62.43793445878848, "f1_130000": 74.66878084223693, "total_130000": 4028, "HasAns_exact_130000": 62.43793445878848, "HasAns_f1_130000": 74.66878084223693, "HasAns_total_130000": 4028, "exact_132000": 62.1896722939424, "f1_132000": 74.46335496618858, "total_132000": 4028, "HasAns_exact_132000": 62.1896722939424, "HasAns_f1_132000": 74.46335496618858, "HasAns_total_132000": 4028, "exact_134000": 62.31380337636544, "f1_134000": 74.47986539785775, "total_134000": 4028, "HasAns_exact_134000": 62.31380337636544, "HasAns_f1_134000": 74.47986539785775, "HasAns_total_134000": 4028, "exact_136000": 62.512413108242306, "f1_136000": 74.66823344551287, "total_136000": 4028, "HasAns_exact_136000": 62.512413108242306, "HasAns_f1_136000": 74.66823344551287, "HasAns_total_136000": 4028, "exact_138000": 62.43793445878848, "f1_138000": 74.61031104445793, "total_138000": 4028, "HasAns_exact_138000": 62.43793445878848, "HasAns_f1_138000": 74.61031104445793, "HasAns_total_138000": 4028, "exact_14000": 57.57199602780536, "f1_14000": 70.14736266505541, "total_14000": 4028, "HasAns_exact_14000": 57.57199602780536, "HasAns_f1_14000": 70.14736266505541, "HasAns_total_14000": 4028, "exact_140000": 62.28897715988084, "f1_140000": 74.38540683329886, "total_140000": 4028, "HasAns_exact_140000": 62.28897715988084, "HasAns_f1_140000": 74.38540683329886, "HasAns_total_140000": 4028, "exact_142000": 62.56206554121152, "f1_142000": 74.69990585369483, "total_142000": 4028, "HasAns_exact_142000": 62.56206554121152, "HasAns_f1_142000": 74.69990585369483, "HasAns_total_142000": 4028, "exact_144000": 62.46276067527309, "f1_144000": 74.7371077363474, "total_144000": 4028, "HasAns_exact_144000": 62.46276067527309, "HasAns_f1_144000": 74.7371077363474, "HasAns_total_144000": 4028, "exact_146000": 62.33862959285005, "f1_146000": 74.68351313402304, "total_146000": 4028, "HasAns_exact_146000": 62.33862959285005, "HasAns_f1_146000": 74.68351313402304, "HasAns_total_146000": 4028, "exact_148000": 62.41310824230387, "f1_148000": 74.52955511790505, "total_148000": 4028, "HasAns_exact_148000": 62.41310824230387, "HasAns_f1_148000": 74.52955511790505, "HasAns_total_148000": 4028, "exact_150000": 62.53723932472691, "f1_150000": 74.74277362132634, "total_150000": 4028, "HasAns_exact_150000": 62.53723932472691, "HasAns_f1_150000": 74.74277362132634, "HasAns_total_150000": 4028, "exact_152000": 62.46276067527309, "f1_152000": 74.7890981542228, "total_152000": 4028, "HasAns_exact_152000": 62.46276067527309, "HasAns_f1_152000": 74.7890981542228, "HasAns_total_152000": 4028, "exact_154000": 62.53723932472691, "f1_154000": 74.72014548720081, "total_154000": 4028, "HasAns_exact_154000": 62.53723932472691, "HasAns_f1_154000": 74.72014548720081, "HasAns_total_154000": 4028, "exact_156000": 62.56206554121152, "f1_156000": 74.74299439679181, "total_156000": 4028, "HasAns_exact_156000": 62.56206554121152, "HasAns_f1_156000": 74.74299439679181, "HasAns_total_156000": 4028, "exact_158000": 62.58689175769613, "f1_158000": 74.76044563074878, "total_158000": 4028, "HasAns_exact_158000": 62.58689175769613, "HasAns_f1_158000": 74.76044563074878, "HasAns_total_158000": 4028, "exact_16000": 58.0188679245283, "f1_16000": 70.58388229748336, "total_16000": 4028, "HasAns_exact_16000": 58.0188679245283, "HasAns_f1_16000": 70.58388229748336, "HasAns_total_16000": 4028, "exact_160000": 62.53723932472691, "f1_160000": 74.73823272153896, "total_160000": 4028, "HasAns_exact_160000": 62.53723932472691, "HasAns_f1_160000": 74.73823272153896, "HasAns_total_160000": 4028, "exact_18000": 58.61469712015889, "f1_18000": 70.95239314996196, "total_18000": 4028, "HasAns_exact_18000": 58.61469712015889, "HasAns_f1_18000": 70.95239314996196, "HasAns_total_18000": 4028, "exact_2000": 48.609731876861964, "f1_2000": 61.80667327462994, "total_2000": 4028, "HasAns_exact_2000": 48.609731876861964, "HasAns_f1_2000": 61.80667327462994, "HasAns_total_2000": 4028, "exact_20000": 59.18570009930487, "f1_20000": 71.78660418129022, "total_20000": 4028, "HasAns_exact_20000": 59.18570009930487, "HasAns_f1_20000": 71.78660418129022, "HasAns_total_20000": 4028, "exact_22000": 60.15392254220457, "f1_22000": 72.54605569900619, "total_22000": 4028, "HasAns_exact_22000": 60.15392254220457, "HasAns_f1_22000": 72.54605569900619, "HasAns_total_22000": 4028, "exact_24000": 60.35253227408143, "f1_24000": 72.87761606758613, "total_24000": 4028, "HasAns_exact_24000": 60.35253227408143, "HasAns_f1_24000": 72.87761606758613, "HasAns_total_24000": 4028, "exact_26000": 60.05461767626614, "f1_26000": 72.56991862480604, "total_26000": 4028,