{"exact_10000": 75.94134342478714, "f1_10000": 84.28647622702212, "total_10000": 10570, "HasAns_exact_10000": 75.94134342478714, "HasAns_f1_10000": 84.28647622702212, "HasAns_total_10000": 10570, "exact_100000": 81.07852412488174, "f1_100000": 88.57715668098297, "total_100000": 10570, "HasAns_exact_100000": 81.07852412488174, "HasAns_f1_100000": 88.57715668098297, "HasAns_total_100000": 10570, "exact_102000": 81.37180700094608, "f1_102000": 88.62090561490822, "total_102000": 10570, "HasAns_exact_102000": 81.37180700094608, "HasAns_f1_102000": 88.62090561490822, "HasAns_total_102000": 10570, "exact_104000": 81.70293282876064, "f1_104000": 88.72889600752364, "total_104000": 10570, "HasAns_exact_104000": 81.70293282876064, "HasAns_f1_104000": 88.72889600752364, "HasAns_total_104000": 10570, "exact_106000": 81.17313150425733, "f1_106000": 88.52182924394369, "total_106000": 10570, "HasAns_exact_106000": 81.17313150425733, "HasAns_f1_106000": 88.52182924394369, "HasAns_total_106000": 10570, "exact_108000": 81.35288552507096, "f1_108000": 88.6138266510157, "total_108000": 10570, "HasAns_exact_108000": 81.35288552507096, "HasAns_f1_108000": 88.6138266510157, "HasAns_total_108000": 10570, "exact_110000": 81.51371807000946, "f1_110000": 88.53580783752459, "total_110000": 10570, "HasAns_exact_110000": 81.51371807000946, "HasAns_f1_110000": 88.53580783752459, "HasAns_total_110000": 10570, "exact_112000": 81.36234626300852, "f1_112000": 88.57511729404989, "total_112000": 10570, "HasAns_exact_112000": 81.36234626300852, "HasAns_f1_112000": 88.57511729404989, "HasAns_total_112000": 10570, "exact_114000": 81.43803216650899, "f1_114000": 88.58446857918176, "total_114000": 10570, "HasAns_exact_114000": 81.43803216650899, "HasAns_f1_114000": 88.58446857918176, "HasAns_total_114000": 10570, "exact_116000": 81.49479659413434, "f1_116000": 88.81144114013689, "total_116000": 10570, "HasAns_exact_116000": 81.49479659413434, "HasAns_f1_116000": 88.81144114013689, "HasAns_total_116000": 10570, "exact_118000": 81.03122043519394, "f1_118000": 88.56113194109255, "total_118000": 10570, "HasAns_exact_118000": 81.03122043519394, "HasAns_f1_118000": 88.56113194109255, "HasAns_total_118000": 10570, "exact_12000": 76.56575212866603, "f1_12000": 85.19659724227203, "total_12000": 10570, "HasAns_exact_12000": 76.56575212866603, "HasAns_f1_12000": 85.19659724227203, "HasAns_total_12000": 10570, "exact_120000": 81.09744560075686, "f1_120000": 88.52312602063478, "total_120000": 10570, "HasAns_exact_120000": 81.09744560075686, "HasAns_f1_120000": 88.52312602063478, "HasAns_total_120000": 10570, "exact_122000": 81.2961210974456, "f1_122000": 88.63066484553623, "total_122000": 10570, "HasAns_exact_122000": 81.2961210974456, "HasAns_f1_122000": 88.63066484553623, "HasAns_total_122000": 10570, "exact_124000": 81.47587511825922, "f1_124000": 88.67147597585239, "total_124000": 10570, "HasAns_exact_124000": 81.47587511825922, "HasAns_f1_124000": 88.67147597585239, "HasAns_total_124000": 10570, "exact_126000": 81.19205298013244, "f1_126000": 88.58362299413947, "total_126000": 10570, "HasAns_exact_126000": 81.19205298013244, "HasAns_f1_126000": 88.58362299413947, "HasAns_total_126000": 10570, "exact_128000": 81.02175969725639, "f1_128000": 88.51374992346877, "total_128000": 10570, "HasAns_exact_128000": 81.02175969725639, "HasAns_f1_128000": 88.51374992346877, "HasAns_total_128000": 10570, "exact_130000": 80.98391674550615, "f1_130000": 88.4989087128595, "total_130000": 10570, "HasAns_exact_130000": 80.98391674550615, "HasAns_f1_130000": 88.4989087128595, "HasAns_total_130000": 10570, "exact_132000": 81.22989593188268, "f1_132000": 88.65865999036728, "total_132000": 10570, "HasAns_exact_132000": 81.22989593188268, "HasAns_f1_132000": 88.65865999036728, "HasAns_total_132000": 10570, "exact_134000": 81.5042573320719, "f1_134000": 88.74329659373747, "total_134000": 10570, "HasAns_exact_134000": 81.5042573320719, "HasAns_f1_134000": 88.74329659373747, "HasAns_total_134000": 10570, "exact_136000": 81.31504257332072, "f1_136000": 88.53251094312219, "total_136000": 10570, "HasAns_exact_136000": 81.31504257332072, "HasAns_f1_136000": 88.53251094312219, "HasAns_total_136000": 10570, "exact_138000": 81.14474929044465, "f1_138000": 88.50381272357514, "total_138000": 10570, "HasAns_exact_138000": 81.14474929044465, "HasAns_f1_138000": 88.50381272357514, "HasAns_total_138000": 10570, "exact_14000": 77.42667928098392, "f1_14000": 85.398994607253, "total_14000": 10570, "HasAns_exact_14000": 77.42667928098392, "HasAns_f1_14000": 85.398994607253, "HasAns_total_14000": 10570, "exact_140000": 81.11636707663197, "f1_140000": 88.54040712933818, "total_140000": 10570, "HasAns_exact_140000": 81.11636707663197, "HasAns_f1_140000": 88.54040712933818, "HasAns_total_140000": 10570, "exact_142000": 81.36234626300852, "f1_142000": 88.67815042894745, "total_142000": 10570, "HasAns_exact_142000": 81.36234626300852, "HasAns_f1_142000": 88.67815042894745, "HasAns_total_142000": 10570, "exact_144000": 81.33396404919584, "f1_144000": 88.62933483796536, "total_144000": 10570, "HasAns_exact_144000": 81.33396404919584, "HasAns_f1_144000": 88.62933483796536, "HasAns_total_144000": 10570, "exact_146000": 81.27719962157049, "f1_146000": 88.62779054603106, "total_146000": 10570, "HasAns_exact_146000": 81.27719962157049, "HasAns_f1_146000": 88.62779054603106, "HasAns_total_146000": 10570, "exact_148000": 81.31504257332072, "f1_148000": 88.67173870236269, "total_148000": 10570, "HasAns_exact_148000": 81.31504257332072, "HasAns_f1_148000": 88.67173870236269, "HasAns_total_148000": 10570, "exact_150000": 81.23935666982024, "f1_150000": 88.62320589272521, "total_150000": 10570, "HasAns_exact_150000": 81.23935666982024, "HasAns_f1_150000": 88.62320589272521, "HasAns_total_150000": 10570, "exact_152000": 81.40018921475875, "f1_152000": 88.69583083145521, "total_152000": 10570, "HasAns_exact_152000": 81.40018921475875, "HasAns_f1_152000": 88.69583083145521, "HasAns_total_152000": 10570, "exact_154000": 81.44749290444655, "f1_154000": 88.731500426846, "total_154000": 10570, "HasAns_exact_154000": 81.44749290444655, "HasAns_f1_154000": 88.731500426846, "HasAns_total_154000": 10570, "exact_156000": 81.33396404919584, "f1_156000": 88.64555430272993, "total_156000": 10570, "HasAns_exact_156000": 81.33396404919584, "HasAns_f1_156000": 88.64555430272993, "HasAns_total_156000": 10570, "exact_158000": 81.21097445600756, "f1_158000": 88.6117350396435, "total_158000": 10570, "HasAns_exact_158000": 81.21097445600756, "HasAns_f1_158000": 88.6117350396435, "HasAns_total_158000": 10570, "exact_16000": 78.64711447492904, "f1_16000": 86.38788273601908, "total_16000": 10570, "HasAns_exact_16000": 78.64711447492904, "HasAns_f1_16000": 86.38788273601908, "HasAns_total_16000": 10570, "exact_160000": 81.22043519394512, "f1_160000": 88.60508210062669, "total_160000": 10570, "HasAns_exact_160000": 81.22043519394512, "HasAns_f1_160000": 88.60508210062669, "HasAns_total_160000": 10570, "exact_18000": 78.79848628193, "f1_18000": 86.30884424355584, "total_18000": 10570, "HasAns_exact_18000": 78.79848628193, "HasAns_f1_18000": 86.30884424355584, "HasAns_total_18000": 10570, "exact_2000": 65.01419110690634, "f1_2000": 75.35821947213284, "total_2000": 10570, "HasAns_exact_2000": 65.01419110690634, "HasAns_f1_2000": 75.35821947213284, "HasAns_total_2000": 10570, "exact_20000": 78.77956480605488, "f1_20000": 86.54232170777972, "total_20000": 10570, "HasAns_exact_20000": 78.77956480605488, "HasAns_f1_20000": 86.54232170777972, "HasAns_total_20000": 10570, "exact_22000": 78.66603595080416, "f1_22000": 86.72140036070289, "total_22000": 10570, "HasAns_exact_22000": 78.66603595080416, "HasAns_f1_22000": 86.72140036070289, "HasAns_total_22000": 10570, "exact_24000": 79.3282876064333, "f1_24000": 86.99161190995082, "total_24000": 10570, "HasAns_exact_24000": 79.3282876064333, "HasAns_f1_24000": 86.99161190995082, "HasAns_total_24000": 10570, "exact_26000": 79.87701040681173,