{"exact_10000": 69.47019867549669, "f1_10000": 79.55909183464804, "total_10000": 10570, "HasAns_exact_10000": 69.47019867549669, "HasAns_f1_10000": 79.55909183464804, "HasAns_total_10000": 10570, "exact_100000": 78.59981078524125, "f1_100000": 86.50381801009488, "total_100000": 10570, "HasAns_exact_100000": 78.59981078524125, "HasAns_f1_100000": 86.50381801009488, "HasAns_total_100000": 10570, "exact_102000": 77.96594134342479, "f1_102000": 86.46078275018355, "total_102000": 10570, "HasAns_exact_102000": 77.96594134342479, "HasAns_f1_102000": 86.46078275018355, "HasAns_total_102000": 10570, "exact_104000": 78.1456953642384, "f1_104000": 86.45624820531432, "total_104000": 10570, "HasAns_exact_104000": 78.1456953642384, "HasAns_f1_104000": 86.45624820531432, "HasAns_total_104000": 10570, "exact_106000": 78.54304635761589, "f1_106000": 86.78395950963355, "total_106000": 10570, "HasAns_exact_106000": 78.54304635761589, "HasAns_f1_106000": 86.78395950963355, "HasAns_total_106000": 10570, "exact_108000": 78.94039735099338, "f1_108000": 86.78722697254172, "total_108000": 10570, "HasAns_exact_108000": 78.94039735099338, "HasAns_f1_108000": 86.78722697254172, "HasAns_total_108000": 10570, "exact_110000": 78.87417218543047, "f1_110000": 86.76942580412386, "total_110000": 10570, "HasAns_exact_110000": 78.87417218543047, "HasAns_f1_110000": 86.76942580412386, "HasAns_total_110000": 10570, "exact_112000": 78.87417218543047, "f1_112000": 86.715213427702, "total_112000": 10570, "HasAns_exact_112000": 78.87417218543047, "HasAns_f1_112000": 86.715213427702, "HasAns_total_112000": 10570, "exact_114000": 78.77956480605488, "f1_114000": 86.71533659151076, "total_114000": 10570, "HasAns_exact_114000": 78.77956480605488, "HasAns_f1_114000": 86.71533659151076, "HasAns_total_114000": 10570, "exact_116000": 79.25260170293284, "f1_116000": 86.85190551468396, "total_116000": 10570, "HasAns_exact_116000": 79.25260170293284, "HasAns_f1_116000": 86.85190551468396, "HasAns_total_116000": 10570, "exact_118000": 78.58088930936613, "f1_118000": 86.52823803262345, "total_118000": 10570, "HasAns_exact_118000": 78.58088930936613, "HasAns_f1_118000": 86.52823803262345, "HasAns_total_118000": 10570, "exact_12000": 72.65846736045411, "f1_12000": 81.8687955076953, "total_12000": 10570, "HasAns_exact_12000": 72.65846736045411, "HasAns_f1_12000": 81.8687955076953, "HasAns_total_12000": 10570, "exact_120000": 78.51466414380322, "f1_120000": 86.54833790959671, "total_120000": 10570, "HasAns_exact_120000": 78.51466414380322, "HasAns_f1_120000": 86.54833790959671, "HasAns_total_120000": 10570, "exact_122000": 78.87417218543047, "f1_122000": 86.86334759702547, "total_122000": 10570, "HasAns_exact_122000": 78.87417218543047, "HasAns_f1_122000": 86.86334759702547, "HasAns_total_122000": 10570, "exact_124000": 78.9120151371807, "f1_124000": 86.80491439977212, "total_124000": 10570, "HasAns_exact_124000": 78.9120151371807, "HasAns_f1_124000": 86.80491439977212, "HasAns_total_124000": 10570, "exact_126000": 79.0728476821192, "f1_126000": 86.89339967881465, "total_126000": 10570, "HasAns_exact_126000": 79.0728476821192, "HasAns_f1_126000": 86.89339967881465, "HasAns_total_126000": 10570, "exact_128000": 79.02554399243141, "f1_128000": 86.76630797491688, "total_128000": 10570, "HasAns_exact_128000": 79.02554399243141, "HasAns_f1_128000": 86.76630797491688, "HasAns_total_128000": 10570, "exact_130000": 78.57142857142857, "f1_130000": 86.5382870697082, "total_130000": 10570, "HasAns_exact_130000": 78.57142857142857, "HasAns_f1_130000": 86.5382870697082, "HasAns_total_130000": 10570, "exact_132000": 78.45789971617786, "f1_132000": 86.66147290169047, "total_132000": 10570, "HasAns_exact_132000": 78.45789971617786, "HasAns_f1_132000": 86.66147290169047, "HasAns_total_132000": 10570, "exact_134000": 78.67549668874172, "f1_134000": 86.67848259752564, "total_134000": 10570, "HasAns_exact_134000": 78.67549668874172, "HasAns_f1_134000": 86.67848259752564, "HasAns_total_134000": 10570, "exact_136000": 78.62819299905392, "f1_136000": 86.64410900692516, "total_136000": 10570, "HasAns_exact_136000": 78.62819299905392, "HasAns_f1_136000": 86.64410900692516, "HasAns_total_136000": 10570, "exact_138000": 78.80794701986756, "f1_138000": 86.76150611999017, "total_138000": 10570, "HasAns_exact_138000": 78.80794701986756, "HasAns_f1_138000": 86.76150611999017, "HasAns_total_138000": 10570, "exact_14000": 71.81646168401136, "f1_14000": 81.52759129685863, "total_14000": 10570, "HasAns_exact_14000": 71.81646168401136, "HasAns_f1_14000": 81.52759129685863, "HasAns_total_14000": 10570, "exact_140000": 78.59035004730369, "f1_140000": 86.53890601017065, "total_140000": 10570, "HasAns_exact_140000": 78.59035004730369, "HasAns_f1_140000": 86.53890601017065, "HasAns_total_140000": 10570, "exact_142000": 78.64711447492904, "f1_142000": 86.6358943145827, "total_142000": 10570, "HasAns_exact_142000": 78.64711447492904, "HasAns_f1_142000": 86.6358943145827, "HasAns_total_142000": 10570, "exact_144000": 78.77956480605488, "f1_144000": 86.65303973501567, "total_144000": 10570, "HasAns_exact_144000": 78.77956480605488, "HasAns_f1_144000": 86.65303973501567, "HasAns_total_144000": 10570, "exact_146000": 78.9120151371807, "f1_146000": 86.84781534168035, "total_146000": 10570, "HasAns_exact_146000": 78.9120151371807, "HasAns_f1_146000": 86.84781534168035, "HasAns_total_146000": 10570, "exact_148000": 78.93093661305582, "f1_148000": 86.77170703049833, "total_148000": 10570, "HasAns_exact_148000": 78.93093661305582, "HasAns_f1_148000": 86.77170703049833, "HasAns_total_148000": 10570, "exact_150000": 78.73226111636707, "f1_150000": 86.61338861795716, "total_150000": 10570, "HasAns_exact_150000": 78.73226111636707, "HasAns_f1_150000": 86.61338861795716, "HasAns_total_150000": 10570, "exact_152000": 78.66603595080416, "f1_152000": 86.6150839682862, "total_152000": 10570, "HasAns_exact_152000": 78.66603595080416, "HasAns_f1_152000": 86.6150839682862, "HasAns_total_152000": 10570, "exact_154000": 78.81740775780511, "f1_154000": 86.67895849551235, "total_154000": 10570, "HasAns_exact_154000": 78.81740775780511, "HasAns_f1_154000": 86.67895849551235, "HasAns_total_154000": 10570, "exact_156000": 78.77010406811732, "f1_156000": 86.73090316767231, "total_156000": 10570, "HasAns_exact_156000": 78.77010406811732, "HasAns_f1_156000": 86.73090316767231, "HasAns_total_156000": 10570, "exact_158000": 78.68495742667928, "f1_158000": 86.69887208826705, "total_158000": 10570, "HasAns_exact_158000": 78.68495742667928, "HasAns_f1_158000": 86.69887208826705, "HasAns_total_158000": 10570, "exact_16000": 72.72469252601702, "f1_16000": 82.46431836355055, "total_16000": 10570, "HasAns_exact_16000": 72.72469252601702, "HasAns_f1_16000": 82.46431836355055, "HasAns_total_16000": 10570, "exact_160000": 78.71333964049195, "f1_160000": 86.70745036344955, "total_160000": 10570, "HasAns_exact_160000": 78.71333964049195, "HasAns_f1_160000": 86.70745036344955, "HasAns_total_160000": 10570, "exact_18000": 74.03973509933775, "f1_18000": 82.82405906255495, "total_18000": 10570, "HasAns_exact_18000": 74.03973509933775, "HasAns_f1_18000": 82.82405906255495, "HasAns_total_18000": 10570, "exact_2000": 53.6802270577105, "f1_2000": 65.17640778121712, "total_2000": 10570, "HasAns_exact_2000": 53.6802270577105, "HasAns_f1_2000": 65.17640778121712, "HasAns_total_2000": 10570, "exact_20000": 75.66698202459791, "f1_20000": 84.25831079175606, "total_20000": 10570, "HasAns_exact_20000": 75.66698202459791, "HasAns_f1_20000": 84.25831079175606, "HasAns_total_20000": 10570, "exact_22000": 75.45884578997162, "f1_22000": 84.4711336954016, "total_22000": 10570, "HasAns_exact_22000": 75.45884578997162, "HasAns_f1_22000": 84.4711336954016, "HasAns_total_22000": 10570, "exact_24000": 77.47398297067171, "f1_24000": 85.55338975591192, "total_24000": 10570, "HasAns_exact_24000": 77.47398297067171, "HasAns_f1_24000": 85.55338975591192, "HasAns_total_24000": 10570, "exact_26000": 77.00094607379376,