{"exact_10000": 74.82497634815516, "f1_10000": 83.41478837492788, "total_10000": 10570, "HasAns_exact_10000": 74.82497634815516, "HasAns_f1_10000": 83.41478837492788, "HasAns_total_10000": 10570, "exact_100000": 82.4314096499527, "f1_100000": 89.36408635027276, "total_100000": 10570, "HasAns_exact_100000": 82.4314096499527, "HasAns_f1_100000": 89.36408635027276, "HasAns_total_100000": 10570, "exact_102000": 82.61116367076632, "f1_102000": 89.55374433231792, "total_102000": 10570, "HasAns_exact_102000": 82.61116367076632, "HasAns_f1_102000": 89.55374433231792, "HasAns_total_102000": 10570, "exact_104000": 82.3841059602649, "f1_104000": 89.27765449887318, "total_104000": 10570, "HasAns_exact_104000": 82.3841059602649, "HasAns_f1_104000": 89.27765449887318, "HasAns_total_104000": 10570, "exact_106000": 82.35572374645223, "f1_106000": 89.34393281724006, "total_106000": 10570, "HasAns_exact_106000": 82.35572374645223, "HasAns_f1_106000": 89.34393281724006, "HasAns_total_106000": 10570, "exact_108000": 82.1286660359508, "f1_108000": 89.17575197084864, "total_108000": 10570, "HasAns_exact_108000": 82.1286660359508, "HasAns_f1_108000": 89.17575197084864, "HasAns_total_108000": 10570, "exact_110000": 82.28003784295176, "f1_110000": 89.28503163351984, "total_110000": 10570, "HasAns_exact_110000": 82.28003784295176, "HasAns_f1_110000": 89.28503163351984, "HasAns_total_110000": 10570, "exact_112000": 82.37464522232735, "f1_112000": 89.36053582938096, "total_112000": 10570, "HasAns_exact_112000": 82.37464522232735, "HasAns_f1_112000": 89.36053582938096, "HasAns_total_112000": 10570, "exact_114000": 82.51655629139073, "f1_114000": 89.42295812582144, "total_114000": 10570, "HasAns_exact_114000": 82.51655629139073, "HasAns_f1_114000": 89.42295812582144, "HasAns_total_114000": 10570, "exact_116000": 82.68684957426679, "f1_116000": 89.39428014707792, "total_116000": 10570, "HasAns_exact_116000": 82.68684957426679, "HasAns_f1_116000": 89.39428014707792, "HasAns_total_116000": 10570, "exact_118000": 82.5922421948912, "f1_118000": 89.52033479989994, "total_118000": 10570, "HasAns_exact_118000": 82.5922421948912, "HasAns_f1_118000": 89.52033479989994, "HasAns_total_118000": 10570, "exact_12000": 74.78713339640493, "f1_12000": 84.07560460297555, "total_12000": 10570, "HasAns_exact_12000": 74.78713339640493, "HasAns_f1_12000": 84.07560460297555, "HasAns_total_12000": 10570, "exact_120000": 82.30842005676443, "f1_120000": 89.38812340077756, "total_120000": 10570, "HasAns_exact_120000": 82.30842005676443, "HasAns_f1_120000": 89.38812340077756, "HasAns_total_120000": 10570, "exact_122000": 82.42194891201514, "f1_122000": 89.3011889655875, "total_122000": 10570, "HasAns_exact_122000": 82.42194891201514, "HasAns_f1_122000": 89.3011889655875, "HasAns_total_122000": 10570, "exact_124000": 82.39356669820246, "f1_124000": 89.36280027099036, "total_124000": 10570, "HasAns_exact_124000": 82.39356669820246, "HasAns_f1_124000": 89.36280027099036, "HasAns_total_124000": 10570, "exact_126000": 82.2421948912015, "f1_126000": 89.36505992971155, "total_126000": 10570, "HasAns_exact_126000": 82.2421948912015, "HasAns_f1_126000": 89.36505992971155, "HasAns_total_126000": 10570, "exact_128000": 82.33680227057711, "f1_128000": 89.389564241136, "total_128000": 10570, "HasAns_exact_128000": 82.33680227057711, "HasAns_f1_128000": 89.389564241136, "HasAns_total_128000": 10570, "exact_130000": 82.13812677388836, "f1_130000": 89.35205910670317, "total_130000": 10570, "HasAns_exact_130000": 82.13812677388836, "HasAns_f1_130000": 89.35205910670317, "HasAns_total_130000": 10570, "exact_132000": 82.26111636707664, "f1_132000": 89.28322122621319, "total_132000": 10570, "HasAns_exact_132000": 82.26111636707664, "HasAns_f1_132000": 89.28322122621319, "HasAns_total_132000": 10570, "exact_134000": 82.53547776726585, "f1_134000": 89.42292956716159, "total_134000": 10570, "HasAns_exact_134000": 82.53547776726585, "HasAns_f1_134000": 89.42292956716159, "HasAns_total_134000": 10570, "exact_136000": 82.081362346263, "f1_136000": 89.24051576336521, "total_136000": 10570, "HasAns_exact_136000": 82.081362346263, "HasAns_f1_136000": 89.24051576336521, "HasAns_total_136000": 10570, "exact_138000": 82.1286660359508, "f1_138000": 89.22779408613418, "total_138000": 10570, "HasAns_exact_138000": 82.1286660359508, "HasAns_f1_138000": 89.22779408613418, "HasAns_total_138000": 10570, "exact_14000": 76.35761589403974, "f1_14000": 84.76689673845479, "total_14000": 10570, "HasAns_exact_14000": 76.35761589403974, "HasAns_f1_14000": 84.76689673845479, "HasAns_total_14000": 10570, "exact_140000": 82.35572374645223, "f1_140000": 89.34556809754815, "total_140000": 10570, "HasAns_exact_140000": 82.35572374645223, "HasAns_f1_140000": 89.34556809754815, "HasAns_total_140000": 10570, "exact_142000": 82.31788079470199, "f1_142000": 89.32592650609739, "total_142000": 10570, "HasAns_exact_142000": 82.31788079470199, "HasAns_f1_142000": 89.32592650609739, "HasAns_total_142000": 10570, "exact_144000": 82.40302743614002, "f1_144000": 89.33065441201968, "total_144000": 10570, "HasAns_exact_144000": 82.40302743614002, "HasAns_f1_144000": 89.33065441201968, "HasAns_total_144000": 10570, "exact_146000": 82.35572374645223, "f1_146000": 89.36360746924856, "total_146000": 10570, "HasAns_exact_146000": 82.35572374645223, "HasAns_f1_146000": 89.36360746924856, "HasAns_total_146000": 10570, "exact_148000": 82.46925260170293, "f1_148000": 89.47889165039018, "total_148000": 10570, "HasAns_exact_148000": 82.46925260170293, "HasAns_f1_148000": 89.47889165039018, "HasAns_total_148000": 10570, "exact_150000": 82.33680227057711, "f1_150000": 89.40207892266126, "total_150000": 10570, "HasAns_exact_150000": 82.33680227057711, "HasAns_f1_150000": 89.40207892266126, "HasAns_total_150000": 10570, "exact_152000": 82.4314096499527, "f1_152000": 89.50510546806684, "total_152000": 10570, "HasAns_exact_152000": 82.4314096499527, "HasAns_f1_152000": 89.50510546806684, "HasAns_total_152000": 10570, "exact_154000": 82.49763481551561, "f1_154000": 89.50418224273416, "total_154000": 10570, "HasAns_exact_154000": 82.49763481551561, "HasAns_f1_154000": 89.50418224273416, "HasAns_total_154000": 10570, "exact_156000": 82.57332071901608, "f1_156000": 89.54244334648438, "total_156000": 10570, "HasAns_exact_156000": 82.57332071901608, "HasAns_f1_156000": 89.54244334648438, "HasAns_total_156000": 10570, "exact_158000": 82.52601702932829, "f1_158000": 89.479108206321, "total_158000": 10570, "HasAns_exact_158000": 82.52601702932829, "HasAns_f1_158000": 89.479108206321, "HasAns_total_158000": 10570, "exact_16000": 76.92526017029329, "f1_16000": 85.2763771933424, "total_16000": 10570, "HasAns_exact_16000": 76.92526017029329, "HasAns_f1_16000": 85.2763771933424, "HasAns_total_16000": 10570, "exact_160000": 82.5449385052034, "f1_160000": 89.49024257505887, "total_160000": 10570, "HasAns_exact_160000": 82.5449385052034, "HasAns_f1_160000": 89.49024257505887, "HasAns_total_160000": 10570, "exact_18000": 77.70104068117313, "f1_18000": 86.05452770479575, "total_18000": 10570, "HasAns_exact_18000": 77.70104068117313, "HasAns_f1_18000": 86.05452770479575, "HasAns_total_18000": 10570, "exact_2000": 65.01419110690634, "f1_2000": 75.37128587405307, "total_2000": 10570, "HasAns_exact_2000": 65.01419110690634, "HasAns_f1_2000": 75.37128587405307, "HasAns_total_2000": 10570, "exact_20000": 77.918637653737, "f1_20000": 86.13400461496315, "total_20000": 10570, "HasAns_exact_20000": 77.918637653737, "HasAns_f1_20000": 86.13400461496315, "HasAns_total_20000": 10570, "exact_22000": 78.62819299905392, "f1_22000": 86.62029853183569, "total_22000": 10570, "HasAns_exact_22000": 78.62819299905392, "HasAns_f1_22000": 86.62029853183569, "HasAns_total_22000": 10570, "exact_24000": 78.87417218543047, "f1_24000": 86.8374861535815, "total_24000": 10570, "HasAns_exact_24000": 78.87417218543047, "HasAns_f1_24000": 86.8374861535815, "HasAns_total_24000": 10570, "exact_26000": 78.86471144749291,