{"exact_10000": 68.9593188268685, "f1_10000": 79.3315452504379, "total_10000": 10570, "HasAns_exact_10000": 68.9593188268685, "HasAns_f1_10000": 79.3315452504379, "HasAns_total_10000": 10570, "exact_100000": 78.51466414380322, "f1_100000": 86.49777226697056, "total_100000": 10570, "HasAns_exact_100000": 78.51466414380322, "HasAns_f1_100000": 86.49777226697056, "HasAns_total_100000": 10570, "exact_102000": 78.35383159886472, "f1_102000": 86.50133759852628, "total_102000": 10570, "HasAns_exact_102000": 78.35383159886472, "HasAns_f1_102000": 86.50133759852628, "HasAns_total_102000": 10570, "exact_104000": 78.73226111636707, "f1_104000": 86.7277839117727, "total_104000": 10570, "HasAns_exact_104000": 78.73226111636707, "HasAns_f1_104000": 86.7277839117727, "HasAns_total_104000": 10570, "exact_106000": 78.24976348155155, "f1_106000": 86.578749695508, "total_106000": 10570, "HasAns_exact_106000": 78.24976348155155, "HasAns_f1_106000": 86.578749695508, "HasAns_total_106000": 10570, "exact_108000": 79.04446546830653, "f1_108000": 86.73559652929434, "total_108000": 10570, "HasAns_exact_108000": 79.04446546830653, "HasAns_f1_108000": 86.73559652929434, "HasAns_total_108000": 10570, "exact_110000": 78.45789971617786, "f1_110000": 86.60344993856337, "total_110000": 10570, "HasAns_exact_110000": 78.45789971617786, "HasAns_f1_110000": 86.60344993856337, "HasAns_total_110000": 10570, "exact_112000": 78.30652790917692, "f1_112000": 86.53300370024807, "total_112000": 10570, "HasAns_exact_112000": 78.30652790917692, "HasAns_f1_112000": 86.53300370024807, "HasAns_total_112000": 10570, "exact_114000": 78.36329233680227, "f1_114000": 86.5830768353943, "total_114000": 10570, "HasAns_exact_114000": 78.36329233680227, "HasAns_f1_114000": 86.5830768353943, "HasAns_total_114000": 10570, "exact_116000": 78.79848628193, "f1_116000": 86.66771532109051, "total_116000": 10570, "HasAns_exact_116000": 78.79848628193, "HasAns_f1_116000": 86.66771532109051, "HasAns_total_116000": 10570, "exact_118000": 78.40113528855251, "f1_118000": 86.5369254698086, "total_118000": 10570, "HasAns_exact_118000": 78.40113528855251, "HasAns_f1_118000": 86.5369254698086, "HasAns_total_118000": 10570, "exact_12000": 72.72469252601702, "f1_12000": 81.84483139624821, "total_12000": 10570, "HasAns_exact_12000": 72.72469252601702, "HasAns_f1_12000": 81.84483139624821, "HasAns_total_12000": 10570, "exact_120000": 78.39167455061495, "f1_120000": 86.67407471743797, "total_120000": 10570, "HasAns_exact_120000": 78.39167455061495, "HasAns_f1_120000": 86.67407471743797, "HasAns_total_120000": 10570, "exact_122000": 78.72280037842951, "f1_122000": 86.71271429949196, "total_122000": 10570, "HasAns_exact_122000": 78.72280037842951, "HasAns_f1_122000": 86.71271429949196, "HasAns_total_122000": 10570, "exact_124000": 78.46736045411542, "f1_124000": 86.54992383949764, "total_124000": 10570, "HasAns_exact_124000": 78.46736045411542, "HasAns_f1_124000": 86.54992383949764, "HasAns_total_124000": 10570, "exact_126000": 78.56196783349101, "f1_126000": 86.69208588770374, "total_126000": 10570, "HasAns_exact_126000": 78.56196783349101, "HasAns_f1_126000": 86.69208588770374, "HasAns_total_126000": 10570, "exact_128000": 78.77956480605488, "f1_128000": 86.84344434716938, "total_128000": 10570, "HasAns_exact_128000": 78.77956480605488, "HasAns_f1_128000": 86.84344434716938, "HasAns_total_128000": 10570, "exact_130000": 78.42005676442763, "f1_130000": 86.54599500994486, "total_130000": 10570, "HasAns_exact_130000": 78.42005676442763, "HasAns_f1_130000": 86.54599500994486, "HasAns_total_130000": 10570, "exact_132000": 78.3349101229896, "f1_132000": 86.57041162117609, "total_132000": 10570, "HasAns_exact_132000": 78.3349101229896, "HasAns_f1_132000": 86.57041162117609, "HasAns_total_132000": 10570, "exact_134000": 78.61873226111636, "f1_134000": 86.69373193421427, "total_134000": 10570, "HasAns_exact_134000": 78.61873226111636, "HasAns_f1_134000": 86.69373193421427, "HasAns_total_134000": 10570, "exact_136000": 78.67549668874172, "f1_136000": 86.77480477139495, "total_136000": 10570, "HasAns_exact_136000": 78.67549668874172, "HasAns_f1_136000": 86.77480477139495, "HasAns_total_136000": 10570, "exact_138000": 78.77010406811732, "f1_138000": 86.74185611314982, "total_138000": 10570, "HasAns_exact_138000": 78.77010406811732, "HasAns_f1_138000": 86.74185611314982, "HasAns_total_138000": 10570, "exact_14000": 73.06527909176916, "f1_14000": 81.93143070103106, "total_14000": 10570, "HasAns_exact_14000": 73.06527909176916, "HasAns_f1_14000": 81.93143070103106, "HasAns_total_14000": 10570, "exact_140000": 78.48628192999054, "f1_140000": 86.67113544850851, "total_140000": 10570, "HasAns_exact_140000": 78.48628192999054, "HasAns_f1_140000": 86.67113544850851, "HasAns_total_140000": 10570, "exact_142000": 78.64711447492904, "f1_142000": 86.69091439419041, "total_142000": 10570, "HasAns_exact_142000": 78.64711447492904, "HasAns_f1_142000": 86.69091439419041, "HasAns_total_142000": 10570, "exact_144000": 78.77956480605488, "f1_144000": 86.78731454001993, "total_144000": 10570, "HasAns_exact_144000": 78.77956480605488, "HasAns_f1_144000": 86.78731454001993, "HasAns_total_144000": 10570, "exact_146000": 78.6565752128666, "f1_146000": 86.78044484168281, "total_146000": 10570, "HasAns_exact_146000": 78.6565752128666, "HasAns_f1_146000": 86.78044484168281, "HasAns_total_146000": 10570, "exact_148000": 78.52412488174078, "f1_148000": 86.59371874251038, "total_148000": 10570, "HasAns_exact_148000": 78.52412488174078, "HasAns_f1_148000": 86.59371874251038, "HasAns_total_148000": 10570, "exact_150000": 78.4957426679281, "f1_150000": 86.59191195082359, "total_150000": 10570, "HasAns_exact_150000": 78.4957426679281, "HasAns_f1_150000": 86.59191195082359, "HasAns_total_150000": 10570, "exact_152000": 78.4484389782403, "f1_152000": 86.57687036070445, "total_152000": 10570, "HasAns_exact_152000": 78.4484389782403, "HasAns_f1_152000": 86.57687036070445, "HasAns_total_152000": 10570, "exact_154000": 78.58088930936613, "f1_154000": 86.63515351769725, "total_154000": 10570, "HasAns_exact_154000": 78.58088930936613, "HasAns_f1_154000": 86.63515351769725, "HasAns_total_154000": 10570, "exact_156000": 78.55250709555345, "f1_156000": 86.62090671483219, "total_156000": 10570, "HasAns_exact_156000": 78.55250709555345, "HasAns_f1_156000": 86.62090671483219, "HasAns_total_156000": 10570, "exact_158000": 78.4957426679281, "f1_158000": 86.56813292397314, "total_158000": 10570, "HasAns_exact_158000": 78.4957426679281, "HasAns_f1_158000": 86.56813292397314, "HasAns_total_158000": 10570, "exact_16000": 72.52601702932829, "f1_16000": 82.21642747375712, "total_16000": 10570, "HasAns_exact_16000": 72.52601702932829, "HasAns_f1_16000": 82.21642747375712, "HasAns_total_16000": 10570, "exact_160000": 78.53358561967833, "f1_160000": 86.55879306965, "total_160000": 10570, "HasAns_exact_160000": 78.53358561967833, "HasAns_f1_160000": 86.55879306965, "HasAns_total_160000": 10570, "exact_18000": 73.67076631977294, "f1_18000": 82.67509041212904, "total_18000": 10570, "HasAns_exact_18000": 73.67076631977294, "HasAns_f1_18000": 82.67509041212904, "HasAns_total_18000": 10570, "exact_2000": 49.3755912961211, "f1_2000": 61.89899012870349, "total_2000": 10570, "HasAns_exact_2000": 49.3755912961211, "HasAns_f1_2000": 61.89899012870349, "HasAns_total_2000": 10570, "exact_20000": 74.40870387890256, "f1_20000": 83.5706072565811, "total_20000": 10570, "HasAns_exact_20000": 74.40870387890256, "HasAns_f1_20000": 83.5706072565811, "HasAns_total_20000": 10570, "exact_22000": 75.1844843897824, "f1_22000": 84.37433898651064, "total_22000": 10570, "HasAns_exact_22000": 75.1844843897824, "HasAns_f1_22000": 84.37433898651064, "HasAns_total_22000": 10570, "exact_24000": 77.11447492904446, "f1_24000": 85.3469000846505, "total_24000": 10570, "HasAns_exact_24000": 77.11447492904446, "HasAns_f1_24000": 85.3469000846505, "HasAns_total_24000": 10570, "exact_26000": 76.43330179754021, "f1_26000": 85.0407578173279,