{"exact_10000": 75.29801324503312, "f1_10000": 83.79477645040089, "total_10000": 10570, "HasAns_exact_10000": 75.29801324503312, "HasAns_f1_10000": 83.79477645040089, "HasAns_total_10000": 10570, "exact_100000": 82.28003784295176, "f1_100000": 89.23952064080862, "total_100000": 10570, "HasAns_exact_100000": 82.28003784295176, "HasAns_f1_100000": 89.23952064080862, "HasAns_total_100000": 10570, "exact_102000": 82.63008514664143, "f1_102000": 89.499215508002, "total_102000": 10570, "HasAns_exact_102000": 82.63008514664143, "HasAns_f1_102000": 89.499215508002, "HasAns_total_102000": 10570, "exact_104000": 82.31788079470199, "f1_104000": 89.33232758636899, "total_104000": 10570, "HasAns_exact_104000": 82.31788079470199, "HasAns_f1_104000": 89.33232758636899, "HasAns_total_104000": 10570, "exact_106000": 82.45979186376537, "f1_106000": 89.55946494391448, "total_106000": 10570, "HasAns_exact_106000": 82.45979186376537, "HasAns_f1_106000": 89.55946494391448, "HasAns_total_106000": 10570, "exact_108000": 82.39356669820246, "f1_108000": 89.40552972230789, "total_108000": 10570, "HasAns_exact_108000": 82.39356669820246, "HasAns_f1_108000": 89.40552972230789, "HasAns_total_108000": 10570, "exact_110000": 82.41248817407758, "f1_110000": 89.46965853845809, "total_110000": 10570, "HasAns_exact_110000": 82.41248817407758, "HasAns_f1_110000": 89.46965853845809, "HasAns_total_110000": 10570, "exact_112000": 82.49763481551561, "f1_112000": 89.37635473615832, "total_112000": 10570, "HasAns_exact_112000": 82.49763481551561, "HasAns_f1_112000": 89.37635473615832, "HasAns_total_112000": 10570, "exact_114000": 82.5449385052034, "f1_114000": 89.41310934677537, "total_114000": 10570, "HasAns_exact_114000": 82.5449385052034, "HasAns_f1_114000": 89.41310934677537, "HasAns_total_114000": 10570, "exact_116000": 82.86660359508042, "f1_116000": 89.58385175275907, "total_116000": 10570, "HasAns_exact_116000": 82.86660359508042, "HasAns_f1_116000": 89.58385175275907, "HasAns_total_116000": 10570, "exact_118000": 82.76253547776727, "f1_118000": 89.61843598014028, "total_118000": 10570, "HasAns_exact_118000": 82.76253547776727, "HasAns_f1_118000": 89.61843598014028, "HasAns_total_118000": 10570, "exact_12000": 75.42100283822138, "f1_12000": 84.29834471909882, "total_12000": 10570, "HasAns_exact_12000": 75.42100283822138, "HasAns_f1_12000": 84.29834471909882, "HasAns_total_12000": 10570, "exact_120000": 82.61116367076632, "f1_120000": 89.5761244397636, "total_120000": 10570, "HasAns_exact_120000": 82.61116367076632, "HasAns_f1_120000": 89.5761244397636, "HasAns_total_120000": 10570, "exact_122000": 82.77199621570483, "f1_122000": 89.60957826614096, "total_122000": 10570, "HasAns_exact_122000": 82.77199621570483, "HasAns_f1_122000": 89.60957826614096, "HasAns_total_122000": 10570, "exact_124000": 82.29895931882687, "f1_124000": 89.42249679850124, "total_124000": 10570, "HasAns_exact_124000": 82.29895931882687, "HasAns_f1_124000": 89.42249679850124, "HasAns_total_124000": 10570, "exact_126000": 82.60170293282876, "f1_126000": 89.64133471008245, "total_126000": 10570, "HasAns_exact_126000": 82.60170293282876, "HasAns_f1_126000": 89.64133471008245, "HasAns_total_126000": 10570, "exact_128000": 82.35572374645223, "f1_128000": 89.46075435337939, "total_128000": 10570, "HasAns_exact_128000": 82.35572374645223, "HasAns_f1_128000": 89.46075435337939, "HasAns_total_128000": 10570, "exact_130000": 82.15704824976348, "f1_130000": 89.37466660887134, "total_130000": 10570, "HasAns_exact_130000": 82.15704824976348, "HasAns_f1_130000": 89.37466660887134, "HasAns_total_130000": 10570, "exact_132000": 82.55439924314096, "f1_132000": 89.5663704156201, "total_132000": 10570, "HasAns_exact_132000": 82.55439924314096, "HasAns_f1_132000": 89.5663704156201, "HasAns_total_132000": 10570, "exact_134000": 82.63008514664143, "f1_134000": 89.56053850239333, "total_134000": 10570, "HasAns_exact_134000": 82.63008514664143, "HasAns_f1_134000": 89.56053850239333, "HasAns_total_134000": 10570, "exact_136000": 82.39356669820246, "f1_136000": 89.46874086131906, "total_136000": 10570, "HasAns_exact_136000": 82.39356669820246, "HasAns_f1_136000": 89.46874086131906, "HasAns_total_136000": 10570, "exact_138000": 82.40302743614002, "f1_138000": 89.51712404636214, "total_138000": 10570, "HasAns_exact_138000": 82.40302743614002, "HasAns_f1_138000": 89.51712404636214, "HasAns_total_138000": 10570, "exact_14000": 76.32923368022706, "f1_14000": 84.85059173388106, "total_14000": 10570, "HasAns_exact_14000": 76.32923368022706, "HasAns_f1_14000": 84.85059173388106, "HasAns_total_14000": 10570, "exact_140000": 82.5449385052034, "f1_140000": 89.50771446426177, "total_140000": 10570, "HasAns_exact_140000": 82.5449385052034, "HasAns_f1_140000": 89.50771446426177, "HasAns_total_140000": 10570, "exact_142000": 82.5449385052034, "f1_142000": 89.53863107829419, "total_142000": 10570, "HasAns_exact_142000": 82.5449385052034, "HasAns_f1_142000": 89.53863107829419, "HasAns_total_142000": 10570, "exact_144000": 82.67738883632923, "f1_144000": 89.58756414874779, "total_144000": 10570, "HasAns_exact_144000": 82.67738883632923, "HasAns_f1_144000": 89.58756414874779, "HasAns_total_144000": 10570, "exact_146000": 82.5922421948912, "f1_146000": 89.55917321830348, "total_146000": 10570, "HasAns_exact_146000": 82.5922421948912, "HasAns_f1_146000": 89.55917321830348, "HasAns_total_146000": 10570, "exact_148000": 82.72469252601702, "f1_148000": 89.65789865046362, "total_148000": 10570, "HasAns_exact_148000": 82.72469252601702, "HasAns_f1_148000": 89.65789865046362, "HasAns_total_148000": 10570, "exact_150000": 82.62062440870388, "f1_150000": 89.62474766089359, "total_150000": 10570, "HasAns_exact_150000": 82.62062440870388, "HasAns_f1_150000": 89.62474766089359, "HasAns_total_150000": 10570, "exact_152000": 82.78145695364239, "f1_152000": 89.70632943914129, "total_152000": 10570, "HasAns_exact_152000": 82.78145695364239, "HasAns_f1_152000": 89.70632943914129, "HasAns_total_152000": 10570, "exact_154000": 82.8476821192053, "f1_154000": 89.76448919581574, "total_154000": 10570, "HasAns_exact_154000": 82.8476821192053, "HasAns_f1_154000": 89.76448919581574, "HasAns_total_154000": 10570, "exact_156000": 82.7057710501419, "f1_156000": 89.72271756772045, "total_156000": 10570, "HasAns_exact_156000": 82.7057710501419, "HasAns_f1_156000": 89.72271756772045, "HasAns_total_156000": 10570, "exact_158000": 82.78145695364239, "f1_158000": 89.78132857492945, "total_158000": 10570, "HasAns_exact_158000": 82.78145695364239, "HasAns_f1_158000": 89.78132857492945, "HasAns_total_158000": 10570, "exact_16000": 76.91579943235573, "f1_16000": 85.40910830920036, "total_16000": 10570, "HasAns_exact_16000": 76.91579943235573, "HasAns_f1_16000": 85.40910830920036, "HasAns_total_16000": 10570, "exact_160000": 82.78145695364239, "f1_160000": 89.77720924090859, "total_160000": 10570, "HasAns_exact_160000": 82.78145695364239, "HasAns_f1_160000": 89.77720924090859, "HasAns_total_160000": 10570, "exact_18000": 77.51182592242195, "f1_18000": 85.79048852280971, "total_18000": 10570, "HasAns_exact_18000": 77.51182592242195, "HasAns_f1_18000": 85.79048852280971, "HasAns_total_18000": 10570, "exact_2000": 65.11825922421949, "f1_2000": 75.55506657412286, "total_2000": 10570, "HasAns_exact_2000": 65.11825922421949, "HasAns_f1_2000": 75.55506657412286, "HasAns_total_2000": 10570, "exact_20000": 77.9848628192999, "f1_20000": 86.40627300903108, "total_20000": 10570, "HasAns_exact_20000": 77.9848628192999, "HasAns_f1_20000": 86.40627300903108, "HasAns_total_20000": 10570, "exact_22000": 78.76064333017976, "f1_22000": 86.83519072079083, "total_22000": 10570, "HasAns_exact_22000": 78.76064333017976, "HasAns_f1_22000": 86.83519072079083, "HasAns_total_22000": 10570, "exact_24000": 78.97824030274361, "f1_24000": 86.7042439183068, "total_24000": 10570, "HasAns_exact_24000": 78.97824030274361, "HasAns_f1_24000": 86.7042439183068, "HasAns_total_24000": 10570, "exact_26000": 78.77010406811732,