{"exact_10000": 70.06622516556291, "f1_10000": 80.07473062759226, "total_10000": 10570, "HasAns_exact_10000": 70.06622516556291, "HasAns_f1_10000": 80.07473062759226, "HasAns_total_10000": 10570, "exact_100000": 74.37086092715232, "f1_100000": 83.33487871297162, "total_100000": 10570, "HasAns_exact_100000": 74.37086092715232, "HasAns_f1_100000": 83.33487871297162, "HasAns_total_100000": 10570, "exact_102000": 73.55723746452223, "f1_102000": 82.88895613744992, "total_102000": 10570, "HasAns_exact_102000": 73.55723746452223, "HasAns_f1_102000": 82.88895613744992, "HasAns_total_102000": 10570, "exact_104000": 73.94512771996216, "f1_104000": 82.80079075429376, "total_104000": 10570, "HasAns_exact_104000": 73.94512771996216, "HasAns_f1_104000": 82.80079075429376, "HasAns_total_104000": 10570, "exact_106000": 74.38032166508988, "f1_106000": 82.83493714272358, "total_106000": 10570, "HasAns_exact_106000": 74.38032166508988, "HasAns_f1_106000": 82.83493714272358, "HasAns_total_106000": 10570, "exact_108000": 73.66130558183538, "f1_108000": 82.77832327680103, "total_108000": 10570, "HasAns_exact_108000": 73.66130558183538, "HasAns_f1_108000": 82.77832327680103, "HasAns_total_108000": 10570, "exact_110000": 74.03027436140019, "f1_110000": 82.8048564663858, "total_110000": 10570, "HasAns_exact_110000": 74.03027436140019, "HasAns_f1_110000": 82.8048564663858, "HasAns_total_110000": 10570, "exact_112000": 74.5600756859035, "f1_112000": 83.10829506974449, "total_112000": 10570, "HasAns_exact_112000": 74.5600756859035, "HasAns_f1_112000": 83.10829506974449, "HasAns_total_112000": 10570, "exact_114000": 73.65184484389782, "f1_114000": 82.76100341048146, "total_114000": 10570, "HasAns_exact_114000": 73.65184484389782, "HasAns_f1_114000": 82.76100341048146, "HasAns_total_114000": 10570, "exact_116000": 74.10596026490066, "f1_116000": 83.00561769261327, "total_116000": 10570, "HasAns_exact_116000": 74.10596026490066, "HasAns_f1_116000": 83.00561769261327, "HasAns_total_116000": 10570, "exact_118000": 74.64522232734153, "f1_118000": 83.384362701175, "total_118000": 10570, "HasAns_exact_118000": 74.64522232734153, "HasAns_f1_118000": 83.384362701175, "HasAns_total_118000": 10570, "exact_12000": 71.01229895931883, "f1_12000": 80.35402320198934, "total_12000": 10570, "HasAns_exact_12000": 71.01229895931883, "HasAns_f1_12000": 80.35402320198934, "HasAns_total_12000": 10570, "exact_120000": 74.57899716177862, "f1_120000": 83.49203961421351, "total_120000": 10570, "HasAns_exact_120000": 74.57899716177862, "HasAns_f1_120000": 83.49203961421351, "HasAns_total_120000": 10570, "exact_122000": 73.85998107852413, "f1_122000": 83.20548201727983, "total_122000": 10570, "HasAns_exact_122000": 73.85998107852413, "HasAns_f1_122000": 83.20548201727983, "HasAns_total_122000": 10570, "exact_124000": 73.79375591296122, "f1_124000": 83.01359475515898, "total_124000": 10570, "HasAns_exact_124000": 73.79375591296122, "HasAns_f1_124000": 83.01359475515898, "HasAns_total_124000": 10570, "exact_126000": 73.7748344370861, "f1_126000": 83.01092010088303, "total_126000": 10570, "HasAns_exact_126000": 73.7748344370861, "HasAns_f1_126000": 83.01092010088303, "HasAns_total_126000": 10570, "exact_128000": 74.19110690633869, "f1_128000": 83.09942729655046, "total_128000": 10570, "HasAns_exact_128000": 74.19110690633869, "HasAns_f1_128000": 83.09942729655046, "HasAns_total_128000": 10570, "exact_130000": 73.49101229895932, "f1_130000": 82.77032546129544, "total_130000": 10570, "HasAns_exact_130000": 73.49101229895932, "HasAns_f1_130000": 82.77032546129544, "HasAns_total_130000": 10570, "exact_132000": 74.25733207190162, "f1_132000": 83.25204813376894, "total_132000": 10570, "HasAns_exact_132000": 74.25733207190162, "HasAns_f1_132000": 83.25204813376894, "HasAns_total_132000": 10570, "exact_134000": 73.91674550614948, "f1_134000": 83.0340462694386, "total_134000": 10570, "HasAns_exact_134000": 73.91674550614948, "HasAns_f1_134000": 83.0340462694386, "HasAns_total_134000": 10570, "exact_136000": 74.02081362346263, "f1_136000": 82.93784599486125, "total_136000": 10570, "HasAns_exact_136000": 74.02081362346263, "HasAns_f1_136000": 82.93784599486125, "HasAns_total_136000": 10570, "exact_138000": 73.9829706717124, "f1_138000": 82.90380570708727, "total_138000": 10570, "HasAns_exact_138000": 73.9829706717124, "HasAns_f1_138000": 82.90380570708727, "HasAns_total_138000": 10570, "exact_14000": 71.48533585619678, "f1_14000": 80.89670174380764, "total_14000": 10570, "HasAns_exact_14000": 71.48533585619678, "HasAns_f1_14000": 80.89670174380764, "HasAns_total_14000": 10570, "exact_140000": 74.11542100283822, "f1_140000": 83.05134314990437, "total_140000": 10570, "HasAns_exact_140000": 74.11542100283822, "HasAns_f1_140000": 83.05134314990437, "HasAns_total_140000": 10570, "exact_142000": 73.68968779564806, "f1_142000": 82.89165525594036, "total_142000": 10570, "HasAns_exact_142000": 73.68968779564806, "HasAns_f1_142000": 82.89165525594036, "HasAns_total_142000": 10570, "exact_144000": 73.76537369914854, "f1_144000": 82.78986297714935, "total_144000": 10570, "HasAns_exact_144000": 73.76537369914854, "HasAns_f1_144000": 82.78986297714935, "HasAns_total_144000": 10570, "exact_146000": 74.0491958372753, "f1_146000": 83.01691064640191, "total_146000": 10570, "HasAns_exact_146000": 74.0491958372753, "HasAns_f1_146000": 83.01691064640191, "HasAns_total_146000": 10570, "exact_148000": 73.76537369914854, "f1_148000": 82.84675430382569, "total_148000": 10570, "HasAns_exact_148000": 73.76537369914854, "HasAns_f1_148000": 82.84675430382569, "HasAns_total_148000": 10570, "exact_150000": 73.57615894039735, "f1_150000": 82.74952017271936, "total_150000": 10570, "HasAns_exact_150000": 73.57615894039735, "HasAns_f1_150000": 82.74952017271936, "HasAns_total_150000": 10570, "exact_152000": 73.6329233680227, "f1_152000": 82.82769490892167, "total_152000": 10570, "HasAns_exact_152000": 73.6329233680227, "HasAns_f1_152000": 82.82769490892167, "HasAns_total_152000": 10570, "exact_154000": 73.64238410596026, "f1_154000": 82.78204205385731, "total_154000": 10570, "HasAns_exact_154000": 73.64238410596026, "HasAns_f1_154000": 82.78204205385731, "HasAns_total_154000": 10570, "exact_156000": 73.72753074739829, "f1_156000": 82.9006370168813, "total_156000": 10570, "HasAns_exact_156000": 73.72753074739829, "HasAns_f1_156000": 82.9006370168813, "HasAns_total_156000": 10570, "exact_158000": 73.71807000946073, "f1_158000": 82.86231057469128, "total_158000": 10570, "HasAns_exact_158000": 73.71807000946073, "HasAns_f1_158000": 82.86231057469128, "HasAns_total_158000": 10570, "exact_16000": 72.80983916745507, "f1_16000": 82.09578368566159, "total_16000": 10570, "HasAns_exact_16000": 72.80983916745507, "HasAns_f1_16000": 82.09578368566159, "HasAns_total_16000": 10570, "exact_160000": 73.70860927152317, "f1_160000": 82.85309557020663, "total_160000": 10570, "HasAns_exact_160000": 73.70860927152317, "HasAns_f1_160000": 82.85309557020663, "HasAns_total_160000": 10570, "exact_18000": 71.72185430463576, "f1_18000": 81.78019083148179, "total_18000": 10570, "HasAns_exact_18000": 71.72185430463576, "HasAns_f1_18000": 81.78019083148179, "HasAns_total_18000": 10570, "exact_2000": 54.210028382213814, "f1_2000": 65.41965662389515, "total_2000": 10570, "HasAns_exact_2000": 54.210028382213814, "HasAns_f1_2000": 65.41965662389515, "HasAns_total_2000": 10570, "exact_20000": 73.76537369914854, "f1_20000": 82.65344195887376, "total_20000": 10570, "HasAns_exact_20000": 73.76537369914854, "HasAns_f1_20000": 82.65344195887376, "HasAns_total_20000": 10570, "exact_22000": 73.7748344370861, "f1_22000": 82.57600776236956, "total_22000": 10570, "HasAns_exact_22000": 73.7748344370861, "HasAns_f1_22000": 82.57600776236956, "HasAns_total_22000": 10570, "exact_24000": 73.64238410596026, "f1_24000": 82.59785103882666, "total_24000": 10570, "HasAns_exact_24000": 73.64238410596026, "HasAns_f1_24000": 82.59785103882666, "HasAns_total_24000": 10570, "exact_26000": 74.92904446546831,