{"exact_10000": 62.432523616734144, "f1_10000": 74.03785629779301, "total_10000": 5928, "HasAns_exact_10000": 62.432523616734144, "HasAns_f1_10000": 74.03785629779301, "HasAns_total_10000": 5928, "exact_100000": 64.25438596491227, "f1_100000": 75.93034605900637, "total_100000": 5928, "HasAns_exact_100000": 64.25438596491227, "HasAns_f1_100000": 75.93034605900637, "HasAns_total_100000": 5928, "exact_102000": 63.512145748987855, "f1_102000": 75.60063359449366, "total_102000": 5928, "HasAns_exact_102000": 63.512145748987855, "HasAns_f1_102000": 75.60063359449366, "HasAns_total_102000": 5928, "exact_104000": 64.08569500674764, "f1_104000": 75.4079808320205, "total_104000": 5928, "HasAns_exact_104000": 64.08569500674764, "HasAns_f1_104000": 75.4079808320205, "HasAns_total_104000": 5928, "exact_106000": 63.88326585695007, "f1_106000": 75.19315946840376, "total_106000": 5928, "HasAns_exact_106000": 63.88326585695007, "HasAns_f1_106000": 75.19315946840376, "HasAns_total_106000": 5928, "exact_108000": 62.88798920377868, "f1_108000": 74.97011762132041, "total_108000": 5928, "HasAns_exact_108000": 62.88798920377868, "HasAns_f1_108000": 74.97011762132041, "HasAns_total_108000": 5928, "exact_110000": 63.19163292847503, "f1_110000": 74.92146925569583, "total_110000": 5928, "HasAns_exact_110000": 63.19163292847503, "HasAns_f1_110000": 74.92146925569583, "HasAns_total_110000": 5928, "exact_112000": 63.917004048582996, "f1_112000": 75.18150239000718, "total_112000": 5928, "HasAns_exact_112000": 63.917004048582996, "HasAns_f1_112000": 75.18150239000718, "HasAns_total_112000": 5928, "exact_114000": 63.47840755735493, "f1_114000": 75.14530233633934, "total_114000": 5928, "HasAns_exact_114000": 63.47840755735493, "HasAns_f1_114000": 75.14530233633934, "HasAns_total_114000": 5928, "exact_116000": 63.61336032388664, "f1_116000": 75.47418303004157, "total_116000": 5928, "HasAns_exact_116000": 63.61336032388664, "HasAns_f1_116000": 75.47418303004157, "HasAns_total_116000": 5928, "exact_118000": 63.444669365722, "f1_118000": 75.3168825958766, "total_118000": 5928, "HasAns_exact_118000": 63.444669365722, "HasAns_f1_118000": 75.3168825958766, "HasAns_total_118000": 5928, "exact_12000": 62.027665317139004, "f1_12000": 73.66547943907364, "total_12000": 5928, "HasAns_exact_12000": 62.027665317139004, "HasAns_f1_12000": 73.66547943907364, "HasAns_total_12000": 5928, "exact_120000": 63.630229419703106, "f1_120000": 75.55022192902851, "total_120000": 5928, "HasAns_exact_120000": 63.630229419703106, "HasAns_f1_120000": 75.55022192902851, "HasAns_total_120000": 5928, "exact_122000": 63.74831309041836, "f1_122000": 75.64392157828944, "total_122000": 5928, "HasAns_exact_122000": 63.74831309041836, "HasAns_f1_122000": 75.64392157828944, "HasAns_total_122000": 5928, "exact_124000": 63.73144399460189, "f1_124000": 75.4183520207679, "total_124000": 5928, "HasAns_exact_124000": 63.73144399460189, "HasAns_f1_124000": 75.4183520207679, "HasAns_total_124000": 5928, "exact_126000": 63.46153846153846, "f1_126000": 75.37827262926186, "total_126000": 5928, "HasAns_exact_126000": 63.46153846153846, "HasAns_f1_126000": 75.37827262926186, "HasAns_total_126000": 5928, "exact_128000": 63.81578947368421, "f1_128000": 75.56276374184351, "total_128000": 5928, "HasAns_exact_128000": 63.81578947368421, "HasAns_f1_128000": 75.56276374184351, "HasAns_total_128000": 5928, "exact_130000": 63.42780026990553, "f1_130000": 75.35756395190441, "total_130000": 5928, "HasAns_exact_130000": 63.42780026990553, "HasAns_f1_130000": 75.35756395190441, "HasAns_total_130000": 5928, "exact_132000": 63.76518218623482, "f1_132000": 75.46235335947952, "total_132000": 5928, "HasAns_exact_132000": 63.76518218623482, "HasAns_f1_132000": 75.46235335947952, "HasAns_total_132000": 5928, "exact_134000": 63.798920377867745, "f1_134000": 75.48021801575234, "total_134000": 5928, "HasAns_exact_134000": 63.798920377867745, "HasAns_f1_134000": 75.48021801575234, "HasAns_total_134000": 5928, "exact_136000": 63.512145748987855, "f1_136000": 75.2428732552325, "total_136000": 5928, "HasAns_exact_136000": 63.512145748987855, "HasAns_f1_136000": 75.2428732552325, "HasAns_total_136000": 5928, "exact_138000": 63.73144399460189, "f1_138000": 75.28919224388409, "total_138000": 5928, "HasAns_exact_138000": 63.73144399460189, "HasAns_f1_138000": 75.28919224388409, "HasAns_total_138000": 5928, "exact_14000": 63.09041835357625, "f1_14000": 74.55342285752569, "total_14000": 5928, "HasAns_exact_14000": 63.09041835357625, "HasAns_f1_14000": 74.55342285752569, "HasAns_total_14000": 5928, "exact_140000": 63.917004048582996, "f1_140000": 75.34213333479896, "total_140000": 5928, "HasAns_exact_140000": 63.917004048582996, "HasAns_f1_140000": 75.34213333479896, "HasAns_total_140000": 5928, "exact_142000": 63.59649122807018, "f1_142000": 75.30618580334466, "total_142000": 5928, "HasAns_exact_142000": 63.59649122807018, "HasAns_f1_142000": 75.30618580334466, "HasAns_total_142000": 5928, "exact_144000": 63.630229419703106, "f1_144000": 75.17862272448153, "total_144000": 5928, "HasAns_exact_144000": 63.630229419703106, "HasAns_f1_144000": 75.17862272448153, "HasAns_total_144000": 5928, "exact_146000": 63.444669365722, "f1_146000": 75.05304544047712, "total_146000": 5928, "HasAns_exact_146000": 63.444669365722, "HasAns_f1_146000": 75.05304544047712, "HasAns_total_146000": 5928, "exact_148000": 63.242240215924426, "f1_148000": 74.97279523883921, "total_148000": 5928, "HasAns_exact_148000": 63.242240215924426, "HasAns_f1_148000": 74.97279523883921, "HasAns_total_148000": 5928, "exact_150000": 63.647098515519566, "f1_150000": 75.27606832146664, "total_150000": 5928, "HasAns_exact_150000": 63.647098515519566, "HasAns_f1_150000": 75.27606832146664, "HasAns_total_150000": 5928, "exact_152000": 63.394062078272604, "f1_152000": 75.16478669504986, "total_152000": 5928, "HasAns_exact_152000": 63.394062078272604, "HasAns_f1_152000": 75.16478669504986, "HasAns_total_152000": 5928, "exact_154000": 63.444669365722, "f1_154000": 75.20661430844454, "total_154000": 5928, "HasAns_exact_154000": 63.444669365722, "HasAns_f1_154000": 75.20661430844454, "HasAns_total_154000": 5928, "exact_156000": 63.663967611336034, "f1_156000": 75.31231798059494, "total_156000": 5928, "HasAns_exact_156000": 63.663967611336034, "HasAns_f1_156000": 75.31231798059494, "HasAns_total_156000": 5928, "exact_158000": 63.512145748987855, "f1_158000": 75.2317149915911, "total_158000": 5928, "HasAns_exact_158000": 63.512145748987855, "HasAns_f1_158000": 75.2317149915911, "HasAns_total_158000": 5928, "exact_16000": 64.23751686909581, "f1_16000": 75.57915249659514, "total_16000": 5928, "HasAns_exact_16000": 64.23751686909581, "HasAns_f1_16000": 75.57915249659514, "HasAns_total_16000": 5928, "exact_160000": 63.57962213225371, "f1_160000": 75.1890907257702, "total_160000": 5928, "HasAns_exact_160000": 63.57962213225371, "HasAns_f1_160000": 75.1890907257702, "HasAns_total_160000": 5928, "exact_18000": 63.124156545209175, "f1_18000": 74.92674661343123, "total_18000": 5928, "HasAns_exact_18000": 63.124156545209175, "HasAns_f1_18000": 74.92674661343123, "HasAns_total_18000": 5928, "exact_2000": 53.205128205128204, "f1_2000": 64.73151050226714, "total_2000": 5928, "HasAns_exact_2000": 53.205128205128204, "HasAns_f1_2000": 64.73151050226714, "HasAns_total_2000": 5928, "exact_20000": 64.13630229419704, "f1_20000": 75.752708379734, "total_20000": 5928, "HasAns_exact_20000": 64.13630229419704, "HasAns_f1_20000": 75.752708379734, "HasAns_total_20000": 5928, "exact_22000": 64.18690958164642, "f1_22000": 75.37297227700681, "total_22000": 5928, "HasAns_exact_22000": 64.18690958164642, "HasAns_f1_22000": 75.37297227700681, "HasAns_total_22000": 5928, "exact_24000": 64.0519568151147, "f1_24000": 75.51338448933284, "total_24000": 5928, "HasAns_exact_24000": 64.0519568151147, "HasAns_f1_24000": 75.51338448933284, "HasAns_total_24000": 5928, "exact_26000": 64.64237516869096, "f1_26000": 76.05511516302306, "total_26000": 5928,