{"exact_2000": 51.266137040714995, "f1_2000": 63.16952337470851, "total_2000": 4028, "HasAns_exact_2000": 51.266137040714995, "HasAns_f1_2000": 63.16952337470851, "HasAns_total_2000": 4028, "exact_4000": 54.716981132075475, "f1_4000": 66.68943887537496, "total_4000": 4028, "HasAns_exact_4000": 54.716981132075475, "HasAns_f1_4000": 66.68943887537496, "HasAns_total_4000": 4028, "exact_6000": 56.405163853028796, "f1_6000": 67.81364189585646, "total_6000": 4028, "HasAns_exact_6000": 56.405163853028796, "HasAns_f1_6000": 67.81364189585646, "HasAns_total_6000": 4028, "exact_8000": 58.440913604766635, "f1_8000": 70.15808698387427, "total_8000": 4028, "HasAns_exact_8000": 58.440913604766635, "HasAns_f1_8000": 70.15808698387427, "HasAns_total_8000": 4028}