{"exact": 47.36341138397106, "f1": 68.68430062508834, "total": 5253, "HasAns_exact": 47.36341138397106, "HasAns_f1": 68.68430062508834, "HasAns_total": 5253}