{"exact": 48.01066057490957, "f1": 69.42687579258101, "total": 5253, "HasAns_exact": 48.01066057490957, "HasAns_f1": 69.42687579258101, "HasAns_total": 5253}