{"exact": 62.10084033613445, "f1": 79.79675031292162, "total": 1190, "HasAns_exact": 62.10084033613445, "HasAns_f1": 79.79675031292162, "HasAns_total": 1190}