{"exact": 62.857142857142854, "f1": 80.41792881391436, "total": 1190, "HasAns_exact": 62.857142857142854, "HasAns_f1": 80.41792881391436, "HasAns_total": 1190}